dates,s1,s2,s3,s4,s5,s6
1984-10-15,-1.225558519363403,-0.0314090512692928,-1.865376710891724,-1.7402831315994265,-3.0759148597717285,-3.1750600337982178
1991-02-24,0.463118702173233,0.437376320362091,0.6821157336235046,0.5976487994194031,1.455104112625122,-1.361523985862732
1987-10-08,-1.7296242713928225,-0.3030008673667907,0.005556562449783,-1.8861610889434812,-1.999680757522583,-0.9599088430404664
2001-10-14,-0.3786661326885223,-0.4425941407680511,0.4678409695625305,-0.9472336173057556,-0.0033192648552358,-0.655562698841095
2002-06-14,0.2208326756954193,-1.171699285507202,-1.9255194664001465,-2.042440176010132,-1.9862905740737915,-2.6525917053222656
1982-06-28,-1.110480546951294,-0.774682879447937,-2.4834988117218018,0.0263059269636869,0.1171954646706581,-1.494438648223877
1983-11-28,-0.3351159393787384,-0.7037553787231445,-0.6763215661048889,-0.8074279427528381,-1.274614334106445,-1.3380264043807983
1982-05-09,0.12794229388237,-0.6704176664352417,-0.5018159747123718,-0.7200303673744202,-1.854490876197815,2.9307358264923096
1999-09-12,2.8863704204559326,0.4395621418952942,3.7119293212890634,-0.0520683787763118,2.917065143585205,1.7655375003814695
1996-11-04,-2.05840277671814,0.5111696720123291,-1.8117773532867432,-1.400487184524536,-1.793848991394043,-1.70857572555542
2006-05-27,-0.2441579550504684,0.0795010104775428,-0.0007957526831887,0.0334693454205989,-0.2073142379522323,1.4527405500411987
2004-03-28,-2.28277325630188,-2.498361587524414,1.1303118467330933,0.8398429751396179,-0.616499662399292,1.1389766931533811
1996-12-28,0.3576085567474365,-1.2291936874389648,1.093245506286621,0.3920094668865204,1.5339454412460327,0.3444789946079254
1984-02-01,1.2975308895111084,0.3754007220268249,0.8671140670776367,0.2219439893960952,1.191339135169983,1.2018953561782837
2006-03-30,0.1584606915712356,-1.157232642173767,0.6777230501174927,0.2821635603904724,0.1978015005588531,0.1102163568139076
2003-07-24,0.0149984648451209,3.325183868408203,2.236197233200073,2.8952081203460693,4.207833290100098,2.300825595855713
1992-12-26,0.0640194118022918,-0.0031975083984434,-0.30282062292099,0.1722004562616348,-0.1822193562984466,-1.2114319801330566
2004-02-17,1.2304120063781738,-2.135033130645752,1.9115711450576784,0.973902463912964,1.540306806564331,-0.2887282073497772
1993-09-10,-0.969485342502594,2.6698124408721924,-0.3286837935447693,0.198149561882019,0.2862639427185058,-2.282503128051758
2001-01-17,1.5625858306884766,-0.1543261706829071,0.7246319651603699,0.789635956287384,2.1379482746124268,-0.8877769112586975
1988-01-21,-0.127416580915451,-0.7743212580680847,0.2246319651603698,0.529626190662384,0.927926242351532,0.4122413694858551
1991-11-29,-0.9409132599830629,0.6823193430900574,-0.6969136595726013,-1.1809848546981812,-0.6616073846817017,0.6285496354103088
1990-09-26,-1.3770921230316162,0.5489506721496582,1.7972332239151,-0.0179236698895692,-0.2342924177646637,1.9175995588302608
2000-12-04,0.3197890222072601,0.0961454212665557,-0.0785100311040878,-0.3139730095863342,0.3384655117988586,-0.2733067274093628
1986-04-07,0.6049069762229919,-2.0893054008483887,0.0345466136932373,0.6045125126838684,0.6804450750350952,-1.0976574420928955
1989-06-28,0.9871199727058412,0.3999102711677551,-0.4882214665412903,-0.8756682276725769,3.339538335800171,0.9359400868415833
1985-09-09,0.2894101738929748,0.2224632054567337,-1.039464831352234,1.9471946954727173,-0.172847718000412,-0.8073267936706543
1990-10-22,0.04468809440732,2.684042692184448,0.7239326238632202,-1.2927532196044922,-2.302940607070923,-0.8613904118537903
2007-09-14,-1.3398641347885132,2.3682701587677,0.669788122177124,-1.0022412538528442,-2.062373638153076,2.7066922187805176
1987-10-02,-1.2166208028793335,0.332978755235672,0.0793921425938606,-0.7413914799690247,-2.0941662788391118,-2.275595664978028
2002-08-14,3.9724180698394775,-1.358881950378418,3.127248287200928,2.5826590061187744,2.6429154872894287,-0.3139500319957733
2006-03-04,0.4594748020172119,0.0193735398352146,1.979673981666565,0.8117937445640564,1.0402538776397705,1.108953833580017
1997-05-26,-0.9299483299255372,-2.174411535263061,-3.281199216842652,-1.3501393795013428,-2.7050817012786865,-2.0704288482666016
1983-03-12,0.5153771042823792,0.7133634686470032,1.2280100584030151,0.7584398984909058,0.9006615877151489,0.2982949614524841
1996-06-17,0.6760790944099426,0.3729349672794342,-0.6646668314933777,-2.0322418212890625,0.6988222002983093,-0.1802826523780822
2007-10-16,-1.211802363395691,2.204698324203491,-1.2949565649032593,-0.6483763456344604,-2.1787712574005127,2.57381010055542
1994-10-15,-1.242077350616455,-0.5331640243530273,-2.534828424453736,-0.7422453761100769,-2.74558424949646,-0.2231646180152893
1991-09-19,-1.714943528175354,1.02629554271698,-2.340361833572388,-1.3699332475662231,-1.0215283632278442,-2.761897087097168
1995-07-30,3.779233932495117,0.857048749923706,0.1233772560954094,2.292932748794556,4.027041435241699,-3.0735085010528564
2000-02-07,2.2430508136749268,0.281184434890747,1.8572156429290767,0.8534517288208008,1.5517467260360718,1.3988810777664185
1986-05-13,-0.854681134223938,2.0447518825531006,-1.162856101989746,-0.6098954677581787,-0.6645520925521851,0.2932555377483368
1998-11-02,-2.019904136657715,-1.309643030166626,-1.496845006942749,-0.2504307925701141,-1.2552088499069214,-1.499516844749451
1988-07-20,0.5720868110656738,-0.3254750370979309,1.0308477878570557,1.094860553741455,1.1335582733154297,3.982525110244751
1998-02-16,-0.5460216999053955,-0.189656525850296,1.0730255842208862,0.6509845852851868,1.5470848083496094,0.9690178632736206
2001-04-20,-1.9104883670806885,2.825943946838379,-1.4172475337982178,-0.5196692943572998,-1.9106191396713257,-0.676258385181427
2005-05-10,-1.473350167274475,2.0576674938201904,0.1211468204855918,0.146157294511795,-0.4108218550682068,-0.1359971463680267
1989-02-08,0.6025611162185669,-1.775507569313049,0.2903921902179718,0.6966003179550171,1.4624338150024414,0.0030680461786687
2005-06-06,-2.926938056945801,-1.8955389261245728,-0.2064295262098312,-0.0780609771609306,-0.7301878333091736,0.0027956985868513
1991-08-29,-2.1356759071350098,1.475566267967224,-0.0373807959258556,-0.6045357584953308,-0.5075368881225586,2.346099138259888
1999-11-03,-0.0894462093710899,1.935476779937744,-3.229771137237549,-0.5156416893005371,-1.7247878313064575,-1.9443838596343996
1991-06-27,0.5729113221168518,-4.887710571289063,-3.601331949234009,-1.8149333000183103,4.697544097900391,-4.81454610824585
2006-11-05,-0.3916012346744537,-1.9086356163024905,0.4776225090026855,-0.0430149137973785,-0.1683510094881057,2.19299578666687
1984-09-10,-0.5618771314620972,1.2668604850769043,1.1285799741744995,0.2598817348480224,0.8844152688980103,0.6394440531730652
1987-07-11,4.03947114944458,1.2602015733718872,-1.1832300424575806,-1.1496261358261108,2.3268744945526123,-1.256670355796814
1994-05-06,-0.7520320415496826,-1.7404249906539917,-1.4918062686920166,-1.1100449562072754,-2.9045093059539795,-3.9192397594451904
1995-12-03,-0.0317208729684352,-0.0081528527662158,0.0828742757439613,-0.5881733298301697,-0.4084128439426422,-0.351524293422699
1982-09-22,-1.7984418869018557,-0.7243595123291016,-0.258390873670578,0.0833462625741958,-2.2484335899353027,2.170939922332764
1985-12-31,0.8076207637786865,0.5808038711547852,-1.556778907775879,-0.1479990631341934,-0.1460472196340561,-1.925510048866272
1991-01-07,0.3027428984642029,4.267958164215088,0.2859542965888977,0.45592001080513,0.4455651342868805,-0.4860730469226837
1999-04-10,-0.4377988874912262,3.916428327560425,0.4391357600688934,-0.0517088361084461,-1.3506720066070557,1.522674560546875
1986-06-22,1.4437004327774048,2.649456024169922,-2.311111688613892,-1.2005155086517334,-0.620577335357666,-1.8964967727661133
1994-05-09,-1.2179521322250366,2.880150079727173,-2.2898995876312256,-1.537039279937744,-3.5293726921081543,-3.819818019866944
2002-09-06,3.2881288528442383,-0.4231419265270233,2.37857985496521,-0.7001402378082275,0.9744116067886353,2.569467306137085
1995-12-19,0.5749011039733887,-1.3348098993301392,-0.8729145526885986,-0.3145707547664642,-0.8276371359825134,-0.7007180452346802
1982-09-21,-1.894936203956604,-0.5337324738502502,-0.2903739213943481,0.2600716352462768,-1.4715100526809692,2.398106575012207
1987-03-05,-0.262367695569992,-1.1154165267944336,0.756256639957428,0.6565285325050354,1.1994670629501345,-0.0175423007458448
1988-08-15,0.643819272518158,1.5782160758972168,3.0354034900665283,1.184577465057373,3.1399245262146,2.0211122035980225
1983-08-18,1.842297077178955,-0.7310323715209961,3.56024169921875,-1.3368651866912842,1.6050937175750732,1.3028758764266968
1988-06-01,-1.1321684122085571,-0.4925022423267364,-0.0307900756597518,-1.9252270460128784,-0.9369712471961976,-0.2331465929746627
1997-11-25,-1.1370724439620972,0.2082533240318298,-1.7666469812393188,-0.5185859203338623,-0.4231138527393341,-1.4926927089691162
1994-09-11,-1.2858591079711914,-0.6916438937187195,2.026005983352661,-0.2762231230735779,-0.6692047715187073,1.578693151473999
1996-11-22,-2.011094093322754,-4.917519569396973,0.2748943865299225,-0.8350688815116882,0.1511827856302261,0.2319024354219436
1990-06-13,-0.2233539670705795,-0.6559506058692932,-2.0302560329437256,-1.5088088512420654,-0.9011608362197876,-0.9637160897254944
2005-11-18,0.0733561962842941,2.0391359329223637,0.0371620990335941,-0.652538537979126,0.4456261992454529,-1.4671263694763184
2005-08-02,-0.9794278144836426,0.1121931970119476,2.207105875015259,3.681871652603149,4.531980514526367,2.5268986225128174
1996-02-08,-1.0669468641281128,-0.0488326549530029,1.2472302913665771,0.4934663772583008,1.5217479467391968,1.6488810777664185
2001-03-14,-0.1258232146501541,0.4387789964675903,0.7977232336997986,0.6657596230506897,0.5406651496887207,0.2546688914299011
1985-07-24,0.363653153181076,0.7822766900062561,0.048348382115364,0.6714175939559937,2.408109426498413,0.5237611532211304
2001-01-08,1.705076813697815,-0.2141695320606231,0.0711510926485061,0.5572671890258789,2.258192777633667,-0.4852181077003479
2002-05-24,-1.321890354156494,-2.802438735961914,-2.9616055488586426,-1.6613024473190308,-2.7233572006225586,-3.0051944255828857
1999-06-30,3.5725297927856445,-3.3625564575195312,0.7646386623382568,0.846797525882721,5.105079650878906,-0.7961668372154236
2004-10-04,0.3828831315040588,-0.7917022109031677,-1.4869660139083862,-0.9675294160842896,-2.1911063194274902,4.24715518951416
2004-09-02,1.146994709968567,0.6878374218940735,1.5111119747161863,2.694822072982788,1.130008339881897,0.893503725528717
1989-11-18,-0.3655471205711365,0.0445293076336383,-2.364064693450928,-1.0065354108810425,-1.7081047296524048,-1.4312973022460938
1993-02-04,0.6715900301933289,0.7464434504508972,0.4674498736858368,0.4601906836032867,1.3887187242507937,-1.9723200798034668
1992-01-07,0.4827355742454529,0.1279434114694595,-0.4640457034111023,0.19591024518013,0.2455834299325943,0.3439135253429413
2004-09-01,0.9732783436775208,1.1476284265518188,2.0397090911865234,1.745163917541504,0.9001931548118591,2.0111396312713623
1998-02-10,-0.7952130436897278,1.08320951461792,1.2151100635528564,0.5882012844085693,1.553990125656128,0.7280930280685425
1988-07-15,2.535551071166992,1.3798264265060425,1.5646439790725708,-0.4867367148399353,0.7624632716178894,1.6510809659957886
2007-03-01,1.748099684715271,-0.0420980937778949,1.7304691076278689,0.7093454003334045,1.2359338998794556,0.2938010990619659
2004-09-03,1.332360029220581,0.3794399797916412,1.054719090461731,2.085510492324829,1.0623315572738647,0.91733318567276
2007-10-19,-0.7855694890022278,0.6699787378311157,-1.6344852447509766,-0.5040851831436157,-2.113297939300537,2.062506675720215
2000-05-01,-0.9517576098442078,0.3641096353530884,-0.1221775040030479,-0.8462247848510742,-2.034127950668335,-0.0850054398179054
1995-05-05,-0.3812786042690277,-0.8950182795524597,-1.5342777967453003,-0.8950626254081726,-0.7738146185874939,-0.7137840986251831
1990-09-10,1.6084792613983154,0.96263986825943,1.3088480234146118,0.5235375761985779,0.5941193103790283,-2.072251319885254
2005-08-19,1.2581292390823364,1.2330724000930786,1.875101089477539,-1.0891085863113403,2.515320062637329,1.9349843263626096
1990-02-06,1.4768247604370115,-1.0928895473480225,0.1604969352483749,0.6399485468864441,1.4159013032913208,-1.882540583610535
1990-03-30,-0.5196687579154968,0.7956932783126831,-0.1948348581790924,0.0741927102208137,-0.3784720301628113,-1.3076125383377075
1986-07-31,0.9359565377235411,0.7072502970695496,0.5112581253051758,0.7596598267555237,0.583487868309021,0.3457775413990021
2002-09-13,0.3550251126289367,0.076210469007492,-1.0234633684158323,-1.144065499305725,0.0127103487029671,-0.2417608797550201
1997-08-31,0.96218603849411,-1.1045867204666138,-0.1110114157199859,2.2821145057678223,1.1058416366577148,1.0229636430740356
1997-11-05,-0.9667176604270936,0.2674190998077392,-0.5828336477279663,-1.094986081123352,-0.462437242269516,-1.8020329475402832
2002-03-25,-0.1623635590076446,1.7948702573776243,0.4220753312110901,0.3251023888587951,-0.2283462584018707,0.3204104006290436
1982-05-07,0.5388087630271912,-0.7701493501663208,-0.5277355313301086,-0.6704695820808411,-2.0936782360076904,2.9009814262390137
2006-03-08,0.6346573829650879,0.0617656297981739,1.88746440410614,0.7311292290687561,0.7812456488609314,0.7917545437812805
1987-04-13,-1.5078061819076538,-1.7435752153396606,0.0391418747603893,0.2282899469137191,-0.8306830525398254,1.8826904296875
1982-08-10,0.1100871264934539,1.0008834600448608,1.071046233177185,1.942383050918579,-1.2924021482467651,1.227317214012146
1995-07-05,3.07281231880188,0.7570933699607849,-1.4344093799591064,-1.6914948225021362,1.040199637413025,-1.3775088787078855
1989-07-22,2.231783628463745,0.971932053565979,1.340792894363403,0.9450744390487672,1.6042286157608032,-1.4377120733261108
1985-10-13,-0.8143040537834167,-1.0856660604476929,-1.1493998765945437,-2.045579195022583,-0.5204883217811584,-1.9024134874343872
1981-10-07,-2.350714683532715,-3.4822583198547363,-0.973951518535614,-0.6810961961746216,-1.0016740560531616,1.7097383737564087
1984-04-10,-0.1006640046834945,-1.91153621673584,1.2448219060897827,-0.2801956832408905,-0.6726965308189392,-0.5769842267036438
1987-09-04,0.5908621549606323,0.2514140009880066,1.0736615657806396,0.5587815046310425,-0.9918934106826782,0.3808621764183044
1996-10-22,-1.7948485612869265,-1.2232294082641602,-1.6615346670150757,-1.91483736038208,-2.212607860565185,-1.5326014757156372
1984-06-02,-0.4621550440788269,-1.862497329711914,0.1192038208246231,-2.555231809616089,-1.5269675254821775,2.1368484497070312
1981-10-29,-2.037100315093994,-2.5180976390838623,-0.0946848094463348,-1.2239190340042114,-2.3343632221221924,-0.4522021114826202
2000-12-22,0.6908499598503113,-0.2992242574691772,-0.338465929031372,0.1197611987590789,1.65847909450531,0.1083807423710823
1983-05-02,-0.7114255428314209,-0.1851704716682434,0.4492498636245727,-1.2834851741790771,-1.0127376317977903,2.4931464195251465
1987-09-20,0.5450661778450012,1.52629554271698,0.7596443891525269,0.7000740766525269,-0.9115124940872192,0.588109016418457
2007-03-19,0.504748523235321,2.150733232498169,0.6187962293624878,0.5918790698051453,0.1657681763172149,1.7063353061676023
1985-03-28,1.1040719747543335,-1.2574113607406616,-0.292504608631134,0.2742303013801574,-0.2313383221626281,-1.9276279211044312
1982-11-25,-0.2389399707317352,-0.8792611360549927,-0.3841274082660675,-1.063823103904724,-1.5714598894119265,-0.1327528059482574
1998-07-25,2.864974021911621,0.5751838088035583,1.5562044382095337,2.20520567893982,2.1778347492218018,1.140821933746338
1986-07-17,-0.5916545391082764,-1.887328028678894,-0.8193027377128601,0.4640313386917114,0.9801334738731384,-1.9345920085906985
2001-12-28,1.440381407737732,0.7607255578041077,0.976463258266449,0.9008395671844482,1.1658021211624146,0.3118936419486999
1998-11-27,-1.590907096862793,-1.4476855993270874,-0.4969014227390289,-0.0609897561371326,-1.4416061639785769,-1.671438217163086
1982-09-27,-1.1027737855911257,-0.1181404069066047,-0.4771628677845001,-1.316616773605347,-2.050277709960937,0.916327178478241
1988-09-09,-1.7718685865402222,0.0268702898174524,1.6186007261276243,2.0798585414886475,-1.9055932760238647,-0.7405303120613098
1983-08-30,1.2440789937973022,-0.6733968257904053,-0.2408663481473922,-0.1361628621816635,1.1430997848510742,1.685594916343689
1991-09-25,-1.0427762269973757,-1.188117265701294,-2.2271628379821777,-1.2266204357147217,-2.3702850341796875,-1.9736568927764893
2005-09-02,1.026999592781067,3.1178300380706787,5.381106853485107,1.304837942123413,3.4900240898132324,2.7435097694396973
1984-11-16,0.6655588746070862,0.3536842763423919,-0.6325110197067261,-1.870591640472412,-0.659226655960083,-0.6877151727676392
2002-07-14,0.9423832297325134,-2.6734189987182617,0.3683188259601593,-0.0844094455242157,-0.6599346995353699,0.4106956422328949
1984-02-21,0.4080035984516144,0.1633502095937729,1.278386116027832,0.5479626655578613,1.530032753944397,-0.2091398388147354
1992-03-09,-0.9646033644676208,1.9733426570892332,0.4979990422725677,0.6284350156784058,0.9006615877151489,1.028306007385254
2007-03-17,0.4708469808101654,3.792033672332764,0.7769486904144287,0.6802520155906677,0.256357342004776,1.0648492574691772
2005-06-29,0.1111382767558097,-3.2813363075256348,-0.8169040083885193,0.7688232660293579,-0.173980101943016,-1.3725671768188477
1992-11-14,-1.754423975944519,0.3536842763423919,-2.4525182247161865,-2.040574550628662,-3.109238862991333,-3.6977248191833496
2006-12-02,1.7928591966629028,-0.2450977265834808,0.9421623945236206,0.3881067931652069,1.2736791372299194,1.9306702613830569
1990-12-14,0.2691352963447571,-1.2421053647994995,-1.18200945854187,-0.3949104845523834,-0.22602578997612,1.1554476022720337
2006-07-04,0.3190000653266907,0.7268919348716736,1.1135313510894775,2.95810604095459,0.819453775882721,2.156291961669922
1989-09-05,1.043285608291626,-0.3523715436458587,0.939733624458313,-0.4948568940162658,-3.399794578552246,0.9311530590057372
1996-06-07,-1.8307344913482664,-1.394821286201477,-2.41778564453125,-1.990665316581726,-0.1077925488352775,1.318578839302063
1991-01-23,1.104916214942932,0.2528991103172302,0.0993368178606033,0.6093775629997253,0.8626796007156372,-1.0438708066940308
1988-10-06,-2.8708508014678955,-1.353198528289795,-0.1901147663593292,-0.5340343117713928,-3.676548719406128,-0.6157063245773315
1989-05-31,-0.5441762804985046,3.149508237838745,-0.2307762205600738,-1.196541666984558,-0.8073203563690186,-0.5772581696510315
1984-08-27,3.1586475372314453,2.122969388961792,2.1588501930236816,1.233643889427185,2.262122631072998,2.0889382362365723
1992-03-26,-2.015923023223877,0.4925885796546936,-0.0324948467314243,0.2842400670051574,-0.4113309979438782,-2.3576207160949707
1999-02-14,0.920869529247284,2.9901411533355717,1.585732102394104,1.0240609645843506,1.5532957315444946,4.181034564971924
2007-04-22,-1.7740412950515747,-2.2556140422821045,-1.3581264019012451,-0.3081825375556946,-2.2243072986602783,-0.0023840924259275
1997-05-25,-0.7419037222862244,-2.142435073852539,-3.1016201972961426,-1.3813036680221558,-2.0033559799194336,-2.175177335739136
1984-09-22,-0.9003979563713074,0.1162961348891258,-1.564322829246521,-0.2124779671430587,-1.593119978904724,-0.0147923752665519
1995-04-28,-1.145790457725525,-0.2541961073875427,-1.2707372903823853,-0.951423704624176,-1.446791410446167,-0.0069065322168171
1989-07-13,1.0035927295684814,0.3070867657661438,1.5570794343948364,0.2839452028274536,0.2537484765052795,-3.4247167110443115
2005-03-17,-0.7291651964187622,-0.2579541206359863,1.4869401454925537,0.4502410590648651,0.1263829916715622,0.7048333883285522
2004-04-05,-2.720689535140991,2.45845890045166,0.6948341131210327,0.2997908890247345,-0.9327062964439392,0.5230218768119812
1995-12-07,0.0964468643069267,0.0672181025147438,-0.5593872666358948,-0.7462825179100037,-1.757693648338318,-0.8873597979545593
1998-01-06,0.747502863407135,0.3212976455688476,-0.0806605443358421,0.4697944223880768,0.4618779122829437,-0.3845850527286529
1990-10-04,-1.4592678546905518,0.5598037242889404,1.944046139717102,0.1426044553518295,1.5849746465682983,0.4464615881443023
2007-02-12,2.4608476161956787,0.6901534795761108,1.495735764503479,0.7140634655952454,1.7032896280288696,2.021030902862549
1998-02-08,-0.658077597618103,0.1765334606170654,1.111977458000183,0.5593487620353699,1.5384560823440552,0.2233334630727768
1987-12-16,-0.6668985486030579,-1.6831456422805786,-0.8756507039070129,-0.2389855533838272,-0.4897141754627228,0.2201992720365524
2005-01-21,1.2828742265701294,-0.6546986103057861,1.513649821281433,0.4716254770755768,1.1503825187683103,0.4464847147464752
2007-07-29,1.6002506017684937,1.5003644227981567,1.8234230279922483,2.4522013664245605,5.141782283782959,0.8115715980529785
1982-04-19,-1.5205434560775757,2.165850877761841,-0.7740060687065125,-0.2883349061012268,-1.5042662620544434,-1.7613078355789185
2004-06-06,-2.346920967102051,-1.2355352640151978,-2.5764551162719727,-0.8880585432052612,-3.3001952171325684,-2.827221393585205
1988-06-29,-0.4978342056274414,0.3782401084899902,0.0359207615256309,-0.7658692598342896,-0.4067377746105194,2.1669864654541016
1989-06-05,0.8869592547416687,0.8701765537261963,-0.6404638886451721,-1.149094581604004,-0.4988093674182892,-0.9973621964454652
1999-02-05,1.190512776374817,5.406459331512451,1.0014867782592771,0.8987666368484497,1.5004730224609375,0.765946626663208
1981-11-23,-1.114185094833374,-1.9423030614852903,-0.5912343859672546,-0.6511854529380798,-1.107572317123413,-0.4111772775650024
1995-10-16,-1.1386454105377195,-0.6625953912734985,-0.6121761202812195,-0.1172470152378082,-1.403313159942627,-0.4855492711067199
2000-09-19,1.2092183828353882,1.0282338857650757,2.1718525886535645,1.48260760307312,0.5043542981147766,0.1208705157041549
1989-02-18,0.3139636218547821,-0.449666291475296,0.5630158185958862,0.6309955716133118,1.5371055603027344,-0.3209907114505768
2007-04-09,-1.1859724521636963,-3.09967041015625,-0.5761880278587341,-0.0036270872224122,-1.5864757299423218,0.6501988768577576
1999-11-05,-0.016705447807908,1.0474178791046145,-2.812844753265381,-1.354995846748352,-1.4324384927749634,-2.312042713165283
1981-09-23,-0.2103954851627349,-0.2337099611759185,0.8156821131706238,0.427506148815155,0.5468641519546509,0.4651880860328674
1986-01-06,1.1000025272369385,-2.9213829040527344,-0.8147961497306824,0.0561846978962421,0.0968566834926605,-1.2714605331420898
1987-07-13,3.214413642883301,0.3871712982654571,2.285536766052246,-1.184631109237671,1.8826360702514648,-1.0762479305267334
1998-02-26,-0.8911142349243164,2.867280960083008,1.307065725326538,0.9751604795455932,1.3479846715927124,1.0722531080245972
2002-07-08,2.8663642406463623,0.6882094740867615,0.8654471039772034,0.0775163024663925,0.9136935472488404,0.9031142592430116
2000-11-11,-1.5600473880767822,0.3440227508544922,-0.0075228665955364,-0.6082390546798706,-1.7028690576553345,3.3410515785217285
2001-10-13,-0.6520809531211853,0.1868066936731338,0.2051617801189422,-0.952236831188202,-0.0755708366632461,-1.063161015510559
1987-08-09,1.9900920391082764,1.5908797979354858,1.831055998802185,2.242370843887329,2.6676199436187744,2.027305126190185
1998-02-23,0.0070972726680338,0.0519817918539047,1.254199504852295,0.9885361790657043,1.4322364330291748,1.2416239976882937
1997-10-29,-1.5146749019622805,-0.1141990646719932,-0.964766263961792,-0.6057032346725464,-1.2907484769821167,-2.4924440383911133
2006-10-04,-0.1171168684959411,0.8083038926124573,0.643038809299469,0.1724547445774078,-0.4010978043079376,1.7071465253829956
1996-03-02,-0.342384785413742,-0.8154287934303284,1.986267566680908,0.5465431809425354,1.1894572973251345,1.0624443292617798
1989-06-12,0.5817257165908813,0.6938738822937012,-0.8127210140228271,-0.9621343612670898,-2.5619418621063232,-1.048380732536316
1998-01-09,0.8950792551040649,-0.3841829597949981,-0.1988379210233688,0.2872781455516815,0.648207426071167,-0.6352120041847229
1989-05-06,-1.721274971961975,1.2949841022491455,-0.9842900037765504,-1.2650576829910278,0.3561902940273285,-2.5337610244750977
2006-01-06,1.453696370124817,2.185247898101806,1.7319812774658203,0.5754733681678772,1.3582096099853516,1.8458589315414429
1989-04-18,-1.4245201349258425,-0.6351844668388367,-1.4274507761001587,-0.5836710929870605,-1.427193522453308,-1.349477767944336
1987-06-10,0.3292691111564636,-1.194839596748352,-0.3977661728858948,-1.790653109550476,1.1622270345687866,-1.921411395072937
2006-03-03,0.5340204834938049,-0.0397233478724956,2.092144727706909,0.8419680595397949,1.091326117515564,0.9420403838157654
1984-03-02,1.0960936546325684,0.0762152895331382,2.100225687026977,0.552031397819519,1.3147121667861938,0.9395349025726318
1983-12-13,-0.0454681068658828,-2.0610780715942383,-0.0139043182134628,-0.494431585073471,-0.4419868886470794,-1.0601645708084106
1982-11-03,-2.2670681476593018,-0.6715114116668701,-2.3218884468078613,-1.5724990367889404,-1.162860631942749,2.6396026611328125
1985-12-08,-0.3202256262302398,-2.1538546085357666,-2.538501501083374,-1.003975510597229,-1.0615283250808716,-1.9733189344406128
2001-04-21,-1.9907230138778689,2.94954514503479,-1.259506106376648,-0.5986284017562866,-2.0908005237579346,-0.7206448316574097
1986-06-06,-0.6230505108833313,-0.9098222255706788,-2.2404699325561523,-0.6591043472290039,-1.0387873649597168,-0.90736585855484
2005-01-02,0.9668865203857422,0.8537147045135498,1.591230034828186,1.0213639736175537,1.6172369718551636,0.5216088891029358
1991-09-12,-0.9658518433570862,0.3883731663227081,-2.524012327194214,-1.3662195205688477,-1.389206051826477,0.0287053138017654
2005-01-23,0.7151095271110535,-0.4570326805114746,0.5806716084480286,0.5604109168052673,1.2082688808441162,0.5921977758407593
1997-07-23,0.211531713604927,-0.5035977363586426,-0.1012967452406883,0.7966030240058899,0.6830899715423584,-3.059966802597046
1985-02-20,1.778029203414917,-0.5266522169113159,0.688389778137207,0.7779431343078613,1.530032753944397,-0.0491361767053604
1993-04-15,-2.3776652812957764,5.795950889587402,-0.3321225047111511,-0.173643559217453,-2.162705183029175,-3.254256248474121
1994-03-15,0.1135406717658042,-2.6578893661499023,0.5100299119949341,0.3347886204719543,0.5135239958763123,-1.03898823261261
2005-05-13,-2.1995513439178467,1.3391879796981812,-1.0629136562347412,0.5535361766815186,-0.561502993106842,-0.2488768100738525
1992-06-28,0.2521657943725586,-1.1517586708068848,-0.6340926885604858,-0.1058656126260757,1.8332829475402832,0.2869816422462463
1993-07-14,1.7055644989013672,-1.0601760149002075,0.9346391558647156,0.0832706019282341,1.1124694347381592,-4.698925018310547
2001-09-12,0.0448799431324005,-1.5877766609191897,1.633142352104187,0.5264538526535034,0.6787341833114624,1.2611607313156128
1995-08-05,2.4405856132507324,1.32221519947052,0.9971144795417786,0.481889933347702,4.021970748901367,-0.933092713356018
1988-03-28,-0.4323525726795196,-0.085134670138359,0.3120594620704651,0.4650865197181701,-0.0683425962924957,4.180426120758057
1990-06-05,-1.6030309200286863,2.3301680088043213,-3.3004674911499023,-1.089097023010254,-3.678802013397217,-1.8873463869094849
1982-08-29,-0.9045069813728333,-0.3509162962436676,0.7278651595115662,0.5532237887382507,-1.7137022018432615,1.806530475616455
1987-01-22,1.021390438079834,-0.4941092431545257,-0.2520503997802734,0.5937055945396423,0.7552422881126404,-0.2387233674526214
1982-01-04,0.5931386351585388,-0.3017439246177673,-0.0504620335996151,0.2567967176437378,1.703954815864563,0.2446875125169754
2004-12-03,-0.1402024328708648,-0.8838350772857666,0.2114985138177871,0.3260111212730407,0.8584545254707336,3.9066858291625977
1988-12-30,0.7976109981536865,-1.6491765975952148,-0.1567544341087341,0.5620229244232178,0.6539710760116577,0.4244960844516754
2000-01-28,2.3975369930267334,0.97540682554245,1.4871091842651367,0.8619281053543091,1.481347680091858,1.2418733835220337
1998-09-29,-0.6866220831871033,-0.9670395851135254,-0.3705895543098449,1.1686121225357056,0.065837450325489,-0.7555760741233826
2002-09-05,3.259411334991455,-0.4775490164756775,2.580530405044556,-1.2527869939804075,1.7271461486816406,2.0526585578918457
1982-01-31,0.0715450346469879,0.4358198642730713,1.0201985836029053,0.755669116973877,1.6061571836471558,0.0932162404060363
2001-09-20,0.69036865234375,-0.8784787058830261,-1.1399049758911133,0.8386396169662476,-0.7059757709503174,-1.3120325803756714
2004-10-29,-0.7487257122993469,-1.028167724609375,-0.0879208445549011,-0.7088834643363953,0.6257013082504272,2.7024734020233154
1992-07-05,-0.2872034907341003,-1.4629079103469849,-2.954398393630981,-2.611508369445801,-0.3498150408267975,-2.0774905681610107
2007-06-03,-0.007406482938677,-3.8027186393737793,-2.30957293510437,-2.405245780944824,-1.930065393447876,-2.239489793777466
1984-12-15,1.7791450023651123,2.097890853881836,-0.7619960308074951,-0.2149178087711334,-0.0860111489892005,-1.4645475149154663
1983-04-07,-0.4058901965618133,0.3792135417461395,0.7474828958511353,-0.1488140523433685,-0.4953104555606842,2.4762558937072754
2006-07-22,3.05754828453064,0.6202128529548645,2.2015230655670166,2.3954460620880127,4.444235324859619,3.1148667335510254
1999-10-23,-0.7331729531288147,0.2743570208549499,-2.997230529785156,-0.9650571942329408,-2.700857162475586,-1.776739239692688
1996-09-16,-0.2398580759763717,-0.1517493724822998,0.789813756942749,-1.1822339296340942,1.4376264810562134,3.666714191436768
1993-01-17,0.3509584069252014,-0.1780550181865692,0.2329025864601135,0.0490103401243686,0.6262234449386597,-1.329059600830078
1985-06-01,0.2158335000276565,-2.360501527786255,-3.040773868560791,-0.9665306806564332,-2.387306928634644,-4.377276420593262
1985-08-31,0.1462613493204116,0.4258988499641418,-0.921655535697937,2.118105888366699,-1.3155537843704224,-1.7919096946716309
1983-05-31,-1.4380322694778442,-1.966415882110596,-1.0609440803527832,-1.2189626693725586,-2.446336030960083,-0.1658873558044433
2001-10-23,-0.9806023836135864,2.182737350463867,1.3384076356887815,-0.9347583055496216,-0.2380916327238083,0.7200582027435303
1987-07-02,-0.8751522898674011,-0.4830251038074493,-0.4026854634284973,-1.5446504354476929,0.9259961247444152,-0.9290857911109924
1998-06-19,0.8336845636367798,-2.040546417236328,0.1388700157403946,-0.0305020846426486,1.169431209564209,1.813494682312012
2005-03-25,-0.8402830958366394,1.2259081602096558,0.9646258354187012,0.2150649279356002,-0.4874022305011749,0.8170772790908813
2007-06-09,-0.6033588647842407,-1.3459529876708984,-1.9202708005905151,-2.7188003063201904,-0.8511730432510376,-0.7037063241004944
2003-03-11,-0.1726262867450714,-0.6253238916397095,0.758134126663208,0.8498892188072205,0.6521487832069397,-0.4706759750843048
2001-12-24,1.5640194416046145,0.9868232607841492,0.617192804813385,0.8122150897979736,0.977784276008606,-0.4214539527893066
2006-02-23,1.2299751043319702,0.2769292891025543,2.431682586669922,0.837310791015625,1.5286626815795898,1.4435163736343384
2002-11-03,-0.2784039378166199,-2.818816900253296,-2.671762704849243,-0.7504932880401611,-1.793848991394043,-1.36854887008667
1983-04-15,-0.1759931594133377,0.0703124776482582,0.0838156342506408,-0.4736283123493194,-0.956470787525177,4.260184288024902
1994-08-12,2.731769323348999,2.9607958793640137,4.67215633392334,3.840480089187622,3.3675105571746826,0.0817590430378913
1982-03-25,-0.535260021686554,0.8007270693778992,0.3687962591648102,0.3818876445293426,0.0757718309760093,-0.8036743998527527
1992-02-14,0.0611176900565624,0.6444166302680969,0.7597256898880005,0.5831115245819092,1.5389434099197388,-0.1026336103677749
1982-05-02,-1.261413335800171,-0.5951741337776184,-0.6607354879379272,-0.8035047054290771,-1.7127193212509155,0.6731391549110413
1991-08-18,-1.825797438621521,2.0346386432647705,-2.3835623264312744,-0.4568100273609161,0.7933689951896667,-1.3493770360946655
1990-05-06,-1.52129328250885,3.4649975299835205,-0.6642826795578003,-1.4050723314285278,-0.6738085150718689,-2.973763465881348
1992-12-27,0.129409372806549,-0.2311561405658722,-0.2764413952827453,0.1826892346143722,-0.1250845491886139,-0.8722088932991028
1999-10-05,-0.7596229910850525,-0.9829935431480408,1.355562686920166,-0.1461709141731262,0.4203326404094696,1.5301119089126587
2005-07-21,2.211531639099121,0.6964144706726074,2.6487033367156982,3.466585874557495,2.5930936336517334,0.8300477862358093
1984-04-28,-1.9370678663253784,-1.6443928480148315,-0.1344153583049774,-1.1287504434585571,-2.21752667427063,-0.2096380591392517
2000-09-13,2.735029935836792,2.106209278106689,1.3865402936935425,0.4059528112411499,1.7927396297454834,-0.4517828524112701
1986-05-20,-0.1421438753604889,1.8386062383651731,-1.2952483892440796,-0.5225288271903992,0.4010763764381408,-0.193178117275238
1998-04-12,-0.8053752183914185,-0.5368046760559082,-0.2032034397125244,-0.4262809753417969,-0.6937464475631714,1.6065123081207275
1984-11-11,-0.1982332915067672,-0.4809390008449554,-2.0609006881713867,-2.5365681648254395,-0.8757495880126953,-2.418545961380005
1994-01-02,1.5530894994735718,-0.7041490077972412,0.0093300873413681,0.3938733637332916,0.6401849389076233,0.1600336283445358
1997-06-10,-1.3982852697372437,-2.216129779815674,-2.722724676132202,-1.3921575546264648,-1.5619417428970337,-3.0183820724487305
1989-08-20,1.8527506589889529,0.1058096289634704,2.271313428878784,0.6072410941123962,1.2222387790679932,-0.3159279525279999
2000-01-14,2.1641042232513428,0.5739306211471558,1.0945706367492676,0.7652089595794678,1.0552338361740112,0.4254738390445709
2001-04-13,-1.0976665019989014,0.5559300184249878,-0.6821286082267761,-0.103636234998703,-1.3126989603042605,-0.3842611014842987
2002-02-27,0.9116313457489014,-0.2262414246797561,1.2511330842971802,0.9378585815429688,1.268851399421692,0.8753156065940857
1982-01-12,0.7936927080154419,-0.4747557342052459,0.5419788360595703,0.4254794716835022,1.7982120513916016,3.5958590507507324
2001-08-18,0.1495308429002761,-0.0665067583322525,2.697025775909424,2.840801477432251,3.750622034072876,0.9229143857955932
2006-10-21,-0.6531863808631897,-0.265651524066925,0.8427658677101135,0.2849427759647369,-0.2808438241481781,1.173272967338562
2002-02-25,0.8088674545288086,-1.0027142763137815,0.7670876979827881,0.9051836729049684,1.3479846715927124,-0.2277346849441528
1981-09-03,1.4752076864242554,-0.74915611743927,0.9365331530570984,1.3864291906356812,2.176158905029297,3.64652681350708
1997-07-21,-0.5663394927978516,-1.0077319145202637,-0.4116430580615997,0.6914066076278687,1.9081095457077024,-3.316235303878784
1990-10-14,-0.3855316340923309,1.5185787677764893,0.4346110820770263,-0.4602843225002289,1.294080376625061,0.1549264341592788
2007-01-01,2.7599756717681885,-0.3713951706886291,0.7252123951911926,1.1761797666549685,2.4768614768981934,1.3485345840454102
2001-12-13,1.2465755939483645,0.8954073786735535,0.5601354837417603,0.2166041433811187,0.9653549790382384,2.2246782779693604
1996-08-22,0.2199477255344391,2.744982481002808,2.457463264465332,1.6774777173995972,3.711649656295776,0.4581621587276459
2005-05-20,-1.7282403707504272,-2.7170841693878174,-1.3941839933395386,-0.2349433302879333,-3.3959901332855225,1.6191411018371582
1993-06-25,-0.8604806065559387,-0.1046999767422676,-3.8635036945343018,-1.013702630996704,-1.592795968055725,-4.964439868927002
1990-08-03,2.7480294704437256,1.3539202213287354,1.0913504362106323,1.148219108581543,1.512976050376892,-2.3240058422088623
1998-03-01,-0.0745352730154991,2.209880828857422,1.5398173332214355,0.8527054786682129,1.3104190826416016,2.329636335372925
2007-08-19,-0.6518744230270386,0.9530736207962036,1.835123062133789,1.3609036207199097,1.1353152990341189,3.2349722385406494
2007-10-07,-0.0718778744339943,0.5987340211868286,0.5361053943634033,-1.2371615171432495,-1.5055266618728638,2.7056806087493896
1991-07-15,-0.6744404435157776,1.8998154401779173,-2.955344915390014,-0.4167293906211853,-0.1175416111946106,-4.098918914794922
1987-05-15,-2.1233439445495605,2.2776687145233154,0.0811382755637168,-0.8638219833374023,-1.1408023834228516,0.3740126192569732
1983-09-09,0.572380781173706,0.7194362878799438,1.124695897102356,-0.3944698870182037,1.1823266744613647,-1.2726693153381348
2005-04-19,-0.7904933094978333,2.145920753479004,-0.1172597706317901,0.7403404712677002,-2.190617799758911,4.943736553192139
1988-04-05,1.2541134357452393,-1.050779104232788,0.9074865579605104,0.2412005960941314,-0.6553141474723816,2.0862412452697754
1990-07-04,-1.0692999362945557,-0.0693313479423523,-0.8572719693183899,-0.8985540270805359,1.4888129234313965,-1.5782777070999146
1991-03-22,0.0835618078708648,1.4020463228225708,0.0939142182469368,0.2465277910232544,0.1321768909692764,1.991283893585205
1996-09-24,-1.5470750331878662,-2.101043224334717,-1.5527423620224,-1.5179237127304075,-0.004281423985958,1.8676117658615112
1999-10-31,-0.4487378895282745,0.601837158203125,-2.737914800643921,-1.5288907289505005,-2.2742927074432373,-2.6575424671173096
1984-08-31,2.746267557144165,1.3959001302719116,2.1683712005615234,-0.4318819046020508,2.754453659057617,1.818106174468994
2002-01-27,2.0275418758392334,-3.1445882320404053,0.6471128463745117,0.8919268846511841,1.751336693763733,1.2719026803970337
1986-10-18,-1.88864541053772,-1.3626075983047483,-2.5021603107452397,-2.3372178077697754,-3.493340015411377,-2.165541887283325
1984-11-17,0.7515444159507751,0.3336723148822784,-0.6169191002845764,-1.802734136581421,-0.585544228553772,-0.6460251808166504
2006-03-22,-0.0109914299100637,-0.390969842672348,1.2609025239944458,0.2024851590394973,-0.0864035114645958,0.8729710578918457
1985-10-06,-1.0707157850265503,-1.1122632026672363,-0.4339735209941864,-2.371098518371582,1.1283308267593384,-1.3702481985092163
1983-05-05,0.7969591021537781,0.3577427566051483,0.3123365342617035,-1.4423942565917969,-0.6552049517631531,1.998246669769287
2002-11-23,0.784879207611084,1.1262617111206057,-2.316336154937744,-0.2474304139614105,-0.8146229386329651,-2.568037509918213
1981-11-28,-0.745119571685791,-1.5437517166137695,-0.2263093441724777,0.3325866758823395,-0.8546009659767151,-0.1880325525999069
1996-06-22,1.295038819313049,0.2532373666763305,-0.9150967597961426,-1.8497880697250368,1.52142071723938,-3.112690687179565
1992-09-09,-2.79151463508606,2.49263858795166,-0.4011434912681579,0.1035241410136222,-0.7358977794647217,-2.122269630432129
1987-01-08,1.1627283096313477,0.1679519563913345,-0.8140212893486023,0.295916348695755,-0.1044226661324501,-1.666065692901611
1993-06-27,-0.1228654012084007,1.1299211978912354,-3.458192110061645,-1.465664625167847,-2.220459222793579,-4.064059734344482
2002-12-31,2.0230906009674072,-1.1141526699066162,-0.7206808924674988,0.8338757753372192,1.010180115699768,-2.199982166290283
2007-09-01,0.1232722327113151,2.4676358699798584,2.4597225189208984,0.6151589751243591,1.140213966369629,2.5611274242401123
1988-01-04,-1.3569141626358032,-2.634141683578491,-0.6306845545768738,0.4738904535770416,-0.1298040598630905,0.0700372979044914
2004-09-09,-1.27055025100708,0.3482969999313354,0.2528541386127472,1.9303709268569944,-0.2322668582201004,0.8413814306259155
2003-04-02,-0.8958804607391357,2.369203805923462,-0.0225061271339654,0.2412005960941314,-1.0353189706802368,1.0962510108947754
1998-05-14,-0.3737538456916809,-1.9609824419021609,0.2723922431468963,-1.2587361335754397,1.042178511619568,1.7125896215438845
1991-06-07,0.1626069396734237,-0.7027124166488647,-4.319551944732666,-2.075259208679199,0.2899358570575714,-5.879504680633545
2006-03-15,0.500684380531311,0.5180861353874207,1.3965997695922852,0.544903039932251,0.358061283826828,0.7276448607444763
2000-10-31,-0.539660632610321,-1.2541968822479248,-0.95289945602417,-1.474863886833191,-1.7950711250305176,-1.4539083242416382
1984-09-15,-1.043652892112732,0.8895743489265442,-0.1780853569507599,0.0279181916266679,1.82706880569458,-0.8444478511810303
2001-03-06,-0.1167384162545204,0.267044335603714,1.0649288892745972,0.6106100678443909,0.9666737914085388,-0.2356231063604354
1981-11-21,-1.1986862421035769,-2.324625015258789,-0.336899071931839,-0.7981871962547302,-1.194477677345276,-0.5182875394821167
1983-02-07,1.2715961933135986,0.176466628909111,1.1874511241912842,0.4102028906345367,1.4586955308914185,2.397675037384033
1997-01-23,1.2128669023513794,1.1052806377410889,1.223641276359558,0.4716254770755768,1.6603922843933103,0.8164798021316528
1990-09-03,2.050884246826172,2.5814311504364014,3.2536542415618896,-0.3212234079837799,0.9380992650985718,-0.6591463685035706
1986-12-10,0.2428297251462936,-2.2219488620758057,-1.8205758333206177,-0.2887521684169769,-1.5147799253463743,-3.441482782363892
2007-06-20,-0.6849721074104309,1.0032373666763306,-0.9450955390930176,-0.9997820258140564,-0.7085902690887451,-0.4026991724967956
2003-05-09,-1.164678692817688,2.2847726345062256,-1.742842674255371,0.1201154962182045,-3.9845290184021,-0.4067261517047882
2001-06-05,-0.9442075490951538,-3.873872756958008,-1.588801622390747,0.3069356679916382,0.1756120473146438,2.114514112472534
1995-03-06,0.0340204760432243,2.3102827072143555,0.6921507120132446,0.7019839286804199,1.061327338218689,-0.5579596161842346
1999-07-07,3.3136990070343018,0.8430889248847961,1.3194679021835327,-0.1260809898376464,3.292134046554565,-0.715595543384552
2000-11-10,-0.5652301907539368,0.2047052383422851,-0.0219163671135902,-0.6256750226020813,-1.7363842725753784,2.3403236865997314
2000-06-21,1.0050302743911743,-1.9367650747299197,1.6949191093444824,0.0002179780130973,0.2514012157917022,-2.482685804367065
2005-03-16,-0.633425235748291,0.0307388268411159,1.5878393650054932,0.5430387258529663,0.2083590626716613,0.5969465970993042
1995-05-30,-0.9541799426078796,-3.96050763130188,-3.690767765045166,-0.7465294599533081,-0.6273276805877686,-3.317278861999512
1988-08-22,0.7379945516586304,2.452577352523804,1.0449841022491455,1.685354709625244,1.7816461324691772,-1.336772918701172
1987-04-15,-1.8153544664382932,0.7331843376159668,-0.0331900119781494,0.0836982801556587,-0.333761066198349,2.1565306186676025
1997-03-01,1.0354806184768677,0.2898674607276916,0.9298319816589355,0.6727128028869629,1.2404422760009766,-0.56037837266922
1996-11-26,-1.8989723920822144,-3.6797196865081783,0.083170972764492,-0.8197856545448303,0.4678924083709717,0.0128573607653379
1983-07-12,2.889477252960205,-0.0298069678246974,2.506772518157959,1.6903702020645142,1.8868719339370728,6.413342952728272
1983-02-24,1.20012104511261,0.9839990735054016,1.601280689239502,0.5827956199645996,1.4929732084274292,0.4477852880954742
1987-05-17,-1.7837574481964111,2.459031105041504,-0.1875992268323898,-1.0087361335754397,-1.467831254005432,0.1025737524032592
1999-05-01,0.2269517928361892,1.4677586555480957,-0.0876573696732521,-0.132396712899208,-3.245231866836548,0.7182478308677673
1993-08-02,-0.6019765734672546,-0.1960981041193008,0.7913626432418823,1.308222770690918,1.602972388267517,0.5159904956817627
1991-08-11,-0.0537359975278377,0.3788033127784729,-2.0825791358947754,-0.5396902561187744,0.4656672775745392,-3.202088594436645
1987-10-15,-2.3655426502227783,0.1385738551616668,0.0046183923259377,-1.2102843523025513,-2.6059441566467285,-2.0350759029388428
2007-07-30,2.3680245876312256,1.4939043521881104,2.0113637447357178,2.568232536315918,5.152960300445557,1.0960075855255127
1983-06-07,-0.3330419361591339,-1.3698441982269287,-1.720450520515442,-1.189103126525879,-1.948791027069092,-0.3473377823829651
1990-05-02,-1.975077033042908,4.040775775909424,-1.7942347526550293,-1.2890111207962036,-0.9669941663742064,-2.7793071269989014
1992-09-27,-2.711259126663208,2.4868900775909424,-0.5378414988517761,-2.007873058319092,0.2637926638126373,-0.8757244944572449
2005-08-18,1.2379945516586304,1.6125810146331787,2.9649670124053955,-0.7946562767028809,3.1416618824005127,2.373218536376953
1985-08-10,1.1072152853012085,2.392179250717163,0.4411095380783081,2.6440675258636475,3.214329481124878,1.1195030212402344
2006-01-13,1.468166708946228,2.868467330932617,1.814529538154602,0.6225155591964722,1.2218860387802124,0.9687129855155944
2004-02-29,0.057639617472887,-0.7454214692115784,1.9062504768371584,0.8765297532081604,1.2094463109970093,0.42246013879776
2007-04-29,-2.233039617538452,-1.3422389030456543,-1.807658553123474,-0.5824089050292969,-2.255211114883423,-1.341749668121338
1987-08-26,1.1034327745437622,-1.2517410516738892,1.4520487785339355,0.615027904510498,-1.079443097114563,0.1928180456161499
2000-05-27,-0.9161203503608704,-2.6184604167938232,-0.0008143096347339,-0.7477660179138184,-2.0471112728118896,0.328480988740921
2003-02-27,0.1516215652227401,-2.9162437915802,1.1411477327346802,0.8278732299804688,1.278861165046692,-0.6146746277809143
1985-06-14,0.3966411352157593,-1.5459651947021484,-2.9202706813812256,-0.9987990260124208,-1.4211803674697876,-2.6037001609802246
1990-02-21,1.0211143493652344,1.6051616668701172,0.8525177240371704,0.7388606667518616,1.5079632997512815,-0.8797386884689331
1985-07-22,0.4412921965122223,1.212661623954773,-1.7850273847579956,1.329572677612305,2.562706232070923,0.1418712139129638
1981-09-29,-1.7299097776412964,-1.6526991128921509,-0.9362950921058656,-0.1883520931005478,-0.5262702703475952,-1.6697481870651243
2005-09-24,0.5087421536445618,-0.2731195986270904,0.1921694725751876,-0.3078912496566772,-0.9461987614631652,2.6842730045318604
1993-01-04,-0.2200047820806503,-0.5414085984230042,-0.1948010325431823,0.336183488368988,0.2368408143520355,-0.2814702689647674
1999-04-26,-0.671018660068512,1.6360818147659302,-0.3419397473335266,-0.369841605424881,-1.4117279052734375,0.1521696746349334
1991-06-03,2.102101802825928,0.3336319327354431,-3.6807548999786377,-2.152402877807617,-0.674324631690979,-3.695171594619751
1997-11-09,-1.3843663930892944,1.297205924987793,-0.2786376178264618,-0.8898596167564392,-0.212854117155075,-1.269479274749756
1989-05-10,-0.9979509115219116,3.240135431289673,-0.8899056315422058,-1.1770234107971191,-0.1793666630983352,-1.5798276662826538
1986-12-17,0.4465572535991668,0.3254000246524811,-1.80985963344574,-0.6634007692337036,-1.7346572875976562,-4.3853373527526855
1996-09-12,-0.0236333515495061,-0.2204415053129196,0.6219329237937927,-1.3420768976211548,2.737072467803955,2.7755472660064697
1983-09-15,-0.9305539131164552,0.6882933378219604,-0.3971397578716278,-1.0596193075180054,-1.642240047454834,-0.0786014646291732
1984-07-06,1.991260766983032,0.8834641575813293,0.0935491696000099,-1.725327730178833,2.0135343074798584,-0.2432623952627182
1994-10-19,-0.7717998623847961,-0.7252943515777588,-2.714939594268799,-1.7383726835250854,-2.328765153884888,-0.6962094902992249
1991-01-16,0.5240895748138428,1.4039171934127808,-0.0954318046569824,0.6152150630950928,0.635220468044281,-1.1245139837265017
1999-11-21,-0.1489436328411102,-0.8292733430862427,-1.85412859916687,-0.5938219428062439,-0.9314452409744264,-0.3927625715732574
1986-07-12,-0.8836356997489929,-1.6917648315429688,-1.314545512199402,-0.1424849182367324,0.1737033128738403,-0.4569016098976135
1982-04-28,-1.2940303087234497,-1.2456347942352295,-0.95813250541687,-0.6981971859931946,-1.5742827653884888,-1.202365756034851
1998-05-02,-0.2917539775371551,-4.335902690887451,0.6778408288955688,-1.0162382125854492,-1.3341461420059204,3.814988374710083
1996-06-09,-0.7527786493301392,-1.1459602117538452,-2.834760904312134,-1.255222201347351,-0.0715974792838096,0.0771023035049438
2004-04-18,-2.7912282943725586,2.031458854675293,0.5536189675331116,-0.0912728458642959,-2.0215535163879395,0.6071556210517883
2002-11-04,-0.1966981291770935,-2.6026065349578857,-2.672860622406006,-0.714981198310852,-1.9624372720718384,-1.2620244026184082
1997-10-20,-0.8553057909011841,-1.0659574270248413,-1.4560600519180298,-1.1927776336669922,-1.1029285192489624,-0.3114026188850403
1998-08-30,1.2852052450180054,1.350849986076355,3.056528329849243,2.3364415168762207,0.9761468172073364,3.26652193069458
1991-04-22,-1.2812185287475586,-0.1985520273447036,-1.4663701057434082,-0.8612618446350098,-1.7415547370910645,-0.9728309512138368
1990-01-23,0.1149259954690933,-0.8771057724952698,0.0793478041887283,0.3193690180778503,0.8026820421218872,-1.3038805723190308
1989-04-17,-1.350530028343201,-0.2741515636444092,-0.9839975237846376,-0.4883471131324768,-1.3042540550231934,-1.7213298082351685
1993-01-23,0.5696001052856445,0.8496715426445007,-0.2125950455665588,0.2609324157238006,0.9027423858642578,-2.068143606185913
1995-01-28,0.5715450644493103,1.1758406162261963,0.4702108502388,0.805656909942627,1.4661730527877808,-1.7167812585830688
2003-07-04,0.4353877305984497,0.731568455696106,-1.7510827779769895,0.1729899197816848,1.688834309577942,0.1890181750059127
1992-12-31,-0.0877797752618789,-0.8201119899749756,-0.1514147669076919,0.469125896692276,0.255787581205368,-0.8513877987861633
2005-10-31,-0.8798894882202148,0.0303533170372247,-1.316821813583374,0.1795618832111358,0.3447973132133484,1.0404917001724243
1992-08-21,-0.9920164346694946,0.9826065897941588,1.1249706745147705,0.3053498268127441,-0.0283514410257339,-2.666759490966797
1987-12-29,-0.6605991721153259,-0.5911720395088196,-0.5764291882514954,0.5026660561561584,0.6949227452278137,-0.1222088783979415
2006-12-09,1.5847036838531494,0.6485747694969177,0.2811723053455353,0.2988642454147339,1.49648118019104,1.3604655265808103
1986-04-13,0.5521913170814514,0.5564430952072144,-0.1608703285455703,0.478289932012558,-1.4006903171539309,-2.80731201171875
1987-07-17,3.518330812454224,0.1126720085740089,3.240694761276245,1.8740350008010864,3.960144519805908,1.4553921222686768
2002-03-16,0.570691704750061,1.8280837535858157,0.7965936064720154,0.584911584854126,0.398069828748703,-0.8323526978492737
2006-08-17,0.1195320561528205,1.3035188913345337,3.707035541534424,1.940807580947876,2.550609827041626,1.8029192686080933
1985-08-04,1.07801616191864,1.5939104557037354,-0.8386422395706177,1.288233757019043,2.0029661655426025,-0.2439887523651123
2006-03-16,0.3965735137462616,0.4407424926757812,1.7378332614898682,0.5930570363998413,0.2883456349372864,0.9669722318649292
1987-03-24,-1.9952514171600344,0.9907295107841492,0.4087742865085602,0.5818998217582703,0.5157742500305176,-0.8636719584465027
1995-01-19,0.6625919342041016,1.7156689167022705,0.8546063303947449,0.4196408092975616,1.1679469347000122,-0.057759840041399
1990-03-24,-0.4856435656547546,1.9881157875061035,-0.0784150063991546,0.2863205969333648,-0.0828151330351829,-1.1400558948516846
2004-01-22,1.3828803300857544,-2.074712038040161,1.723641276359558,0.9116279482841492,1.3604044914245603,1.2164736986160278
1983-07-24,-0.218198075890541,-0.4080728590488434,2.5207855701446533,1.475073218345642,0.974223792552948,2.9422926902771
1993-04-07,-1.8975120782852173,3.600311517715454,-0.6667879819869995,-0.2511980533599853,-1.703280687332153,-0.8892905116081238
2002-06-04,0.63260817527771,-0.6927026510238647,-2.05957293510437,-2.375247001647949,-1.240062952041626,-3.159503221511841
2003-12-25,0.9494166970252992,-1.3311622142791748,0.5235463976860046,0.6226916909217834,0.3849252164363861,4.147810459136963
2007-05-31,0.0644370764493942,-3.5081722736358643,-2.6106762886047363,-2.7308144569396973,-2.8919243812561035,-2.681250095367432
1997-11-23,-1.283143401145935,0.8443186283111572,-1.8558058738708496,-0.6162565350532532,-0.906510591506958,-1.563188076019287
2005-07-06,1.84946870803833,-0.7597874402999878,1.6567662954330444,2.2903761863708496,2.0868842601776123,0.4133431315422058
1991-04-09,-1.0106676816940308,-0.2315435707569122,-0.5951744318008423,-0.3101944625377655,-1.012692928314209,-1.3669623136520386
1999-12-02,1.6382620334625244,1.9218398332595823,-0.7371330261230469,-0.1381611227989196,-0.5184287428855896,1.2384721040725708
1985-02-02,1.515014886856079,0.7608630657196045,0.3251593708992004,0.441734254360199,1.2840750217437744,-1.3244397640228271
2000-07-25,1.1338551044464111,1.3213199377059937,3.5026865005493164,4.195800304412842,2.563898086547852,1.4479682445526123
2005-12-23,0.4740230739116668,1.2168036699295044,1.8171745538711548,0.1622212082147598,1.487794041633606,5.308557033538818
2004-05-01,-2.851175308227539,-2.9301531314849854,-0.8477123379707336,-0.8604415059089661,-2.3036696910858154,-0.9790233969688416
1992-01-17,0.648159384727478,0.4084759950637817,0.384536862373352,0.2525204718112945,0.8818897604942322,0.4387141764163971
2005-02-18,0.0001393648417433,4.023977279663086,2.001274585723877,0.6727919578552246,1.4929732084274292,1.637787699699402
1993-04-24,-2.0319085121154785,4.052367687225342,-0.4831666052341461,-0.4381210207939148,-2.882032871246338,-3.986037015914917
2004-04-08,-2.507806301116944,1.3564308881759644,0.6391479969024658,-0.0416990704834461,-1.2206671237945557,0.782684326171875
1998-10-30,-2.447060823440552,-0.8615138530731201,-0.951893389225006,-0.402516096830368,-1.272876501083374,-1.250381350517273
1997-10-23,-1.0431705713272097,-0.2456320077180862,-0.9472426772117616,-0.345062106847763,-1.3008328676223757,-0.046728242188692
1999-09-29,0.3533864617347717,-0.1470322459936142,0.129410445690155,-0.121396392583847,0.9758411049842834,0.1543970555067062
1995-04-04,-1.0158755779266355,-0.1307962387800216,-0.6325219869613647,0.7211810350418091,-0.6052958369255066,0.3762498497962951
2006-02-24,1.0388784408569336,0.2972735166549682,2.387082815170288,0.8751848936080933,1.4679797887802124,1.3222531080245972
1988-03-09,0.0132664702832698,0.387039452791214,1.1549557447433472,0.5306234955787659,0.9566945433616638,2.6843597888946533
2003-01-07,1.763693928718567,-1.3547301292419434,-0.3980235755443573,0.6354709267616272,1.3982181549072266,-1.7141386270523071
1988-11-08,-1.5844377279281616,0.4041537940502167,0.1569756716489792,-1.1591523885726929,-2.600592374801636,3.025160789489746
1990-06-18,1.0081698894500732,-2.349621295928955,-1.7204008102416992,-2.267503499984741,1.910586953163147,-0.7666272521018982
1984-04-17,-0.3676555454730987,-1.1240626573562622,0.9578555226325988,-0.5836471915245056,-1.6826940774917605,0.1457681804895401
1993-06-29,0.5780655145645142,1.6872538328170776,-3.208924531936645,-1.25554096698761,-1.0012410879135132,-5.221359252929688
1998-07-30,-0.3260094821453094,1.4880951642990112,2.137439489364624,2.4271180629730225,1.7831529378890991,3.258427858352661
2004-02-23,0.8293870687484741,-1.5548551082611084,1.534075140953064,0.9384390115737916,1.42674458026886,-0.3666862547397613
1993-10-11,-2.4843175411224365,3.314327955245972,-0.9893962144851683,-1.525559663772583,-2.4405016899108887,-3.5224084854125977
1998-08-25,-0.5744898915290833,3.2190909385681152,3.927877426147461,3.013245820999145,0.946301519870758,4.626537799835205
2003-09-14,1.926782250404358,-0.2784141004085541,-1.0678954124450684,0.5563629269599915,0.5590169429779053,-0.0532603822648525
2004-03-27,-2.2804925441741943,-3.005741834640503,1.2337194681167605,0.6324448585510254,-0.5315000414848328,1.046357274055481
1997-04-22,-0.1507267355918884,-1.250436544418335,-1.769515872001648,-0.6886247396469116,-2.510783433914185,-1.190646052360535
2000-03-24,1.6540597677230835,1.1025739908218384,1.0375124216079712,0.2242424935102462,-0.1413419842720031,1.5423732995986938
1982-06-16,-1.3980309963226318,-4.025457382202148,-0.0673454999923706,0.6548202037811279,0.5007218718528748,-2.3888185024261475
2004-11-30,-0.1717355251312255,-0.2981613874435425,0.0528754964470863,0.1818156838417053,0.8015785813331604,3.1984939575195312
1992-04-21,-1.9412221908569336,0.2514601647853851,-1.1063847541809082,-0.6812691688537598,-2.2515645027160645,-1.052847981452942
1986-10-29,-1.6727412939071655,-0.7881903648376465,-2.41650390625,-1.8725627660751345,-2.8997180461883545,-2.1835548877716064
1986-11-26,-0.4531567990779876,-2.1656911373138428,-2.9958205223083496,-0.6662443280220032,-1.706528902053833,-1.873185634613037
2005-08-11,2.1638083457946777,0.648223340511322,3.0054047107696533,2.444587230682373,3.5599379539489746,2.1211183071136475
2001-09-08,0.0605134144425392,-1.8901851177215576,2.241323471069336,0.1181629970669746,0.0862517207860946,0.1374798864126205
1986-05-06,-0.4712010025978088,4.389823913574219,-0.5577343106269836,-0.990446388721466,0.3263351023197174,0.6309924721717834
1993-06-20,1.0936943292617798,-2.720539093017578,-2.071121454238892,-0.6705167293548584,1.939450740814209,-1.8865175247192385
1988-10-31,-1.4746663570404053,0.1158119216561317,-0.284773588180542,-0.8156946897506714,-2.550758123397827,1.847552299499512
2007-09-03,-0.0076362849213182,1.0094448328018188,1.104706883430481,0.6955264806747437,1.0823510885238647,2.02734899520874
1994-02-09,1.431918740272522,0.9365432262420654,1.001961588859558,0.4693523943424225,1.4984780550003052,2.8533077239990234
1988-06-09,-0.6507113575935364,-1.904831051826477,-0.8577576279640198,-1.580661654472351,-2.147770643234253,0.2885800302028656
2007-11-27,-0.554914116859436,0.3763380944728851,-0.1169150844216346,0.0864096358418464,0.567654013633728,2.0702943801879883
2001-05-31,-0.7878822684288025,-3.236375331878662,-1.7207633256912231,-0.6623820066452026,0.555686354637146,3.764819860458374
1991-08-07,0.6645326614379883,0.5008907318115234,-3.416953563690185,-0.0483502484858036,1.113482117652893,-0.9435412883758544
1988-12-15,-0.7268961071968079,-2.613138437271118,-1.0656532049179075,-0.0990014299750328,-0.6997056007385254,-0.1797946244478225
2002-03-27,0.0603483505547046,2.5557031631469727,0.1451614797115326,0.2941939234733581,-0.3284842371940613,0.6723983883857727
1986-08-15,1.5869696140289309,2.3388161659240723,1.2227364778518677,2.6570544242858887,2.0874032974243164,0.4107273519039154
1994-06-26,2.882939338684082,2.102279663085937,-0.9113293886184692,-1.0449442863464355,-0.1924707144498825,-1.2345291376113892
1997-09-17,1.195060133934021,0.2562760710716247,-0.2403556257486343,1.250092387199402,0.7184618711471558,1.728093147277832
1989-03-09,-0.4167262017726898,0.1970675140619278,0.5149410963058472,0.7406149506568909,0.9566945433616638,0.024356136098504
1988-04-03,1.7884656190872192,-1.137243628501892,0.9777108430862428,0.3321513533592224,-0.3921948373317718,2.3002188205718994
1999-05-09,0.8489519357681274,1.3926857709884644,-0.200985312461853,-0.6433163285255432,2.668212890625,1.522042989730835
1997-07-18,2.062107563018799,-2.745457887649536,-0.9591729640960692,0.1948665976524353,1.95356559753418,-1.1974674463272097
1983-05-19,-0.9095429182052612,-0.2908169031143188,0.4170973002910614,-1.8164894580841064,-1.8314920663833616,0.1611268520355224
1989-03-14,-0.4326360523700714,0.1746944040060043,0.1181194856762886,0.5598806738853455,0.6521487832069397,-0.0206942874938249
2005-06-14,-0.4918301105499267,-2.829601764678955,-1.4804105758666992,-0.2175157517194748,-1.709408164024353,-1.2466076612472534
2007-12-16,-0.1551098823547363,-1.1548172235488892,-1.1229145526885986,0.3454329073429107,0.4023738503456116,0.4392660856246948
1983-02-12,1.771915078163147,0.4265334606170654,1.211953043937683,0.4793621599674225,1.5284768342971802,2.3333187103271484
1994-08-02,5.02802848815918,4.243904113769531,6.291362762451172,2.978236198425293,4.612951755523682,0.0459892749786376
1993-03-07,-0.4605081081390381,1.9293771982192995,0.6996752023696899,0.5118059515953064,1.0102550983428955,-0.0510498136281967
1993-08-13,1.9969732761383057,2.1188149452209477,0.2027169018983841,4.207042217254639,2.9873971939086914,0.9407261610031128
1990-06-07,-1.42738938331604,1.6572729349136353,-2.93957781791687,-1.0852385759353638,-3.250072717666626,-1.5894958972930908
1981-10-23,-2.0540521144866943,-2.311084032058716,-0.1262291073799133,0.2091328203678131,-2.341431140899658,-1.0343154668807983
1983-05-26,-1.1082452535629272,-1.2870914936065674,-0.7441900968551636,-1.3749579191207886,-1.536004662513733,-0.2108454406261444
1996-03-15,-0.5357963442802429,-0.9912136793136596,1.1777281761169434,0.3757815957069397,0.4406895637512207,1.164672613143921
2002-03-07,0.6354027390480042,-1.9066622257232664,1.25800883769989,0.6284350156784058,0.980648159980774,0.1183023005723953
1990-03-20,0.0965552031993866,2.3707351684570312,0.2478430420160293,0.3630460202693939,0.2083590626716613,-0.9830399751663208
2003-10-29,-0.6070643663406372,0.6384861469268799,2.1880908012390137,0.1274826973676681,-1.092883825302124,-0.2203826159238815
2003-08-26,0.4143119752407074,2.4755661487579346,4.062625408172607,2.6854727268218994,-0.347533255815506,2.9360954761505127
1998-05-17,-0.1521536409854889,1.0485976934432983,-0.1252349764108657,-0.5325080752372742,1.121077537536621,1.7868022918701172
1997-06-12,-0.9980370998382568,3.0245606899261475,-3.227349281311035,-0.9451858997344972,-1.0192670822143557,-2.448816061019897
2004-06-08,-2.408264636993408,-1.3661236763000488,-2.702735662460327,-0.8821477890014648,-2.141928434371948,-3.0183820724487305
2007-04-13,-1.170537352561951,-2.514141798019409,-0.8940011858940125,-0.188328817486763,-1.8242735862731931,-1.3213053941726685
1986-08-24,-0.0518682934343814,0.3230687379837036,0.8551120758056641,2.490908622741699,2.185333490371704,0.3649770021438598
1992-04-27,-2.841001510620117,1.92605984210968,-1.7919520139694214,-1.0098562240600586,-2.8517303466796875,-3.177816867828369
2005-07-05,1.9036952257156368,-0.6368915438652039,0.9494728446006776,1.5739006996154783,2.032124280929565,1.4744069576263428
1990-12-01,-0.1749092489480972,-0.2336777746677398,-1.2469199895858765,-0.7835854887962341,-1.232333779335022,-0.8296994566917419
2001-07-12,0.0955485925078392,0.5698288679122925,0.1246415898203849,-0.3967403769493103,0.9124571681022644,0.2410772740840912
2000-03-16,1.610700249671936,-1.0519211292266846,0.9166192412376404,0.554912805557251,0.428068608045578,5.697646141052246
1984-06-06,-0.5930517315864563,-2.2898271083831787,-0.5204687714576721,-2.159104347229004,-1.0987849235534668,-2.7773609161376958
1989-04-08,-0.9575096368789672,1.480316400527954,-0.4767855703830719,-0.2711870670318603,-1.033297777175903,-0.9693076014518738
1992-07-28,1.7741796970367432,0.0986854434013366,-0.9689574837684632,0.6572777032852173,-0.1075503230094909,-2.153741836547852
1997-04-30,-1.4850867986679075,-2.779231548309326,-2.3942408561706543,-0.6890050172805786,-2.496992826461792,-1.389292597770691
1988-08-28,1.4440606832504272,0.6166117191314697,2.0291225910186768,2.243842124938965,1.8031034469604488,-0.434430718421936
1983-07-03,4.224853992462158,-1.913017749786377,1.127313256263733,-0.3646577298641205,-0.0639940872788429,1.5509252548217771
1988-02-21,-0.3296160697937011,-1.4050527811050415,1.2515674829483032,0.7439219951629639,1.520317792892456,0.6412949562072754
2004-07-02,-0.5271937251091003,-2.7828845977783203,-0.8243935108184814,1.4285002946853638,-0.6098247766494751,-2.297491788864136
1997-02-26,1.1988821029663086,-0.0527325831353664,1.527066946029663,0.7051714658737183,1.3479846715927124,-0.0477420128881931
2004-06-01,0.1669580638408661,-0.3798234164714813,-2.150473594665528,-1.249100685119629,-3.178802013397217,-2.5373401641845703
2005-12-25,0.213944599032402,2.440192461013794,1.3989168405532837,0.3626024127006531,1.6703094244003296,5.216453552246094
2003-08-03,1.8805880546569824,4.072215080261231,3.697096109390259,3.2718679904937744,1.991971969604492,5.2368903160095215
1989-06-25,1.4368879795074463,0.3289679884910583,-0.4647435843944549,-1.2819889783859253,2.778511047363281,0.6961658596992493
1990-10-23,-0.0755780339241027,2.9399983882904053,0.9654903411865234,-1.1340900659561155,-2.133317470550537,-0.6374750137329102
1986-10-05,-1.6592495441436768,-2.45020604133606,-2.4659574031829834,-1.6073955297470093,-2.275041341781616,0.0464676842093467
2000-06-25,1.1271345615386963,-1.0300824642181396,0.9317919611930848,0.1243317499756813,0.2895504534244537,-0.3140599429607391
1994-02-05,1.6368284225463867,1.8871214389801023,0.7305042743682861,0.4099680483341217,1.4159013032913208,3.127469062805176
1998-01-25,-0.2548916935920715,1.0529770851135254,0.5906508564949036,0.5504011511802673,1.3582627773284912,0.5122112035751343
1990-08-26,3.1586475372314453,1.932966947555542,2.138861179351806,1.06363046169281,0.472114086151123,0.2689614295959472
2005-08-12,0.4522824585437774,0.7689676284790039,3.21026611328125,1.9331238269805908,3.605093717575073,2.0828745365142822
1996-07-15,-2.407622814178467,-1.6434202194213867,-0.7116677165031433,-1.214414358139038,1.1800616979599,2.0506796836853027
1984-01-27,1.2928534746170044,0.5053050518035889,0.6436547040939331,0.0916206091642379,0.9803996086120604,0.5664798021316528
1994-05-30,-1.1841603517532349,-0.3305026590824127,-2.510775089263916,-0.7665184736251831,-3.017311811447144,-1.6472655534744265
1982-11-20,-0.8555678725242615,-1.2854572534561155,-1.5140585899353027,-1.0465134382247925,-2.0981192588806152,1.0687026977539062
2000-08-16,2.0076537132263184,1.8095191717147827,3.847765445709229,2.1247169971466064,-0.8435094952583313,1.6266255378723145
1992-06-16,-0.4091416895389557,-1.091682195663452,0.0044731791131198,-3.102437734603882,0.0237192250788211,0.1773948669433593
2007-06-07,-1.7727981805801392,-4.035974979400635,-2.184767007827759,-2.8252294063568115,-1.7316011190414429,-0.5528720617294312
2006-12-20,2.0830729007720947,-0.8831944465637207,0.0923097282648086,0.5877898335456848,1.9463675022125244,1.61750066280365
1995-06-15,-0.9559490084648132,3.226654529571533,-1.27001953125,-1.5470097064971924,1.1181355714797974,-2.008275270462036
1982-07-24,0.4418055713176727,0.801918625831604,-0.3291899859905243,0.7450622320175171,1.5242115259170532,2.1722731590271
1994-08-09,2.2459535598754883,3.504833936691284,4.713209629058838,2.876715660095215,3.723710775375366,4.25304651260376
1987-10-03,-1.152216911315918,-0.1525865197181701,-0.0542811304330825,-0.6975359320640564,-2.0263218879699707,-2.376204252243042
1987-07-25,2.5668985843658447,1.7537566423416138,1.8776414394378664,-0.2314086407423019,4.254397869110107,1.796358346939087
1996-08-18,0.9427469372749328,3.45581579208374,2.241314649581909,2.117250919342041,3.042215585708618,2.374074459075928
1983-02-20,1.2439563274383545,2.4403483867645264,1.2130097150802612,0.5709980130195618,1.5371055603027344,0.3590019643306732
2003-06-21,-0.1749623715877533,-2.236783504486084,-2.6750760078430176,0.1702008843421936,-0.3085963428020477,-2.4526870250701904
1990-01-08,-0.4624886214733124,-0.7686986923217773,-0.7606531977653503,0.2497931867837906,-0.1981257498264312,-2.06457781791687
1994-09-29,0.420400470495224,-0.7902781367301941,0.5350074768066406,0.525614321231842,-1.1101211309432983,1.5363588333129885
1992-04-04,-2.4458987712860107,2.179201364517212,-0.1825097948312759,0.2812091410160064,-1.3252969980239868,-1.8937697410583496
2001-10-04,0.1503806412220001,1.0570149421691897,-0.734433650970459,-1.1961586475372314,0.3803240954875946,0.3001009225845337
1998-09-03,1.603283166885376,0.7476345896720886,2.5897274017333984,2.425156593322754,1.950211524963379,3.5211493968963623
1991-11-21,-0.994189977645874,2.017688274383545,-0.1212331727147102,-0.7412123084068298,-1.187558889389038,-1.2812029123306274
1992-05-02,-2.373054265975952,3.2977452278137207,-1.3376573324203491,-1.4024162292480469,-3.145225763320923,-3.771772861480713
1994-03-23,-0.0056325742043554,-1.3618903160095217,0.4215849936008453,0.7763413190841675,-0.1328029185533523,-1.7600510120391846
1995-06-21,0.3334446251392364,1.3134822845458984,-2.6532320976257324,-1.6440272331237793,-0.5180827379226685,-3.6390087604522714
1988-02-03,-0.7735117673873901,-1.2133216857910156,0.7962061762809753,0.4652544260025024,1.321603298187256,-0.2295012027025222
1999-09-27,0.3388493061065674,0.2376959174871444,1.0826035737991333,-0.1865782290697097,0.5858483910560608,0.5496301054954529
1989-06-19,0.4160692989826202,0.7629190683364868,-0.3846680819988251,-1.372238278388977,-0.421203464269638,-1.6902923583984375
1986-06-17,-0.4159404635429382,0.5166630148887634,-1.470001220703125,-1.5669987201690674,-1.2418802976608276,-1.488286375999451
1982-12-01,-0.2409010529518127,0.5223156809806824,0.133072942495346,-0.7610019445419312,-0.6515976190567017,-0.6314601302146912
2000-08-15,2.1941914558410645,1.774628758430481,3.026410818099976,1.9431838989257808,-1.1466333866119385,1.4706302881240845
1984-04-03,0.8235406875610352,0.2377989292144775,0.7949793338775635,-0.0335837677121162,-0.2934129536151886,-0.7797431945800781
1988-07-03,-0.0788641646504402,1.5186514854431152,0.2730923295021057,-0.921179175376892,-1.5339959859848022,2.787436485290528
2003-07-13,0.7083332538604736,1.602692723274231,-0.5292941927909851,0.9640313386917114,1.8001408576965332,-1.1545932292938232
1999-09-11,3.139453411102295,0.5482786893844604,3.382858991622925,-0.4896425306797027,3.307741641998291,1.5214046239852903
1988-01-29,-0.6859241127967834,-0.5049920678138733,0.3413878679275512,0.3784883022308349,1.1784563064575195,1.0933072566986084
1982-12-19,0.2195213884115219,-1.2564696073532104,-1.3546686172485352,-0.1181236803531646,-0.3308596611022949,0.0488342531025409
1999-10-27,-0.6375505924224854,0.762422502040863,-2.74710750579834,-1.3307476043701172,-2.574213981628418,-1.1740328073501587
2002-05-07,-1.3879655599594116,1.2101367712020874,-1.7198922634124756,-1.407034397125244,-2.8393702507019043,-2.0298094749450684
1992-03-07,-1.340512990951538,2.599360227584839,0.5296617746353149,0.6517900824546814,1.0102550983428955,0.8189452886581421
1995-09-24,-1.5327664613723757,-1.678138017654419,-1.2971701622009275,-0.7266203761100769,-0.3702850341796875,-0.593652069568634
1999-08-31,2.45220685005188,0.3354157209396362,3.288982391357422,0.8621011972427368,1.7158575057983398,1.9929648637771609
1998-04-22,-0.6307072043418884,-1.22043776512146,-0.1095122024416923,-0.2086137682199478,-0.2607834041118622,0.4093600511550903
1984-03-29,0.7976279258728027,0.0148714305832982,0.7920704483985901,0.1051011681556701,-0.3883499205112457,0.990423858165741
1998-11-08,-1.968252778053284,-0.9409304857254028,-0.4408751726150512,-0.6165853142738342,-1.255754470825195,-0.8985570073127747
1988-09-23,-2.18963623046875,-0.7584835886955261,0.5601072311401367,-0.9013506174087524,-1.5459721088409424,-0.382039874792099
2007-10-21,-1.9531742334365845,0.64435213804245,-2.227241516113281,-1.0250548124313354,-0.7708340287208557,1.023279070854187
1998-07-20,0.3818080127239227,0.511910080909729,1.1907989978790283,1.705084204673767,2.4642140865325928,1.6222854852676392
2003-10-09,0.2956813275814056,1.264340043067932,3.140608549118042,1.184431791305542,-0.9805102944374084,0.6975926756858826
1991-11-13,-0.8552387356758118,0.1246881484985351,0.1880750954151153,-1.385684847831726,-1.1663769483566284,1.9603493213653564
2006-08-15,0.0676512122154235,1.3995155096054075,3.3877739906311035,0.5747290849685669,1.906490445137024,3.4666218757629395
2003-12-24,0.8840267062187195,-1.5732048749923706,0.477178156375885,0.5622150897979736,0.677796483039856,1.5385375022888184
1999-10-25,-0.6171173453330994,0.9718925952911376,-2.864673852920532,-1.5738946199417114,-2.7643558979034424,-1.372184991836548
1983-04-14,0.1622072011232376,0.0964211001992225,0.1891357749700546,-0.431683212518692,-1.0006659030914309,1.94268798828125
1995-02-21,-0.5598887205123901,2.623983144760132,0.861290454864502,0.6727919578552246,1.4929732084274292,-0.5622244477272034
1987-08-30,0.5343071222305298,0.1155503913760185,1.8526338338851929,1.455492377281189,-1.1575307846069336,0.2961114645004272
2005-11-04,-0.4844316244125366,0.5641574263572693,-0.6830206513404846,0.0408597812056541,0.0194332264363765,-0.9848490953445436
1989-04-15,-1.2859159708023071,-0.3049305975437164,-0.7518517374992371,-0.4196334481239319,-1.1324989795684814,-1.58828866481781
2007-11-29,-0.5693037509918213,0.540115237236023,0.2930173575878143,0.0234792288392782,0.3743314146995544,2.0323808193206787
2004-02-13,0.9908463358879088,-3.2598588466644287,1.925728440284729,0.9440439343452454,1.5933042764663696,-0.048976507037878
1984-03-20,0.970685601234436,-0.5919297337532043,0.7965936064720154,0.3349115550518036,0.298063725233078,3.227644920349121
1996-10-08,-1.44821298122406,-1.8757922649383545,-1.256656289100647,-1.7780275344848633,-1.2689751386642456,-1.1550363302230835
1998-07-12,1.2539727687835691,-1.0920348167419434,-0.989878475666046,1.2532466650009155,0.6369814872741699,1.437714695930481
1990-01-20,0.2625675499439239,-0.8043200373649597,-0.1853716969490051,0.2196286171674728,0.617928683757782,-0.8277793526649475
1995-11-25,0.2148718684911728,0.6162519454956055,0.1136869862675666,-0.4574218690395355,-0.9846058487892152,-0.2180313318967819
2002-04-30,-0.7230604290962219,-1.2722620964050293,-1.4076646566390991,-0.6524162292480469,-2.815208673477173,-1.151747226715088
2002-05-14,-0.9895600080490112,-3.2508082389831543,-2.252916097640991,-1.2664711475372314,-3.1114907264709477,-2.4288694858551025
1983-01-23,1.411405086517334,1.4458626508712769,0.6379337310791016,0.1437238752841949,0.8452386260032654,-0.5387111902236938
1999-12-18,2.4048876762390137,1.1251815557479858,0.0370586067438125,0.1354414373636245,1.0923762321472168,2.2792928218841557
2000-10-01,-0.3192531764507293,-0.3801986873149872,0.2540437281131744,0.1226154342293739,-0.415025383234024,0.3264664709568023
1996-06-30,0.0825394466519355,-4.852546691894531,-1.5353796482086182,-2.043217182159424,0.3750990629196167,-0.2161497175693512
2002-05-08,-1.4910749197006226,0.5626686811447144,-1.810970664024353,-1.363317608833313,-3.04180908203125,-2.02797532081604
1990-04-12,-1.2278074026107788,-1.4935752153396606,-0.5208556652069092,-0.431683212518692,-1.1506903171539309,0.2426757961511612
1983-12-25,0.4045780003070831,-0.7977513670921326,-0.0077581019140779,0.1353682726621627,0.3426518738269806,-0.8938648700714111
1996-10-28,-2.041508197784424,-1.1762163639068604,-1.47651207447052,-1.5584498643875122,-0.857863187789917,-2.453655242919922
1986-12-18,0.5195091962814331,0.2335511445999145,-1.6546564102172852,-0.7481285333633423,-1.650866985321045,-4.031152248382568
1999-12-21,2.5345828533172607,2.0222558975219727,0.6622248291969299,0.2453536242246627,0.762634813785553,2.476130247116089
1991-11-07,-1.4166992902755735,-0.5726077556610107,-0.5328458547592163,-1.024978756904602,0.7075762152671814,0.3879695236682892
1985-02-16,1.6918020248413086,-0.2070257663726806,0.7837966084480286,0.7840802669525146,1.5424529314041138,0.3148832619190216
2004-12-15,0.2536913156509399,-0.0015449251513928,0.6738383173942566,0.2113063037395477,0.642678439617157,1.7461644411087036
1999-07-09,2.8363654613494877,-0.3717880845069885,1.5054312944412231,0.7675187587738037,2.523709535598755,0.2831191420555115
2006-12-03,1.8897963762283323,-0.2938387095928192,0.4214899837970733,0.3460306525230407,1.2584484815597534,2.2667016983032227
1983-10-11,-1.5633153915405271,-0.8592957854270935,0.4823187887668609,-1.7581614255905151,-1.860845804214477,3.305459260940552
1997-12-11,-0.1052987352013588,-0.6914215683937073,-1.898850917816162,-0.0411320850253105,-0.75351881980896,-2.249519824981689
2007-02-16,2.170383930206299,-0.5150380730628967,1.3915516138076782,0.7539012432098389,1.610314130783081,1.9412827491760252
1996-01-20,-0.4685997664928436,0.1958626806735992,0.4779300689697265,0.6037153601646423,1.0552300214767456,-0.2487026154994964
1982-12-13,-0.3754546642303467,0.0589171461760997,-0.973895788192749,-0.374436467885971,-0.8219918012619019,0.3498390614986419
1986-03-02,1.3861021995544434,-0.7337822914123535,1.190221905708313,1.042021632194519,1.3147121667861938,1.1595361232757568
1988-10-07,-2.7796425819396973,-1.0230021476745603,-0.2344336658716201,-1.1061623096466064,-3.669663667678833,-0.5598844289779663
1989-06-15,-1.1822370290756226,0.9554021954536438,-0.7439588308334351,-1.0012600421905518,-1.646169662475586,-1.8236933946609497
1991-02-21,0.0111046377569437,0.715177595615387,0.5925384759902954,0.5988460183143616,1.5079632997512815,-1.259743571281433
2003-08-06,1.5172189474105835,3.792203664779663,2.5110864639282227,2.5340516567230225,2.274357557296753,4.049495697021484
1994-06-14,1.4377886056900024,3.645404577255249,-0.7439588308334351,-2.751260042190552,-1.996175765991211,-3.753686189651489
1993-07-24,-0.2484902590513229,-2.6835904121398926,-0.9313138127326964,1.2265956401824951,-1.4669039249420166,-0.5699461102485657
2006-07-24,4.133854866027832,1.9913333654403689,2.0026865005493164,2.875792980194092,3.273889541625977,2.3779609203338623
2003-11-25,-0.1689919531345367,-5.769716262817383,-0.5468339323997498,-0.2497783601284027,-0.2420990467071533,0.5728549361228943
2007-05-22,-1.5839190483093262,-1.5905424356460571,-1.532225251197815,-2.2824742794036865,-3.131242036819458,-0.8601630926132202
1992-05-05,-2.4012980461120605,1.3349926471710205,-1.6642826795578003,-1.2850772142410278,-3.483806133270264,-3.593758583068848
2001-02-09,1.5847917795181274,-0.4167904257774353,0.9251015186309814,0.7482049465179443,1.713993787765503,0.7081040143966675
1992-10-20,-2.4540765285491943,-2.001086473464966,-3.5962302684783936,-1.1308635473251345,-3.391418933868408,0.5056930780410767
2001-11-18,-1.724200963973999,0.9276920557022096,-0.8012563586235046,-0.2612012922763824,-1.207547903060913,0.1988080739974975
1999-03-19,-0.1891566663980484,4.152049541473389,1.9969193935394287,0.5002593398094177,0.266367107629776,2.864837169647217
2002-05-22,-1.2460012435913086,-2.488759279251098,-2.68306827545166,-1.713702917098999,-2.1687722206115723,-1.845351338386536
1988-02-20,-0.1019756644964218,-1.416666865348816,1.148381233215332,0.7579541206359863,1.530032753944397,0.7108736038208008
2002-04-02,-0.1958987563848495,5.349214553833008,0.1074682399630546,-0.2887981832027435,-0.7553202509880066,0.9962449669837952
1985-12-03,0.0429506488144397,-1.171735763549805,-3.336925983428955,-0.7850009202957153,-1.6736490726470947,-2.5436758995056152
1990-12-05,-0.1543272733688354,-0.4665580689907074,-0.8773974776268005,-0.6399343609809875,-0.9619584679603576,0.1245904192328453
1990-08-31,3.0698704719543457,1.027667999267578,3.2663142681121826,0.2117844223976135,1.789016604423523,0.3215581774711609
1982-12-17,-0.0469034239649772,-1.4131566286087036,-1.6956580877304075,-0.2689843475818634,-0.5697007179260254,-0.2697909474372864
2001-07-27,-1.6340203285217283,0.0472466498613357,0.4412508010864258,0.6796732544898987,1.863486647605896,0.2757702171802521
1984-02-10,1.192587971687317,2.0145010948181152,1.0703909397125244,0.4166015684604645,1.4624338150024414,0.9330912232398988
1985-04-13,0.3222108781337738,-1.0435630083084106,-0.6508605480194092,-0.0416990704834461,-1.6006720066070557,-4.497314453125
2002-12-23,1.747841477394104,-1.6758980751037598,-1.210185170173645,0.09122184664011,0.3689653277397156,-3.5512535572052
2005-06-20,-0.5849660038948059,-3.216763973236084,-1.3650784492492676,3.670200824737549,-1.6385829448699951,-1.122700333595276
1993-06-07,-1.5042051076889038,0.8661174774169922,-2.748805284500122,-2.5230507850646973,-3.484391689300537,-0.4055054187774658
1982-08-05,4.69801139831543,1.3539202213287354,-0.3586312532424927,1.998225212097168,-1.397027611732483,1.7160027027130127
1989-10-19,-2.258495330810547,-3.718664169311523,-2.6422059535980225,-1.6852738857269287,-3.994882106781006,-1.307045578956604
1983-03-08,0.8969027996063232,0.6497784852981567,1.2924127578735352,0.6011545062065125,1.1098963022232056,0.333673357963562
1984-03-23,0.5235642790794373,-0.3879621922969818,0.8539239764213562,0.2665473222732544,0.0421805530786514,2.64127779006958
1986-10-09,-2.117116928100586,-2.761703491210937,-3.466946601867676,-1.9975587129592896,-3.63110876083374,-0.2228461652994156
1996-06-16,0.7881686687469482,0.8103824853897095,-0.880404531955719,-1.2975022792816162,1.070590615272522,-0.3766126036643982
1984-08-24,2.408123254776001,1.0530797243118286,2.415109634399414,2.330904960632324,1.855316519737244,2.0849783420562744
2003-04-07,-1.0051409006118774,0.1955244988203048,-0.5853323340415955,-0.1399627178907394,-1.213768482208252,1.4141181707382202
1995-08-20,1.2495369911193848,1.6735140085220337,1.7570537328720093,-0.2592046558856964,1.630626916885376,-1.0470868349075315
2004-07-15,-1.1457785367965698,-2.212531328201294,0.3383503556251526,2.911001920700073,0.1567605137825012,-0.1357693672180175
1993-01-15,0.1140858903527259,-0.1860791146755218,0.1845669746398925,0.0351979508996009,0.545224130153656,-0.6245139241218567
2003-03-14,-0.3758232295513153,-1.701205134391785,0.6177000403404236,0.6857791543006897,0.4406895637512207,-0.9253237843513488
2003-07-16,0.3042336702346802,2.637474775314331,0.2883625626564026,2.691000699996948,2.516776323318481,0.0042452826164662
2003-01-24,-0.0448697097599506,-0.4570326805114746,0.5606520771980286,1.000413417816162,1.5182664394378662,-1.0777851343154907
1982-02-24,0.4201222658157348,-1.8760167360305784,1.331261157989502,1.1427931785583496,1.5129622220993042,0.1477975100278854
1999-09-06,2.469433307647705,-0.3575538992881775,2.9205572605133057,0.1871848702430725,2.8471412658691406,0.6326451301574707
2002-02-09,1.6247698068618774,-0.8168148398399353,1.3851234912872314,0.9682061672210692,1.623966932296753,0.2181137800216674
1982-07-03,-2.015166997909546,-0.9330373406410216,-2.8426878452301025,-0.8446687459945679,-2.1139819622039795,-1.5691003799438477
1994-08-23,-0.1100388541817665,2.4549739360809326,3.817479133605957,-0.0925417989492416,0.6216229200363159,0.4981707036495209
2004-05-17,-0.9858986735343932,-2.133040189743042,-1.6495579481124878,-1.1291624307632446,-2.4361941814422607,0.710849940776825
2004-02-07,0.921908974647522,-3.3134567737579346,1.631966471672058,0.8893658518791199,1.6284524202346802,0.723333477973938
1983-10-04,-1.842219352722168,-0.3825975060462951,0.4057103097438812,-1.8675493001937864,-1.2563329935073853,0.2937786877155304
1984-09-07,1.656973958015442,0.5478532910346985,1.6810948848724363,0.7148415446281433,1.940036416053772,2.0734963417053223
2001-03-22,-0.1675707846879959,1.4642219543457031,0.6522883176803589,0.4298659563064575,0.0164581164717674,-0.1778565198183059
1994-01-26,1.6851108074188232,0.1429734081029892,0.9306777119636536,0.2604231238365173,1.0382554531097412,0.0422099567949771
2000-05-15,-0.4357019662857055,-1.240959882736206,0.2012091279029846,-1.294410228729248,-2.505199432373047,-0.9008135795593262
1990-03-23,-0.3552673161029815,2.050727128982544,0.0287999138236045,0.3019010722637176,0.0157742742449045,-1.1636903285980225
1992-03-30,-2.7005059719085693,1.3142656087875366,-0.0462793447077274,0.2824387550354004,-0.7315122485160828,-1.263640284538269
1992-10-17,-2.864122152328491,-2.77109432220459,-2.9079384803771973,-1.3615678548812866,-2.379750490188598,-2.1768338680267334
1984-05-20,-1.2521597146987915,-0.6513840556144714,-0.3052276372909546,-2.332526445388794,-1.868943214416504,0.666807234287262
2002-01-08,1.735106110572815,0.5258207321166992,0.99116450548172,0.6772623062133789,1.498183012008667,2.294780731201172
1985-04-14,0.3140276074409485,-1.769683837890625,-0.5761880278587341,-0.0636551603674888,-1.7364696264266968,-4.959816932678223
1987-02-17,-0.1291487663984298,-1.1198440790176392,0.975716233253479,0.7740610241889954,1.5433164834976196,0.601017415523529
1984-07-14,2.023612260818481,0.0370672233402729,1.4970818758010864,-0.8960474729537964,1.6637216806411743,0.8452722430229187
1995-11-20,-0.1441838443279266,-1.0423091650009155,0.1387460827827453,-0.6611952185630798,0.0024435811210423,-1.2812029123306274
1993-05-30,-1.04417622089386,0.8095120191574097,-1.3707908391952517,2.503470659255981,-2.617317914962769,1.4327210187911987
1995-05-28,0.3119677603244781,-3.7764134407043457,-3.380951404571533,-0.5589590072631836,0.02366529032588,-2.2258849143981934
1987-03-02,-0.0939087867736816,-1.3537774085998535,0.830236554145813,0.672026515007019,1.3147121667861938,0.1195275709033012
1996-05-28,-0.7060983777046204,0.451546847820282,-2.610830068588257,-1.7177672386169434,-2.257102727890014,1.7885029315948486
1984-06-28,0.7129259705543518,0.8022918701171875,-0.3613416254520416,-1.3849406242370603,-0.1424829214811325,-1.4145218133926392
2005-04-13,-1.290532469749451,0.7858459949493408,0.5559805035591125,-0.0483446829020977,-1.5142760276794434,4.608687400817871
2003-01-15,0.7909608483314514,-1.928055047988892,0.1928940415382385,0.7090139985084534,1.356234431266785,-0.9790840744972228
2007-09-23,-0.1099146679043769,1.5373033285140991,1.9737085103988647,-0.808347225189209,-1.0762580633163452,2.500265121459961
2002-02-15,1.8739612102508545,0.0503337122499942,1.3330353498458862,0.8209980130195618,1.5671043395996094,0.5390251874923706
1991-11-19,-0.9586655497550964,1.345357894897461,0.0531155690550804,-0.7781981825828552,-1.374470353126526,-1.4682997465133667
2006-10-28,-1.0570765733718872,-1.47149920463562,0.4780992865562439,-0.7524916529655457,-0.6128728985786438,-0.0303801707923412
2002-04-23,-0.2340327352285385,2.5743725299835205,-0.9281337261199952,-0.5681923031806946,-2.3242828845977783,-1.202365756034851
1985-01-24,1.5049101114273071,0.4028930068016052,0.2293417006731033,0.3093592524528503,0.9426661729812622,-2.2238636016845703
2000-04-20,-0.3704798817634582,2.385941505432129,0.5927622318267822,-0.3496558666229248,-1.380620360374451,0.503764808177948
1994-11-26,0.1629458516836166,-0.8217454552650452,-2.2866358757019043,-0.6485908031463623,-0.1831236332654953,-3.522691488265991
1989-11-11,-0.2443822920322418,2.097193717956543,-2.598614454269409,-1.1798681020736694,-2.462854146957397,0.9605317115783693
1986-11-14,-2.455244779586792,-1.6053228378295898,-2.411931037902832,-1.205692172050476,-2.156367301940918,-0.3296591639518738
2002-11-18,0.3558161556720733,2.36769437789917,-2.8212454319000244,-0.7412123084068298,-1.007566213607788,-2.131178617477417
1993-09-24,-0.3527737855911255,3.711876630783081,-0.6971641182899475,-1.066616773605347,-2.3602752685546875,-0.533654510974884
1998-07-01,-1.3988410234451294,-0.2813363671302795,-1.366922378540039,0.2188049554824829,0.5360113382339478,0.2474279403686523
1998-04-10,-0.1877989023923874,0.0564430691301822,0.5091431140899658,-0.401684433221817,-1.0706732273101809,0.862701416015625
1991-05-28,-0.1699385493993759,0.5355799794197083,-2.271189451217652,-2.7801320552825928,-1.535068392753601,-3.3404483795166016
1987-10-27,-1.9206048250198364,-1.0572528839111328,-1.7816179990768433,-1.8847399950027464,-1.5780879259109497,-2.20993447303772
1996-10-10,-2.0143163204193115,-2.2756683826446533,-2.089402437210083,-1.685563325881958,-1.130504131317139,-0.9524012207984924
2002-03-10,0.9018329977989196,-0.016091912984848,0.8638912439346313,0.735989511013031,0.8078943490982056,-0.2587394118309021
2001-10-21,-1.1948424577713013,2.63675594329834,0.5784555673599243,-0.7848629951477051,-0.2025981545448303,2.3073947429656982
1994-06-08,-0.3307345509529114,0.1051787361502647,-2.0977783203125,-1.620670199394226,-1.6077924966812134,-4.131402969360352
1988-05-31,-1.15416157245636,-0.6304904222488403,0.1492286622524261,-1.836525797843933,-0.8973166942596436,0.3427247107028961
2006-02-21,1.307085037231445,0.5119732618331909,1.774219036102295,0.8485520482063293,1.6422278881072998,1.8016215562820437
2003-10-30,-0.8587110638618469,0.661834716796875,2.552063226699829,0.1711214333772659,-1.894287705421448,-0.0875350683927536
1983-09-24,-1.0207926034927368,-0.0817514210939407,-0.398154616355896,-0.6273776888847351,-1.5656225681304932,-1.6891270875930786
1998-09-04,0.916983723640442,-0.0521528124809265,2.3911168575286865,2.254850149154663,1.970035195350647,3.4035134315490723
2003-01-06,1.7711758613586426,-0.7062560319900513,-0.5086451172828674,0.6229717135429382,1.436105251312256,-1.5339336395263672
1989-01-16,0.5440785884857178,-0.8160840272903442,-0.1454501152038574,0.6452138423919678,0.495236337184906,-1.1145042181015017
1998-06-21,0.3538994193077087,1.768061637878418,0.4854137003421783,-0.617139995098114,1.3258988857269287,2.438922643661499
1984-12-18,1.919503092765808,3.233551263809204,-0.7246636748313904,-0.008138327859342,0.0791439935564994,-2.6811766624450684
2007-01-31,2.8147666454315186,3.7344956398010254,1.3523844480514526,0.7795124053955078,2.068927049636841,1.8565750122070312
2002-04-07,-0.3151384592056274,4.0555100440979,0.0546823404729366,0.4600434005260467,-1.153770923614502,0.6941169500350952
1993-12-29,1.6676061153411863,-1.0991888046264648,0.0232382342219352,0.1619984954595565,0.7039588689804077,-0.2055087983608245
1998-05-03,-0.3711948990821838,-4.020149230957031,0.5422717928886414,-1.0804427862167358,-0.53368079662323,3.3609728813171387
2001-04-17,-2.195765495300293,0.6599233746528625,-0.7789468169212341,-0.2562324404716491,-1.7869166135787964,-0.5590511560440063
1987-09-13,0.2641591727733612,0.5083683133125305,0.8760122060775757,0.3237829804420471,0.1508025377988815,0.0786931067705154
1987-05-09,-2.343413829803467,2.783618688583374,0.0597053728997707,-0.7853711843490601,-0.0456846095621585,0.6545709371566772
1986-02-13,1.4547868967056274,-1.636791706085205,1.2451088428497314,1.0282037258148191,1.523991346359253,-0.6618911027908325
1986-08-12,1.6862847805023191,1.6988106966018677,0.9974380135536194,2.530317068099976,2.415679454803467,0.1679064929485321
1988-04-24,-1.5807193517684937,-0.4204499423503876,-0.0895231887698173,-0.3886064291000366,-1.8707993030548096,3.269345283508301
1992-01-24,0.3495988845825195,-0.0203235931694507,0.1173915192484855,0.1409372985363006,1.0027484893798828,4.131868362426758
1983-01-13,1.24508535861969,-0.4841585457324981,0.0311425495892763,-0.1427145153284073,0.3081805408000946,0.5047721266746521
2002-05-29,-0.2921721339225769,-0.6124973893165588,-2.460782766342163,-2.035242795944214,-0.1069541275501251,-3.3431625366210938
1996-12-09,-0.7454802989959717,-2.1910829544067383,-0.2039067596197128,-0.5644388794898987,-0.0319832302629947,0.5498512387275696
1992-03-24,-1.8975512981414795,0.3242073059082031,0.3722895383834839,0.2998610734939575,-0.2235321253538131,-1.4178467988967896
1989-01-11,0.8050829172134399,-1.0141572952270508,-0.0388342551887035,0.4472818076610565,0.3282000720500946,-1.355213284492493
1981-10-02,-1.9896031618118288,-2.010279417037964,-1.1249656677246094,0.745615541934967,-0.2201369851827621,-1.1436338424682615
1988-03-02,0.1916301101446151,0.1337439268827438,1.8211404085159304,0.6178817749023438,1.278861165046692,3.695322990417481
1986-10-27,-1.5305901765823364,-0.4772663116455078,-2.391603469848633,-1.864750981330872,-3.1780941486358643,-1.9199259281158447
1993-06-14,-0.9022382497787476,-3.544597864151001,-2.8339550495147705,-3.1512539386749268,-1.086172103881836,-1.8936702013015747
2003-07-29,-0.8060204386711121,5.168087959289551,2.397449254989624,2.4371278285980225,-0.956867814064026,1.2484179735183716
1985-07-21,1.0520977973937988,1.5645395517349243,-1.5691583156585691,1.224865436553955,2.82356071472168,-0.137469932436943
2007-01-14,3.3209595680236816,2.6019742488861084,0.9328842759132384,1.079009175300598,2.866244316101074,0.940929353237152
2001-05-21,-0.4282220602035522,-0.7370731830596924,-2.244189977645874,-1.2449530363082886,-0.5459839701652527,3.269165515899658
1983-08-09,2.5245485305786133,0.3008785247802734,2.4030537605285645,0.2416583001613617,-0.1265081763267517,0.8564465045928955
2004-03-21,-2.1575610637664795,-2.475780487060547,0.912267565727234,0.9198561906814576,-0.1735443323850631,-0.1578369885683059
1994-03-30,-0.5604912042617798,-0.0557295642793178,0.3037267625331878,0.3624253273010254,-0.8114988207817078,1.456360936164856
1999-08-08,0.6959353685379028,0.2248351573944091,3.643233060836792,2.08670711517334,4.213701248168945,4.00304651260376
1990-03-01,0.7060790061950684,1.1462225914001465,1.140234112739563,0.692015528678894,1.3147121667861938,-0.6304724216461182
1989-09-10,1.9984939098358157,-1.2573612928390503,1.1388651132583618,-0.6164770722389221,-2.4458892345428467,2.047743797302246
1983-11-08,-1.5584027767181396,-0.2388303577899933,-0.6217748522758484,-1.850499391555786,-2.253840446472168,-3.57857084274292
1986-12-29,1.0793910026550293,0.5288535952568054,-0.9564340710639954,0.1826892346143722,-1.0150686502456665,-3.002213716506958
1989-06-07,0.4325959682464599,0.4072729349136352,-0.6395594477653503,-1.0452605485916138,-0.8000604510307312,-0.3795044422149658
1999-08-13,0.613820493221283,0.878203809261322,3.8254120349884033,1.364600658416748,0.1099258512258529,4.171105861663818
1999-02-28,0.5016276836395264,2.5837562084198,1.7711526155471802,0.4978866577148437,1.278861165046692,3.155314445495605
1993-12-25,1.887825608253479,-0.7258859276771545,-0.2801619172096252,-0.1687573939561844,0.5189592242240906,-0.1912681460380554
1997-08-26,-0.515930712223053,-1.4333760738372805,1.9991239309310915,2.193854331970215,2.053103446960449,1.025591254234314
2001-04-27,-1.661407232284546,-0.0351765714585781,-1.4507440328598022,-0.8434827327728271,-2.042736530303955,-0.4268669486045837
2003-01-30,-0.2935312688350677,-3.203311920166016,0.8362147212028503,0.5352617502212524,1.5215849876403809,-0.9895109534263612
2005-02-19,0.0074805482290685,3.631389617919922,1.917803168296814,0.6757196187973022,1.4753516912460327,1.5638641119003296
2005-11-14,-0.2855605483055115,1.6945537328720093,-0.7940573692321777,-0.3265122473239898,0.321894109249115,-1.4812850952148438
2004-08-14,0.6041951775550842,1.764618992805481,4.00642204284668,2.863197326660156,1.3533666133880615,1.3406254053115845
1991-06-18,-1.5718166828155518,-2.759594440460205,-3.310427665710449,-1.3375108242034912,-0.239406943321228,-3.916621208190918
1999-02-08,1.021915078163147,4.366535663604736,1.041970133781433,0.9093548655509948,1.5384560823440552,3.713323593139648
1990-09-27,-0.8799036741256714,0.5073045492172241,1.9336999654769895,0.1016564443707466,0.2737480700016022,1.8602505922317505
2003-08-30,0.7922031283378601,2.185421943664551,4.338970184326172,2.0321145057678223,0.3358526825904846,3.072951316833496
1998-12-20,0.1553608179092407,-2.622889995574951,-1.2387009859085083,0.7824705839157104,0.1473873555660247,-1.345705270767212
1989-01-20,0.5025882720947266,-2.0743396282196045,-0.0153887830674648,0.599633514881134,0.687936007976532,-1.0477806329727173
1988-11-10,-1.6182466745376587,0.2490719705820083,0.0391052961349487,-1.016579270362854,-2.2057361602783203,2.36145281791687
1982-06-09,-1.717397928237915,-1.9627221822738647,-0.7795740962028503,-2.095248222351074,1.339923620223999,-3.019488573074341
1996-01-23,-1.1403913497924805,-0.8503101468086243,0.5974025130271912,0.510932445526123,1.1127643585205078,0.0918599814176559
1997-07-13,1.1655559539794922,-2.020197868347168,0.0146562345325946,0.3432803750038147,2.162457227706909,1.0810736417770386
2007-01-12,3.2940785884857178,2.4839344024658203,0.6445584297180176,1.0351979732513428,3.115231513977051,0.9054848551750184
2005-05-24,-1.529954433441162,-3.1444127559661865,-1.5211893320083618,-0.2401540130376815,-4.445072174072266,0.8895626068115234
1981-11-30,-0.8789834380149841,-1.3697222471237185,-0.0968217030167579,0.4202045500278473,-0.6821014881134033,0.0028475949075073
2007-03-29,-0.0764532089233398,-1.0321900844573977,0.2249720096588134,0.6664284467697144,-0.763414204120636,0.1602592170238495
1999-12-23,1.9008413553237915,2.100769519805908,0.7315413951873779,0.269755095243454,0.94845712184906,2.268384456634521
1992-11-19,-1.57155442237854,0.2964409291744232,-2.7692787647247314,-1.809746503829956,-3.2109293937683105,-3.5049197673797607
1999-07-29,5.869230270385742,0.2470634132623672,2.8733773231506348,2.312952280044556,4.007052421569824,3.506478071212769
1983-08-29,2.3255040645599365,-0.6709235906600952,0.5178737044334412,-0.236754223704338,1.0863161087036133,2.486523151397705
1986-02-16,1.7318105697631836,-1.5170233249664309,1.2537977695465088,0.9740827083587646,1.5424529314041138,-0.4150972068309784
1985-07-29,1.283849000930786,1.0613406896591189,-0.3773182928562164,0.055785659700632,1.993890643119812,0.8279731869697571
2004-05-24,-0.6299605369567871,-0.8944126963615417,-1.4412027597427368,-1.3401296138763428,-2.6450841426849365,-0.7804508209228516
1994-10-08,-1.5833044052124023,2.6507139205932617,-0.277690976858139,-0.6381663680076599,-1.880865335464477,0.495461642742157
1995-02-09,-0.578091025352478,0.9965407848358154,1.091957926750183,0.6793438792228699,1.5284768342971802,-0.316675066947937
1993-01-06,0.0827416852116584,-0.4120651185512543,-0.0340224988758564,0.185930997133255,0.3755578100681305,-0.3160596191883087
2002-03-30,-0.2764654159545898,6.027807235717773,0.1949732303619384,0.3464211225509643,-0.503404438495636,0.4902457892894745
1988-08-30,1.2462674379348757,0.7358964085578918,1.458349347114563,0.4381132125854492,2.024442672729492,0.0381073728203773
1992-07-16,-1.2976375818252563,-1.5234251022338867,-2.501676321029663,0.1355917751789093,-0.8799359202384949,-5.369303226470947
1991-10-12,-2.314304113388061,-0.4856599271297455,-2.149399995803833,-1.425584077835083,-2.1804919242858887,-1.4324122667312622
1999-01-01,0.3630870580673218,-1.0441453456878662,-0.0306784566491842,0.8538647890090942,0.6901727318763733,-1.0499578714370728
2002-07-02,0.651264488697052,2.023478746414185,-0.7064691185951233,-0.505326509475708,1.193527102470398,0.9867485761642456
1989-01-21,0.881406307220459,-2.0441274642944336,0.0479373969137668,0.5937055945396423,0.7352532744407654,-1.1087185144424438
2007-10-24,-1.7227596044540403,-0.2782111167907715,-1.3065185546875,-0.9125713109970092,0.8502513766288757,-0.0135720437392592
1991-05-03,-1.743049383163452,0.5977634787559509,-2.0376696586608887,-1.2124137878417969,-1.1452257633209229,-1.521772861480713
1988-05-06,-1.601279854774475,-2.0450122356414795,0.1057063564658165,-0.7950565218925476,-2.5538134574890137,1.126242756843567
1986-05-01,-0.4514157474040985,3.614817380905152,-0.2507318258285522,-0.4935071468353271,-0.7527279257774353,-1.606859564781189
1999-01-23,0.6528692841529846,3.875300168991089,0.7436608076095581,0.6816169619560242,1.2403788566589355,-0.7335079908370972
1983-02-26,1.0231162309646606,1.1773971319198608,1.4721243381500244,0.5976487994194031,1.455104112625122,0.6984735727310181
1996-06-21,1.5938897132873535,0.2580824494361877,-1.234587550163269,-2.117140054702759,1.2159135341644287,-2.021099328994751
1994-08-26,0.1055027693510055,3.3590750694274902,4.267873764038086,-0.226774975657463,0.9163027405738832,1.416515827178955
2006-04-23,-0.6570691466331482,0.255601018667221,-0.4644019305706024,0.0412324294447898,-0.94753760099411,1.950365662574768
1997-05-30,-1.102169632911682,-3.502511978149414,-3.190793752670288,-0.9352368116378784,-2.3769736289978027,-3.3631515502929688
2005-05-19,-1.7006179094314575,-2.795560836791992,-1.455618977546692,-0.1162630692124366,-3.502943515777588,1.7933906316757202
1983-04-04,-0.5664434432983398,-0.2921998500823974,0.7749903202056885,-0.0335837677121162,-0.2034166306257248,0.5602531433105469
1990-04-20,-1.515772819519043,-0.6100656390190125,-0.7389382719993591,-0.6362373232841492,-1.1769007444381714,-1.8090511560440063
1999-06-09,3.0472090244293213,-3.5759835243225098,1.1452195644378662,-1.995212435722351,-0.2815889418125152,1.0071254968643188
2006-03-10,0.3873712718486786,-0.3353153765201568,1.928117036819458,0.7099050879478455,0.7221255898475647,0.5093044638633728
1984-01-19,0.4681666791439056,0.6184674501419067,0.584549069404602,-0.1374941915273666,0.6318897604942322,-0.3112858235836029
1995-07-02,2.421135902404785,1.4386649131774902,-2.396921157836914,-2.3311829566955566,2.8560187816619877,-1.982552528381348
2006-07-07,1.7963875532150269,1.5982131958007812,3.1454458236694336,1.0675370693206787,2.273709535598755,2.023109436035156
1993-10-25,-2.220592737197876,2.702756881713867,-1.1915911436080933,-1.1247302293777466,-2.6680843830108643,-3.07992959022522
1986-10-24,-1.6755536794662476,0.3899799585342407,-2.8745059967041016,-2.074092388153076,-3.373307704925537,-2.03749942779541
1997-12-19,0.2554612755775451,-1.9285650253295896,-1.400440335273743,0.0791612640023231,-0.1193694472312927,-1.5380144119262695
1995-11-15,-0.1684689968824386,-0.926337480545044,0.7830747961997986,-1.082732915878296,-0.955539345741272,-1.2460312843322754
2006-04-19,-0.160488411784172,-0.6040791869163513,-0.4072377979755401,-0.1796424388885498,-0.8806203603744507,1.0437427759170532
2007-02-27,1.8254586458206177,-0.2501105666160583,1.2698283195495603,0.932692050933838,1.2304325103759766,0.529617965221405
2007-02-02,2.5268430709838867,2.7571165561676025,1.340489625930786,0.7799631953239441,2.005897521972656,1.137478947639465
1988-06-03,-1.4278968572616575,-1.5363632440567017,-0.6507560610771179,-1.8724039793014529,-1.674324631690979,-0.3151667714118957
1991-02-27,0.2099556028842926,0.5369390845298767,0.4016837477684021,0.587310791015625,1.3786687850952148,-1.6264604330062866
2000-05-17,-0.5688791275024414,-1.692078948020935,-0.0921657979488372,-1.4007608890533447,-1.9025973081588743,1.56402587890625
1986-09-01,-0.0301051866263151,-0.5323295593261719,1.0963314771652222,2.5517807006835938,-1.100967526435852,2.7315618991851807
2005-04-03,-0.955640435218811,-0.4189414978027344,0.7698111534118652,-0.0829496756196022,-1.0255576372146606,4.407147407531738
1994-12-28,1.2839518785476685,-0.2598197758197784,-0.1510709524154663,0.3926011919975281,0.3503326177597046,-1.2635575532913208
1998-06-29,-1.9151607751846316,-0.0330128967761993,-0.8226988911628723,0.3153349459171295,1.156007170677185,0.1609105616807937
1988-09-04,-0.3887666165828705,0.268825888633728,2.1205861568450928,1.0164767503738403,1.9528875350952148,-1.1497414112091064
1998-09-05,0.1823661625385284,-1.6905368566513062,2.0547189712524414,2.085510492324829,2.0423424243927,-0.64266437292099
1993-05-14,-1.098352074623108,2.6685333251953125,-2.202913999557495,1.0988339185714722,-2.684251546859741,-3.6764421463012695
2001-12-07,1.0488566160202026,1.608625411987305,0.4779433608055115,-0.0214770957827568,0.3171339631080627,3.5242598056793213
2007-09-04,-0.7605776190757751,1.0624595880508425,1.080530285835266,0.6871848702430725,0.9771462082862854,0.6626744270324707
1982-08-14,0.1582282930612564,2.0441243648529053,1.383743166923523,2.654925346374512,-0.2697261869907379,3.034167528152466
1996-12-26,0.149398386478424,-1.0211646556854248,1.0735646486282349,0.362681895494461,1.1649240255355835,0.5677935481071472
1985-09-01,-0.3701015114784241,0.4176521301269531,-0.9536868929862976,2.0517807006835938,-0.820968747138977,-1.8684442043304443
2002-05-01,-0.8317624926567078,-1.0758928060531616,-1.3821872472763062,-0.5362272262573242,-2.094125509262085,-1.1049944162368774
1985-10-02,-0.9466013312339784,-0.8770432472229004,-0.4006188511848449,-1.7613805532455444,0.075816698372364,-1.1755895614624023
1993-06-15,-0.8259441256523132,-3.143340587615967,-3.08001708984375,-3.2570011615753174,-0.3218668699264526,-1.968297362327576
1986-05-21,-0.2189035713672638,2.0379014015197754,-1.372164607048035,-0.7407877445220947,0.3174039423465729,0.1040344685316085
1992-11-17,-1.6155471801757812,0.4345439672470093,-3.0540671348571777,-1.5965317487716677,-3.3280997276306152,-3.6512985229492183
2004-04-04,-2.147512197494507,2.750305414199829,0.7132169008255005,0.4188153743743896,-0.8732941746711731,0.5607216954231262
1996-09-05,-1.507636308670044,0.5394436120986938,1.584717869758606,-0.8744808435440063,2.452346086502075,3.9373526573181152
2004-04-19,-2.8204920291900635,2.125931739807129,0.5227549076080322,-0.0796668604016304,-2.000615358352661,0.593761146068573
1987-11-03,-1.6487195491790771,-0.908172607421875,-1.0979305505752563,-1.5388699769973757,-1.4443060159683228,-1.71753990650177
1983-01-01,0.4975926876068115,-0.7191839218139648,-1.156754493713379,0.3819997012615204,-0.096028909087181,1.054500937461853
2006-09-10,1.166369080543518,-1.230420708656311,3.4319305419921875,3.1979315280914307,0.1870541870594024,-2.0844686031341557
1992-03-31,-2.52276349067688,1.091634750366211,-0.0996686667203903,0.2598564028739929,-0.846510648727417,-1.8610233068466189
1983-06-16,-0.5880334377288818,3.6645448207855225,-0.0473564863204956,-1.195185899734497,0.8307389616966248,-0.4088075757026672
1987-07-29,3.483861207962036,1.0613406896591189,2.4126901626586914,2.165801525115967,2.403894424438477,0.1079719513654708
2000-05-12,-0.6983581781387329,-1.441482663154602,0.5170873403549194,-1.2411624193191528,-2.364244222640991,-1.50645911693573
1983-08-13,0.6762750148773193,-1.091197848320007,1.4274307489395142,-0.399675577878952,0.8956599235534668,0.7679125666618347
1983-05-01,-0.7258076071739197,-0.1442107558250427,0.4792627096176147,-1.2314225435256958,-0.986799955368042,2.743093490600586
1996-04-19,-1.522980809211731,-1.4238585233688354,-0.7369510531425476,-0.6934582591056824,-2.163635015487671,-0.6204215288162231
1996-03-18,-0.643435001373291,-0.9792709350585938,1.5378210544586182,0.3130582273006439,0.2083590626716613,-1.2930375337600708
1991-01-29,0.4615291655063629,4.005826950073242,0.1202047392725944,0.4656605422496795,1.1361559629440308,-0.4268032908439636
1990-06-14,-0.3080346584320068,-2.465460062026977,-2.12734317779541,-1.825160264968872,-1.2892560958862305,-0.9688051342964172
2000-09-18,1.3496021032333374,0.996270477771759,2.0356833934783936,1.4275062084197998,0.956867814064026,-0.1548070162534713
2003-02-11,0.5110993981361389,-2.095573663711548,1.2897244691848757,0.6731078624725342,1.5889312028884888,-0.2626372575759887
1982-11-04,-2.378730535507202,-1.2481689453125,-2.297912359237671,-1.5088711977005005,-1.1442877054214478,2.632466077804565
1999-04-03,-0.0958926454186439,2.459200143814087,1.6874853372573853,0.4411822855472564,-0.6753031611442566,1.8062424659729004
2004-04-11,-2.715939283370972,2.4150705337524414,1.0181373357772827,0.0103592416271567,-1.4525063037872314,0.3916917741298675
2000-10-29,-0.6170741319656372,-1.40149188041687,-1.171894669532776,-1.5425002574920654,-1.922870397567749,-1.510391116142273
1982-01-16,0.762152910232544,0.3817271590232849,0.7597986459732056,0.578272819519043,1.7250851392745972,3.316066265106201
1984-11-30,0.9591111540794371,2.722297430038452,-3.226912498474121,-0.7910007238388062,-1.3516098260879517,-2.341451644897461
1989-07-16,1.9983417987823489,0.7426769137382507,1.300692439079285,0.8640557527542114,0.3901371359825134,-3.0746066570281982
1992-08-12,-0.8482171297073364,3.1207995414733887,0.4721747040748596,0.1704972833395004,-0.7224857211112976,-2.108243465423584
1999-06-26,3.2271406650543213,-2.8700788021087646,1.98177969455719,1.354342699050903,4.919555187225342,2.1959497928619385
2006-03-19,0.2047302275896072,-0.2792594730854034,1.6387852430343628,0.4118864238262176,0.1257596313953399,1.1563169956207275
1999-02-20,0.8801137208938599,1.8939722776412964,1.711266040802002,0.9628005027770996,1.4929732084274292,5.407776832580566
2000-06-23,-0.0504830256104469,-1.794702410697937,1.1064976453781128,0.046294942498207,-0.1527935564517974,-0.0144582148641347
2003-10-31,-0.819659411907196,1.2158043384552002,2.457104206085205,0.0851336270570755,-1.6750454902648926,-0.0839131847023963
1999-07-10,2.184414863586426,-0.5528311729431152,1.355544090270996,1.155365228652954,2.29263973236084,0.6337435245513916
1981-12-15,-0.1753060668706894,-0.8914337754249573,1.171156406402588,0.4188593626022339,1.62648606300354,-0.2595295906066894
1996-06-25,-0.5970715880393982,-1.1277008056640625,-0.2413465082645416,-1.0449442863464355,1.657535433769226,-1.894532799720764
1984-05-04,-2.193061590194702,-0.952254831790924,-0.2376512736082077,-1.4423942565917969,-2.015220880508423,3.548234462738037
2003-03-02,0.2381204813718795,-2.052107810974121,1.1704715490341189,0.7593637108802795,1.1559473276138306,-0.6762001514434814
1996-04-05,-0.915631890296936,-1.8589439392089844,0.0997977256774902,-0.2029447853565216,-1.1355735063552856,0.3571595847606659
1982-12-08,0.2928591966629028,-0.5051074624061584,-1.2178412675857544,-0.7718663215637207,-1.1663233041763306,1.3206543922424316
2007-08-11,1.6237998008728027,1.6582026481628418,1.335421800613403,1.144599437713623,0.6799331903457642,0.6111084818840027
1982-10-12,-1.33822762966156,-1.2358081340789795,-2.5466649532318115,-1.2480287551879885,-1.4289788007736206,-0.2350228875875473
1994-08-29,1.4262601137161257,1.9659074544906616,5.348363876342773,0.4481229782104492,0.8544597029685974,1.798086643218994
1997-12-09,-0.2254607826471328,-1.0710877180099487,-1.913898229598999,0.5255574584007263,-0.1419990956783294,-2.850173234939575
1983-07-07,1.7812693119049072,-0.7565199732780457,2.813550472259521,1.164656400680542,0.723525881767273,6.31673526763916
2002-11-28,0.915087103843689,-2.783665657043457,-2.326906442642212,-0.3535928130149841,-0.2223240286111831,-2.4796934127807617
1992-09-15,-1.8149577379226685,1.8662190437316892,-0.2834426462650299,-0.1840740591287613,-0.2572786509990692,-2.5617682933807373
1996-11-16,-2.3055496215820312,-0.8554645776748657,-0.5940756797790527,-1.0465134382247925,-0.238103449344635,-0.0812912285327911
1992-05-10,-3.211045503616333,1.1726845502853394,-2.390987634658813,-1.383306622505188,-3.301788330078125,-3.14797043800354
1983-01-06,0.8520466685295105,-0.3873631656169891,-0.6821234226226807,-0.0196520742028951,0.164513811469078,0.7046563029289246
1995-09-18,-1.754952073097229,-0.0637312531471252,-2.1503593921661377,-0.6899100542068481,-0.9015332460403442,-1.631892204284668
2001-12-06,1.082826018333435,1.4580438137054443,0.5194510221481323,-0.0687509402632713,0.2452298998832702,3.9585111141204834
1994-07-27,4.643864631652832,4.611328601837158,2.5726938247680664,0.6758112907409668,6.753900527954102,-1.0620415210723877
1986-06-27,-1.660468339920044,2.9053096771240234,-1.0734950304031372,-0.0537111610174179,-2.44280219078064,-1.194450855255127
1993-03-10,-0.7041404843330383,1.628262996673584,0.76884925365448,0.6152722239494324,0.8421728610992432,0.3607648313045501
2002-04-20,0.4395176768302917,2.935929298400879,-0.7172658443450928,-0.6596534252166748,-1.890630125999451,-0.716236412525177
1990-03-11,-0.0141380261629819,0.1482519656419754,0.2188309580087661,0.5052868723869324,0.8421728610992432,-1.1092363595962524
1998-08-23,-0.6865452527999878,2.5282576084136963,4.1320414543151855,2.785041332244873,1.040582537651062,4.3828206062316895
1982-11-24,-0.416634052991867,-0.8608579039573669,-0.5728537440299988,-1.102550745010376,-1.634390950202942,-0.1471190154552459
2006-03-12,0.3535309135913849,-0.0578831657767295,1.770039677619934,0.6647751927375793,0.5735215544700623,0.3910044431686401
2002-02-10,1.668776273727417,-0.7055259943008423,1.3434854745864868,0.9111482501029968,1.612775444984436,-0.3115592002868652
2000-07-31,1.1680124998092651,0.5439226627349854,3.7313649654388423,3.178217887878418,3.3829710483551025,2.0559990406036377
1991-06-19,-1.623908758163452,-2.5570576190948486,-3.4046571254730225,-1.282241940498352,-0.191192477941513,-4.110275268554688
1982-03-21,-0.3993094861507416,0.2180983424186706,0.6866082549095154,0.574901819229126,1.0480637550354004,0.8376302123069763
2007-07-21,-0.1184853836894035,1.1964144706726074,0.2786776125431061,3.286593198776245,3.1230924129486084,1.2900391817092896
1990-05-28,-0.7699446678161621,0.7955897450447083,-2.3812053203582764,-1.0701406002044678,-2.9050633907318115,0.6895503997802734
1985-01-23,1.548842430114746,0.0949454754590988,0.2295283824205398,0.3269678652286529,0.9101558923721312,-2.230741262435913
2007-08-04,2.8200786113739014,2.3808884620666504,1.79104745388031,2.992370843887329,4.477617263793945,3.5073161125183105
1998-01-19,0.1713843494653701,1.2058724164962769,0.0479373969137668,0.2037214338779449,1.1052483320236206,0.6212924718856812
1992-04-30,-2.1178677082061768,3.073129653930664,-1.2519224882125854,-1.1960276365280151,-2.8694722652435303,-4.167657852172852
1998-09-07,-1.0818661451339722,-1.5031590461730957,0.2985933423042297,2.1298768520355225,1.3544164896011353,-2.130544900894165
1982-01-25,0.2649198770523071,-0.8670960068702698,0.9593526721000672,0.7993800044059753,1.6326686143875122,1.1961194276809692
1999-10-24,-0.7205926179885864,0.8227519989013672,-2.781618118286133,-0.8847399950027466,-2.7481014728546143,-1.4599344730377195
1994-05-02,-0.7530592083930969,-3.0322413444519043,-1.2076524496078491,-1.0224113464355469,-3.115226984024048,-3.701765537261963
1997-07-06,3.289001226425171,-0.7131105065345764,-1.5364625453948977,-0.5318842530250549,1.1294513940811155,-0.0937081426382064
1991-12-09,-0.1071763783693313,0.4680535793304443,-2.250568628311157,-0.5187631249427795,-0.2047823071479797,-1.5314791202545166
1989-10-04,-2.3692715167999268,0.5097854137420654,-0.765945315361023,-1.7673991918563845,-3.325029134750366,-1.823527455329895
1985-08-11,1.9059573411941528,3.064831495285034,0.8332049250602722,3.25669002532959,2.973710775375366,0.5430246591567993
2004-10-27,-0.7946736812591553,-1.3042014837265017,0.155228853225708,-0.205709308385849,0.2992479205131531,4.027575492858887
2004-07-05,0.6236964464187622,-1.9069111347198489,-0.5505271553993225,2.2939019203186035,0.6421400904655457,-2.175586938858032
1994-04-16,-0.5705311894416809,4.245837688446045,-0.5940133929252625,-0.078343465924263,-1.9442687034606931,3.798689842224121
1990-05-21,-1.1859108209609983,-1.343031644821167,-2.0095736980438232,-1.3091551065444946,-1.8361881971359253,-0.849147617816925
1997-01-16,0.9309449791908264,-3.3880465030670166,1.3528977632522583,0.2590017914772033,1.6962307691574097,-0.3090706169605255
1988-04-09,0.5693188905715942,-0.5715398788452148,0.8248389959335327,0.0298018772155046,-0.4727148413658142,1.4730340242385864
1983-11-19,-0.6621655821800232,0.913968026638031,-0.5307611227035522,-1.4146934747695925,-1.9618172645568848,-1.533872127532959
1993-10-19,-2.011790037155152,0.8846909999847412,-1.2149394750595093,-0.9383848905563354,-3.0487663745880127,0.1137880906462669
1982-12-23,-0.154542401432991,0.0414362326264381,-2.020435571670532,0.0291734673082828,-0.0693816542625427,2.8220014572143555
1986-09-21,-2.248454093933105,-2.134363174438477,0.8616042137145996,1.693331599235535,-2.3684287071228027,-0.4690746366977691
1995-12-13,0.4791267514228821,-0.3421114683151245,-0.6120021343231201,-0.714917778968811,-1.2860233783721924,-1.8145536184310915
1992-05-03,-2.191778421401977,3.004093647003174,-1.3421787023544312,-1.3062162399291992,-3.234140157699585,-3.465010404586792
1984-08-06,3.078188896179199,0.8548316955566406,2.9331986904144287,0.9030621647834778,3.543040990829468,0.8086386322975159
2004-12-02,-0.2271603196859359,-0.9751086831092834,0.292138010263443,0.3381190001964569,0.9536718726158142,3.460669040679932
2006-05-31,0.2244407385587692,-0.8481686115264893,0.0293383616954088,0.3091940581798553,-0.2919488847255707,0.938745141029358
1997-09-06,0.4394040703773498,0.9324546456336976,-0.6194514036178589,1.7772117853164673,1.6771278381347656,1.0126500129699707
1999-05-15,1.0304595232009888,-2.2908167839050293,0.3470899760723114,-1.9264748096466064,-2.6114907264709477,-1.848882913589477
1984-08-16,3.593801021575928,1.5782160758972168,3.5554230213165283,1.844581127166748,3.0999159812927246,1.4911134243011477
2001-05-25,0.3500504791736603,-3.1144139766693115,-2.421213865280152,-0.6401479244232178,-1.025089144706726,1.2395687103271484
2003-06-04,-2.327383279800415,-1.7827295064926147,-2.639559507369995,-1.0652495622634888,-2.760082483291626,-1.5494873523712158
1992-06-13,-0.9480187892913818,-2.445440530776977,-0.5173577070236206,-1.645167589187622,0.0807389840483665,-0.2688234448432922
1993-05-11,-1.454687237739563,2.6447579860687256,-2.402846336364746,-1.7998979091644287,-1.954530119895935,-0.6167176365852356
1993-06-01,-1.1000813245773315,2.89553451538086,-2.390777111053467,2.03613543510437,-2.8859705924987797,-0.7691331505775452
1982-03-14,-0.2053389698266983,0.9117717146873474,0.6574839949607849,0.8011365532875061,0.7812456488609314,0.1317508518695831
1993-09-25,-0.2870957851409912,3.678955554962158,-0.4627460241317749,-1.1079200506210327,-2.264291286468506,-0.4023772776126861
2007-08-08,0.8082221746444702,2.8841207027435303,2.4937283992767334,4.634905815124512,2.26027250289917,0.784167468547821
1995-04-22,-0.8304713368415833,0.2559366822242737,-0.6472585201263428,-0.5396583080291748,-1.6106313467025757,0.333751380443573
1984-10-06,-1.4207218885421753,1.367747783660889,-0.923963725566864,-1.7110949754714966,-2.971675395965576,-0.1802762746810913
2005-10-09,0.5644787549972534,0.7809520363807678,1.466771125793457,-1.533279299736023,-0.9039543271064758,3.06067442893982
1982-09-19,-1.993200659751892,0.0815712660551071,-0.2979064285755157,-0.1136199757456779,-1.5609781742095947,3.086754322052002
1989-01-12,0.8453035354614258,-0.784561812877655,0.0488739311695098,0.4983334541320801,0.3560293912887573,-1.087213397026062
1995-06-28,1.3221731185913086,-2.0817513465881348,-2.2640669345855717,-1.5858765840530396,1.2032780647277832,-2.9030208587646484
1990-05-15,-1.178369164466858,-1.641464352607727,-2.78290057182312,-1.3011599779129028,-2.514238119125366,-2.306447029113769
1986-11-05,-1.0898809432983398,-1.279644250869751,-2.386829137802124,-1.6004369258880615,-3.175222158432007,-0.4295094907283783
1988-12-26,0.7678305506706238,-1.7558846473693848,-0.4201765656471252,0.3412218391895294,0.3689653277397156,0.5987403988838196
1998-12-05,-0.9402207732200624,-1.983841180801392,-0.608508825302124,-0.1239705756306648,-0.4615527987480163,-2.0033178329467773
1983-05-24,-0.8331455588340759,-0.9742133021354676,-0.1474102884531021,-1.5176526308059692,-2.149650812149048,-0.3227192759513855
1993-10-06,-2.1196389198303223,4.2970051765441895,-0.3444495499134063,-1.1861793994903564,-2.149674654006958,-1.1298917531967163
2005-08-20,1.6899489164352417,1.4249752759933472,1.5674790143966677,-0.8925296068191528,2.5116374492645264,2.058168172836304
2005-09-03,1.282372236251831,2.8494412899017334,4.934723854064941,1.3655093908309937,3.622328996658325,2.6873526573181152
1983-10-23,-1.6440789699554443,-0.03108536824584,-1.836220622062683,-2.3808634281158447,-1.0814214944839478,-1.3643020391464231
2006-06-28,-0.50745689868927,1.3874436616897583,0.4946191608905792,2.136806011199951,1.0150831937789917,3.4338440895080566
1989-08-17,1.942419171333313,0.8511095643043518,3.7072653770446777,0.9526541829109192,0.0729082375764846,0.7160487771034241
1985-02-11,1.751926064491272,0.3165481090545654,0.5919579267501831,0.5793377757072449,1.5084573030471802,0.0133114960044622
1996-08-09,0.1862847506999969,1.968799710273743,2.4774184226989746,3.1403329372406006,3.065673351287842,2.217924833297729
1990-11-09,-0.7516171336174011,0.6013741493225098,-1.2223591804504397,-1.1530002355575562,-2.83833384513855,-0.6769993901252747
1986-02-19,1.7639758586883545,-2.5996601581573486,0.6830109357833862,0.8409870266914368,1.5371055603027344,-0.6109992265701294
1998-10-14,-2.182079792022705,-2.1431798934936523,-1.9648516178131104,-0.3422514498233795,-1.945565938949585,-0.3131609559059143
1996-03-08,-0.6946143507957458,0.6133573651313782,1.69801127910614,0.4884508848190307,0.9006615877151489,0.7382974028587341
1986-06-01,-1.1441823244094849,0.5495022535324097,-2.110781192779541,0.0634681209921836,-1.4673240184783936,-0.4672728478908539
1992-09-07,-2.01057767868042,1.5924583673477173,-0.1594599336385727,0.1871848702430725,-0.8028525710105896,-2.5573267936706543
2005-01-14,1.1209473609924316,-0.1280367076396942,1.4529038667678833,0.8190298676490784,1.556246638298035,0.5309256911277771
1987-03-18,-0.7758170962333679,1.1787692308425903,0.5377134680747986,0.4957767128944397,0.4406895637512207,-1.115326166152954
2006-07-10,2.5539910793304443,2.5179505348205566,2.350117921829224,-0.5867496728897095,2.13698148727417,1.007722020149231
1985-04-17,0.1023456677794456,-2.0840539932250977,-0.6421200633049011,-0.333647221326828,-1.8227087259292605,-4.604231834411621
2000-02-20,2.3401358127593994,1.7439783811569214,1.571281909942627,0.6627821922302246,1.4929732084274292,1.5477913618087769
1993-12-08,0.2728285193443298,2.0980584621429443,-1.7305489778518677,-0.5787606835365295,-1.6547640562057495,-1.6914827823638916
1994-08-31,0.8752015233039856,1.960835337638855,5.536539077758789,0.9764255881309508,0.5861626863479614,3.476513385772705
1989-05-21,-0.0259071942418813,3.576951265335083,-1.2295750379562378,-1.5491758584976196,-2.346197843551636,-2.2291524410247803
1984-03-18,0.8741768002510071,-0.4812039136886596,0.6877073645591736,0.3857608437538147,0.4506688117980957,3.124664068222046
1993-05-06,-2.2620418071746826,1.6595689058303833,-1.8618013858795168,-1.3500351905822754,-1.76449453830719,-0.8692519664764404
1995-07-16,2.202362537384033,4.786572456359863,0.2783224880695343,-0.5744302272796631,3.5900652408599854,0.7406821846961975
2005-09-10,1.296343445777893,1.089556097984314,4.061935424804688,0.1379340589046478,4.027050495147705,3.57553505897522
2003-04-11,-1.0753642320632937,0.0131830899044871,-0.3632071018218994,0.0836982801556587,-1.7737635374069214,4.466527938842773
1990-08-14,1.5269720554351809,0.7688087224960327,1.7227364778518677,2.6970324516296387,0.9074106812477112,1.7007359266281128
1997-10-01,-2.036428213119507,-1.1269919872283936,0.3439289629459381,0.047124695032835,-0.3266032040119171,-2.0455384254455566
1997-07-09,2.4163825511932373,-0.1417770832777023,-1.144562602043152,0.9375321865081788,2.633694887161255,0.3530959486961365
2007-09-27,-0.236609861254692,-1.2170395851135254,1.2993934154510498,-0.5014012455940247,-1.4041637182235718,2.524422645568848
2006-04-11,0.1640657186508178,-1.624937891960144,0.5581458210945129,0.2503799796104431,0.5274741053581238,0.4517198503017425
1984-02-22,0.3603863716125488,-0.0250478591769933,1.2615467309951782,0.5539195537567139,1.520317792892456,-0.2287001311779022
2007-10-23,-1.937124729156494,-0.1581122726202011,-1.6747019290924072,-0.9439201951026917,0.4156368374824524,0.2178113162517547
2000-02-14,2.5008561611175537,0.5101302862167358,1.705727219581604,0.7040536999702454,1.5532957315444946,1.7910197973251345
1989-12-19,-1.276307463645935,-1.631549835205078,-2.6061604022979736,-0.7487156987190247,-0.317313015460968,-2.363820791244507
1996-04-23,-1.2819085121154783,-0.3076177537441253,-0.9631471037864684,-0.7381393313407898,-2.982038974761963,0.3039714395999908
1994-05-19,-1.4488840103149414,1.557921051979065,-1.312167048454285,-1.5007669925689695,-3.62259840965271,-1.92596435546875
2007-12-06,-0.5211507678031921,0.7386302947998047,-0.2420578598976135,0.2785106897354126,-0.0328721478581428,1.4642622470855713
1992-03-14,-1.00875723361969,2.1340692043304443,0.5301617383956909,0.6128112077713013,0.5840173959732056,0.0759007260203361
1991-02-14,0.9011140465736388,0.8944166302680969,0.7597256898880005,0.5731017589569092,1.5389434099197388,-0.6726409196853638
2007-06-30,-1.4492743015289309,-0.1693374514579773,-2.72729754447937,0.7614191174507141,0.6288276314735413,-0.9582520127296448
1998-11-16,-1.7655715942382812,-2.4854695796966557,-0.5440573692321777,-0.5665330290794373,-0.928105890750885,-1.7112960815429688
2001-01-26,2.001537799835205,0.2458174079656601,0.980190098285675,1.005669116973877,1.9361742734909055,0.6031954884529114
2006-07-16,1.7920880317687988,1.1745249032974243,-0.7191522121429443,1.364880084991455,2.8635692596435547,2.012523889541626
1983-06-18,0.8440693020820618,2.056641101837158,-0.2499999701976776,1.2830073833465576,0.9381428956985474,-0.2082875669002533
1986-07-16,-0.7144489884376526,-1.7501784563064575,-0.7353437542915344,0.0132632777094841,1.0024535655975342,-1.6389275789260864
2002-08-26,4.30432653427124,-0.0444532744586467,2.3726229667663574,-1.174512505531311,2.5024728775024414,1.4561151266098022
2002-06-26,0.8721609115600586,-0.2017769813537597,-1.5640853643417358,-0.5158692598342896,-1.7067255973815918,0.4369755387306213
1990-06-08,-1.2942136526107788,1.4061260223388672,-2.838801622390747,-1.0830484628677368,-3.074388027191162,-1.3455078601837158
1984-03-07,1.0168979167938232,0.6497784852981567,2.26241397857666,0.5611764788627625,1.1098963022232056,0.493677020072937
1998-03-29,-0.6405082941055298,1.7742570638656616,0.9537206292152404,-0.0475478209555149,-0.3815061151981354,0.596345067024231
1995-03-12,0.0818256959319114,2.783926486968994,0.5639034509658813,0.436001718044281,0.7178980112075806,-0.8687247633934021
1983-08-11,1.7572091817855835,0.1721779853105545,1.901100993156433,0.5640503764152527,0.1043441742658615,0.5095176100730896
2006-09-15,0.7850564122200012,-1.713725209236145,0.0496529228985309,2.3800666332244877,-0.4815198183059692,-1.601893424987793
1989-09-13,0.6294436454772949,-1.2617188692092896,0.3328712284564972,-0.0396303236484527,-1.482266902923584,2.70139741897583
1993-05-25,-0.9339250922203064,1.5294526815414429,-1.332213044166565,-0.5624731183052063,-1.1012433767318726,2.799840450286865
1997-11-04,-0.99837464094162,0.3111879527568817,-1.3317663669586182,-1.140477418899536,-0.563838005065918,-1.468554973602295
1988-11-24,-0.7711037397384644,-1.1675198078155518,-0.7750934362411499,-0.5650798678398132,-2.118836641311645,-1.2880865335464478
1982-03-06,-0.282356709241867,-0.1754141300916671,0.3562627136707306,0.8765297532081604,1.1994670629501345,-0.0775398612022399
1998-06-23,0.7669051289558411,2.558948516845703,0.5052576065063477,-0.2119816392660141,1.1384963989257812,2.2461841106414795
1991-10-21,-1.6540582180023191,-0.5610841512680054,-1.656227946281433,-1.1708720922470093,-1.4214483499526978,-1.5543044805526731
1999-04-29,-0.3378690183162689,0.6931248307228088,-0.381927341222763,-0.3060129582881927,-2.5494649410247803,0.7323359847068787
2001-07-05,0.5190122723579407,-2.743109226226806,-1.0064637660980225,-1.1218806505203247,0.869472086429596,-0.4836922883987427
1989-12-27,-1.1159732341766355,-1.1931999921798706,-1.9328254461288448,-0.0777995511889457,0.3577891886234283,-2.3614563941955566
1990-12-30,0.6575963497161865,1.7508172988891602,0.2932272553443908,0.5320241451263428,0.6939491033554077,-0.935519814491272
1995-06-05,-0.0803270414471626,-1.101365566253662,-2.5601181983947754,-0.8672477602958679,-0.0248430930078029,-1.1634413003921509
1989-02-26,0.3293870389461517,-0.0448453724384307,0.854051947593689,0.6584402322769165,1.4067555665969849,-0.9866814017295836
2005-09-05,1.0181399583816528,2.6968531608581543,4.378580093383789,0.2498719692230224,3.5843968391418457,2.32944655418396
2005-06-23,-1.5970715284347534,-2.557723999023437,-1.821333050727844,-0.0449442826211452,-0.8124658465385437,-1.5545364618301392
1981-10-03,-2.166602611541748,-2.9770188331604004,-1.0506126880645752,0.6586024165153503,-0.0541576631367206,-0.2655858397483825
2005-04-04,-1.1475120782852173,-1.109679937362671,0.3632107675075531,-0.0611956194043159,-0.9433014988899232,4.4307169914245605
2005-06-13,-0.5491563677787781,-3.221687078475952,-1.3955206871032717,0.5175573229789734,-0.3162771165370941,-0.9526100158691406
1986-12-13,0.2198371142148971,-2.47110366821289,-1.426161766052246,-0.0676483586430549,-1.0521938800811768,-3.004748582839966
2007-09-07,-1.5195037126541138,1.3898136615753174,1.4313260316848757,0.828154444694519,-1.1337494850158691,0.8774701356887817
2000-11-14,-3.202174186706543,0.403958261013031,-0.0407403409481048,-0.5947166085243225,-1.0618233680725098,2.746126651763916
1999-05-06,-0.0234369598329067,0.7436102032661438,-0.520281195640564,0.1146227270364761,1.364319086074829,2.144561290740967
1993-08-18,0.7476438879966736,0.4395240545272827,0.1977716237306594,4.274710655212402,3.696468591690064,0.6266254782676697
2001-05-01,-1.941778421401977,-0.6358903646469116,-1.2121738195419312,-0.7862272262573242,-2.464120626449585,-1.2349992990493774
1984-05-28,-0.5619110465049744,-2.382455825805664,0.8383821249008179,-2.1713123321533203,-1.713377833366394,3.2448055744171143
1985-10-22,-0.914068043231964,-2.571063280105591,-2.126229047775269,-2.4708597660064697,-1.1814275979995728,-2.194319009780884
1991-01-09,0.9911771416664124,3.263745069503784,0.4213780462741852,0.4329998195171356,0.5760893821716309,-0.693937361240387
2000-09-03,1.516989827156067,1.0478532314300537,3.411105871200561,2.204831838607788,0.9700351357460022,0.613504946231842
1993-10-24,-2.18318510055542,2.4743692874908447,-1.2272413969039917,-1.1150511503219604,-1.9808560609817505,-3.3367366790771484
1991-12-12,-0.0301628876477479,1.7989158630371094,-2.056166648864746,-0.2576507925987243,-0.2822049260139465,-1.4347412586212158
1991-04-20,-1.405756950378418,-0.160083919763565,-1.5789345502853394,-0.7562324404716492,-1.5969141721725464,-1.3490597009658811
1991-05-31,-0.1241628378629684,0.8894985914230347,-3.300783634185791,-2.426522016525269,-0.5473105907440186,-3.4572629928588867
1994-01-24,1.7628546953201294,0.3453013598918915,0.8936547040939331,0.2716437876224518,0.9504008293151855,-0.3235348165035248
1996-04-01,-0.5115527510643005,-1.857244849205017,0.5977059602737427,-0.0778522938489914,-0.8521863222122192,1.0802175998687744
1991-10-04,-2.4692471027374268,-2.57020115852356,-1.785964846611023,-1.1273845434188845,-3.595048666000366,-1.42353355884552
1998-06-08,-1.5469331741333008,-4.405518054962158,-1.1364526748657229,-1.1180695295333862,0.4898134171962738,0.7227969169616699
1992-11-12,-2.565230131149292,-0.0553045272827148,-2.571904182434082,-2.3056676387786865,-2.756373405456543,-3.769661664962769
1981-09-11,0.5281192064285278,-2.6431431770324707,0.9085786938667296,1.9298646450042725,1.6244055032730105,2.059457540512085
1999-12-06,1.736461520195007,2.237231492996216,0.6206054091453552,-0.1762752085924148,0.052334439009428,0.7626646161079407
1983-01-17,1.228737473487854,1.108333706855774,0.2529842257499695,-0.002878995379433,0.5662920475006104,0.7312747240066528
2003-04-08,-0.960838258266449,0.2915045320987701,-0.6272280216217041,-0.0804568529129028,-1.226423978805542,1.4740153551101685
1987-09-09,0.4794126152992248,-0.7975563406944275,2.0005438327789307,0.9071860909461976,-0.8428611159324646,0.2226719558238983
1982-12-30,0.3494105935096741,-0.7311561703681946,-1.3764475584030151,0.472667247056961,-0.0650869905948638,1.547804594039917
1984-12-24,1.9045779705047607,3.0222558975219727,-0.2977666556835174,0.1853560656309127,0.4126591980457306,-2.733861207962036
1993-03-08,-0.4467249810695648,1.9470674991607664,0.7149533033370972,0.5006247162818909,0.9566945433616638,0.0843536928296089
2003-01-09,1.7752962112426758,-1.2745521068572998,-0.1911163032054901,0.5983395576477051,1.4960135221481323,-1.637201189994812
2002-09-19,1.1092122793197632,0.8082327246665955,-1.228141188621521,-0.7773715853691101,-1.0056250095367432,0.6008815169334412
2004-11-10,-1.0000193119049072,-2.985994338989258,-1.1475374698638916,-0.3982475996017456,-0.9228702187538148,1.431048035621643
1985-08-14,3.101794958114624,2.7107958793640137,0.0921698063611984,3.150477647781372,0.7675350308418274,0.4517541527748108
2003-09-06,0.6081362962722778,1.7068629264831543,2.94858717918396,1.0198609828948977,0.3544164896011352,1.239450216293335
1995-10-23,-0.9648619890213012,-1.3032464981079102,-0.211553007364273,-1.274853229522705,-0.9026103615760804,-1.0925990343093872
2002-08-08,3.5162713527679443,-1.9611929655075075,1.7974258661270142,2.160321950912476,-1.3943181037902832,2.8779284954071045
1985-11-10,-0.2915951311588287,-0.0986380502581596,-0.3823628425598144,-1.2630161046981812,-1.5083473920822144,-1.8470128774642944
1987-01-07,1.3269023895263672,0.113693930208683,-0.968767523765564,0.3013933002948761,-0.2627679109573364,-1.748380184173584
1984-05-19,-1.1857019662857056,-0.660942792892456,-0.2588128447532654,-2.274421215057373,-1.7052116394042969,0.8391766548156738
1988-07-18,0.8276557922363281,-0.0285092927515506,1.127536058425903,1.0679035186767578,0.6422703266143799,4.496960639953613
1993-08-16,2.3724119663238525,0.2811022400856018,-0.1227517202496528,4.2526726722717285,3.8428971767425537,1.3760523796081543
1996-12-31,0.6231374144554138,-1.1417402029037476,1.109541654586792,0.6668003797531128,1.583929181098938,0.3746923804283142
1997-02-15,-0.0917427614331245,1.0259212255477903,1.745478868484497,0.5630300045013428,1.5515130758285522,0.7257317900657654
1987-11-26,-1.723145842552185,-1.865672826766968,-1.9058241844177248,-1.196243166923523,-2.136521577835083,2.906813144683838
1998-05-18,-0.2988901436328888,0.6479173898696899,-0.4121731221675873,0.8892171382904053,1.6274014711380005,0.6540222764015198
1989-10-31,-0.8346822261810303,1.9057899713516235,-2.484785795211792,-1.3557032346725464,-2.810737371444702,-1.4624452590942385
1990-12-20,0.2649035453796386,-0.0347916260361671,-0.4129230678081512,0.0154463239014148,-0.1076359152793884,1.0792807340621948
1986-02-23,1.40013325214386,-1.6660252809524536,0.571281909942627,1.0527968406677246,1.4929732084274292,-0.0522147007286548
2006-10-11,-0.1743961572647094,-2.732788324356079,0.3740891814231872,-0.016609339043498,-0.3864440321922302,0.3603066504001617
1990-09-04,2.1212432384490967,1.988827109336853,3.3705861568450928,-0.223544031381607,0.8628911972045898,-1.2797462940216064
2007-08-13,0.1723996847867965,2.051121711730957,1.2172446250915527,1.3126699924468994,1.2529009580612185,2.3860621452331543
1989-12-08,-1.1235543489456177,-0.5827757716178894,-1.839385986328125,-1.0762691497802734,-1.427676558494568,-1.707336664199829
1989-03-26,-0.5509999990463257,2.059042453765869,-0.1190718039870262,0.2324839383363723,-0.1164022907614708,0.1529698669910431
1996-09-19,-1.3203808069229126,-1.8437258005142207,0.9456869959831238,-1.7324669361114502,1.466877579689026,2.7652063369750977
2005-09-22,0.3529188632965088,-0.3510431945323944,0.7672344446182251,0.2420860975980758,0.3756929337978363,4.237607002258301
1999-03-24,-0.6109975576400757,2.549032688140869,2.1709063053131104,0.4324961304664612,-0.1063925251364708,3.2329564094543457
2005-12-02,0.2928591966629028,0.1148876249790191,1.4521416425704956,0.2481226623058319,1.3136876821517944,2.070654392242432
1984-10-21,-2.011790037155152,-0.2852918803691864,-3.324955463409424,-2.298370122909546,-2.5387566089630127,-1.81620454788208
2000-12-30,1.1031484603881836,-0.6217207312583923,-0.3204510509967804,0.6468113660812378,1.563940167427063,-0.3453088402748108
1991-03-26,-0.2710011899471283,0.6390289068222046,0.1909257471561432,0.1625071316957473,-0.2464071810245514,1.802963733673096
1982-11-10,-0.4144243001937866,-0.5258694291114807,-1.2830268144607544,-1.4691499471664429,-1.2505862712860107,1.2951496839523315
1990-04-21,-1.102997899055481,-0.3838805556297302,-0.9269229769706726,-0.7034680247306824,-1.1136471033096311,-2.0704338550567627
1991-09-18,-1.7598775625228882,1.0482628345489502,-2.340191125869751,-1.5722485780715942,-1.1323808431625366,-2.7432894706726074
1982-05-18,1.8262279033660889,-3.700972557067871,-0.4575882256031036,-0.8487324118614197,-3.3278167247772217,-0.4274250268936157
1994-05-26,-1.021902561187744,0.1175442263484001,-2.3716092109680176,-2.0012989044189453,-4.143370628356934,-1.4451968669891355
2005-08-25,-0.7356818914413452,1.895549178123474,1.642642378807068,1.395464301109314,3.0224618911743164,1.5461114645004272
1985-01-29,1.914051532745361,0.3350042700767517,0.3913756608963012,0.3284699916839599,1.1284685134887695,-1.4566805362701416
1994-06-16,1.4108351469039917,4.608299732208252,0.0945000350475311,-2.702443838119507,-2.926292896270752,-3.9526100158691406
1999-01-20,1.008833885192871,4.50494909286499,0.5795344710350037,0.5169702768325806,1.2001644372940063,-0.9707314372062684
1991-12-10,0.028867557644844,0.3486156761646271,-2.1120529174804688,-0.4514697790145874,-0.1728562712669372,-1.5557572841644287
1998-06-17,0.5060656666755676,-3.837056398391724,3.875341653823853,-0.1522370427846908,1.0487977266311646,1.8797149658203125
1997-06-30,3.4425249099731445,-1.2625502347946167,-0.8253576755523682,-1.1131939888000488,2.315070867538452,-1.4661496877670288
1988-01-24,-0.2250703424215316,-0.4971008896827698,0.2293417006731033,0.4193751215934753,0.9926844835281372,0.8061352968215942
1986-11-20,-0.5986801981925964,-1.004617691040039,-2.096878290176392,-0.9182128310203552,-1.734455704689026,-2.088294744491577
1998-02-04,-1.0131654739379885,-0.2428835034370422,0.2204944938421249,0.5499522089958191,1.4958878755569458,0.3274813294410705
1993-09-20,-0.8703991770744324,1.5562986135482788,-0.0943215638399124,-0.882491409778595,-1.783122420310974,-1.7947911024093628
1997-12-02,-0.7317330837249756,1.4118605852127075,-2.587139129638672,-0.3381733298301697,-0.6484336256980896,-2.7015304565429688
1989-03-30,-0.8496553301811218,0.8757103681564331,-0.2448531687259674,0.1341902762651443,-0.2984854578971863,0.4823959767818451
1988-04-28,-0.761014997959137,-2.2539327144622803,0.8480626940727234,-0.7698660492897034,-1.9717254638671875,1.6321806907653809
1998-11-20,-1.3566365242004397,-1.870867729187012,-0.5128561854362488,-0.2425653934478759,-0.9343786835670472,-1.9571166038513184
1982-12-05,-0.1492902934551239,-0.519882321357727,-1.1069765090942385,-0.9065439701080322,-1.035672307014465,1.2423723936080933
2000-01-08,2.2936925888061523,2.3552613258361816,0.8119678497314453,0.5554843544960022,0.8781985640525818,0.4258760511875152
1997-08-08,0.1559573262929916,-0.3151733875274658,2.043226957321167,1.0166997909545898,1.893693685531616,0.4330392777919769
2007-07-24,-0.11614491045475,1.6013187170028689,0.8526926636695862,2.735808849334717,4.063898086547852,4.477967262268066
1996-01-12,-1.305667519569397,-0.2659368216991424,-0.2548925876617431,0.4087003171443939,0.8416653871536255,-0.350100576877594
1998-01-28,-1.1124727725982666,0.8054239153862,0.5471067428588867,0.5619403123855591,1.451348900794983,0.2018953561782837
1990-03-18,0.1132476851344108,2.5141077041625977,0.2432268261909485,0.415818989276886,0.3655356466770172,-1.5531327724456787
2000-04-23,-0.5340510606765747,1.7443859577178955,0.2118809223175048,-0.4781959652900696,-1.4143096208572388,-0.9623755216598512
2006-12-28,2.612232446670532,-0.0101144295185804,1.0585767030715942,0.5691320300102234,2.7257888317108154,1.338614583015442
1992-04-22,-1.6504786014556885,2.435929298400879,-1.0772511959075928,-0.7096412181854248,-2.660619020462036,-0.896259605884552
1987-09-14,0.8194460868835449,0.5182799100875854,1.0728614330291748,-0.0896181166172027,-0.8922399878501892,0.031383890658617
1995-05-18,-1.8821340799331665,-2.751390218734741,-1.0352386236190796,-0.0825263708829879,-1.728928565979004,-2.103181838989258
2001-07-02,1.2612497806549072,-1.7065321207046509,-1.586474061012268,-0.875352144241333,0.3835295438766479,-1.6132575273513794
1991-05-08,-1.8434137105941768,0.3535955548286438,-2.280291080474853,-1.495362639427185,0.4043276011943817,-1.2654424905776978
2007-03-12,0.7535247802734375,2.9321069717407227,0.7200213670730591,0.8647873997688293,0.6235093474388123,-0.7689992189407349
1989-07-10,-0.2805362343788147,1.2201930284500122,1.4167455434799194,-0.159635916352272,1.8168646097183228,-3.3966543674468994
1993-10-17,-2.064103841781616,1.4589167833328247,-0.777964174747467,-1.1715654134750366,-3.469746828079224,-0.3168485164642334
1988-10-11,-2.221871852874756,-0.071248859167099,-1.133877515792847,-1.2071627378463743,-2.9455292224884038,0.0556867532432079
1983-06-02,-1.78416645526886,-1.360501408576965,-1.2907737493515017,-1.186531901359558,-3.127327680587769,-0.3172789514064789
1998-09-10,-1.1458444595336914,-0.8716365694999695,-0.4439951181411743,0.8737707734107971,0.8907927870750427,-0.4213068783283233
1984-09-13,-0.6158457398414612,0.7983463406562805,0.6260122060775757,0.2137670964002609,1.570815920829773,-0.0413020104169845
1993-06-18,0.1260912716388702,-2.087056398391724,-2.3546693325042725,-2.5122222900390625,1.0388184785842896,-1.9102935791015625
2002-12-21,1.6230814456939695,-0.6231846809387207,-1.3176939487457275,0.6678069233894348,0.3963491320610046,-3.75249457359314
1992-03-16,-1.7658073902130127,1.718777775764465,0.5577024817466736,0.5457645058631897,0.4406895637512207,-1.375335931777954
1985-11-23,-0.2466511279344558,0.139142096042633,-2.5228660106658936,-1.402538537979126,-1.454398274421692,-2.557122707366944
1988-03-20,-0.0834374725818634,-0.4892807006835937,0.8878271579742432,0.5530484914779663,0.5283358693122864,0.0569685474038124
1984-05-01,-1.741424322128296,-0.5951741337776184,-0.1107476875185966,-1.2834851741790771,-2.18272066116333,0.0531440377235412
2002-05-27,-0.7660959362983704,-0.948447048664093,-2.970815420150757,-1.9577574729919436,-1.1071088314056396,-3.2414958477020264
1982-03-09,-0.275977075099945,0.8902693390846252,0.422161728143692,0.9019656181335448,1.061327338218689,0.0620354823768138
1989-05-30,-0.5061166882514954,3.1315395832061768,-0.2008265107870102,-1.2577757835388184,-0.8470990061759949,-0.5015056133270264
2000-05-16,-0.5421378016471863,-1.7113815546035769,0.2747589349746704,-1.2825080156326294,-1.948929786682129,1.4568157196044922
2000-09-23,1.3829176425933838,1.0289616584777832,2.537254095077514,1.2420860528945925,0.4257112443447113,0.6975982785224915
1995-04-15,-1.1176555156707764,1.2759312391281128,-0.982116401195526,-0.083647221326828,-1.2827001810073853,0.5457620620727539
1985-12-14,0.2246878296136856,-2.091415405273437,-1.718827724456787,-0.5911198854446411,-0.4335114657878876,-1.9495320320129397
1990-03-07,0.1940241307020187,1.0602827072143557,0.402172714471817,0.5719790458679199,1.061327338218689,-0.8779364228248596
1998-11-19,-1.064197301864624,-2.06229829788208,-0.5712453722953796,-0.4411939680576324,-0.927549123764038,-1.7111955881118774
2000-07-07,0.7294735312461853,2.6901943683624268,0.9567540884017944,0.1403823941946029,1.3268743753433228,2.2233407497406006
1984-03-14,0.9218220114707948,0.9439300894737244,1.6039119958877563,0.455990731716156,0.7178980112075806,2.611286163330078
1992-07-26,1.424971580505371,-0.7448235154151917,-1.1337980031967163,0.4951837360858917,-0.1021641418337822,-3.329179286956787
1996-05-01,-1.3330457210540771,-2.7522425651550293,0.5923352837562561,-1.172405242919922,-2.115226984024048,-0.6817460656166077
2004-03-16,-1.703432559967041,-1.5392684936523438,1.2378332614898682,0.7530606985092163,0.2183383107185363,0.1069563403725624
2003-07-03,1.76281476020813,0.6070994734764099,-1.6944191455841064,0.1285124570131302,1.790199637413025,0.9624873995780944
1996-12-22,-0.0069234012626111,-1.9431920051574707,0.8323304653167725,0.0877898260951042,0.8563405871391296,1.25751531124115
2002-03-08,0.5558387637138367,-1.871737003326416,1.228840708732605,0.6052624583244324,0.9021704196929932,0.2207807004451751
2005-11-08,-0.4600381851196289,1.3757576942443848,-0.9056351184844972,-0.9129034280776978,1.0402607917785645,-1.1098579168319702
1988-08-03,0.6880319714546204,2.5639116764068604,1.8713492155075075,0.5282239317893982,3.3429625034332275,0.5360100269317627
1992-01-31,-0.2079616785049438,0.1537656784057617,0.4621008932590484,0.2773052155971527,1.2439862489700315,1.399341106414795
1993-03-14,-0.93874990940094,1.3240716457366943,0.0901592969894409,0.5128051042556763,0.5840173959732056,0.4458958506584167
1983-10-02,-2.039591073989868,0.4897206425666809,0.315036803483963,-1.3044027090072632,-1.4801162481307983,-0.5236387252807617
1993-01-05,-0.1231098175048828,-0.4662926495075226,-0.1387504041194915,0.2413652092218399,0.3272284269332886,-0.3083777129650116
1983-03-25,0.2247192412614822,0.4307319819927215,0.9787815809249878,0.3418790996074676,0.2557645142078399,-1.4636781215667725
2002-01-30,1.8164845705032349,-2.2933387756347656,0.7862269282341003,0.8252702951431274,1.7815947532653809,1.330496311187744
2000-02-13,3.0317983627319336,0.5729730129241943,1.6938002109527588,0.7340924739837646,1.5624419450759888,2.084902763366699
1992-11-08,-1.9016109704971316,-1.4686331748962402,-2.532356739044189,-1.4930270910263062,-1.9183510541915891,-2.386990785598755
1996-05-07,-1.225403904914856,-0.0128669943660497,-1.149666428565979,-0.851047933101654,-2.787322759628296,3.7077133655548096
2002-06-20,0.3938774466514587,1.748072624206543,-1.554564356803894,-1.7571240663528442,-1.6340925693511963,1.278918981552124
2006-09-02,-0.2030114084482193,-1.2921736240386963,2.271091222763061,3.114835500717163,1.480014443397522,-3.0865073204040527
1995-04-24,-0.5518974661827087,0.1923822462558746,-0.2631653845310211,3.771870374679565,-2.102034091949463,0.3939677774906158
1995-03-11,-0.0053267613984644,3.031766891479492,0.5674876570701599,0.6411328911781311,0.7812456488609314,-0.9782344698905944
1986-08-25,0.0599440559744834,-0.0250369664281606,0.8474777936935425,2.3374509811401367,-0.4883624315261841,0.2281816899776458
1986-10-04,-1.9064234495162964,-2.7469871044158936,-2.5260660648345947,-1.652856945991516,-2.0766031742095947,-0.0455384887754917
2002-12-04,0.9997816681861876,-1.8838350772857664,-1.728503942489624,-0.0739827826619148,-0.9215442538261414,-2.043295860290528
1990-01-28,0.3340649008750915,-0.2849908471107483,-0.0686157941818237,0.3784883022308349,1.0784807205200195,-1.8867037296295168
2005-04-09,-0.3459760546684265,-1.23968505859375,1.0238181352615356,-0.3136551678180694,-1.2264598608016968,3.5001745223999023
2003-02-04,0.2604895532131195,-3.333530902862549,0.8714819550514221,0.7387629747390747,1.5704498291015625,-0.4040668308734894
1996-07-01,0.4811334013938904,-5.101343631744385,-1.236917495727539,-1.931188941001892,-0.6340020895004272,-0.3625574111938476
1987-07-15,2.70398497581482,0.2179627120494842,2.990102052688598,-0.9867740869522096,2.77699613571167,1.017731785774231
2005-02-21,-0.1428966224193573,2.9219768047332764,2.274219036102295,0.6685288548469543,1.4322364330291748,1.4616252183914185
1993-10-23,-2.064837455749512,1.0667791366577148,-1.3615468740463257,-1.144848346710205,-2.2826151847839355,-2.5626003742218018
2006-10-25,-0.5475542545318604,-0.737577497959137,1.8228693008422847,-0.6007366180419922,-0.5042065978050232,1.1959623098373413
1983-03-28,-0.1209767833352088,0.7590240240097046,0.6809160113334656,0.2225046902894973,0.0035928247962146,-0.4770350158214569
1998-06-24,0.7395254969596863,2.0653133392333984,0.1765049248933792,-0.1537172645330429,1.527199149131775,2.145545482635498
1986-10-22,-1.5640618801116943,-0.0710633993148803,-2.9662253856658936,-2.3408548831939697,-3.471436023712158,-1.8743118047714236
2004-12-08,0.1898383349180221,-1.0410804748535156,0.2238321602344513,0.4523406624794006,0.6577975153923035,2.425244092941284
1987-05-30,-0.1480236947536468,-1.3764195442199707,-0.8809514045715332,-1.4289541244506836,-0.4363261759281158,-0.9858946800231934
2002-11-27,0.8771211504936218,-2.835658550262451,-2.8369197845458984,-0.5422644019126892,-0.1216553449630737,-2.385631561279297
1992-12-03,-0.7117135524749756,0.1218520328402519,-1.8971366882324217,-1.41815984249115,-1.6584128141403198,0.248481810092926
1982-10-02,-1.4495946168899536,0.7097218632698059,-0.464992493391037,-2.3044028282165527,-1.9501174688339236,0.2763490676879883
1994-11-11,-0.0100259827449917,-2.4142508506774902,-2.115626573562622,-0.2629095315933227,-1.1197123527526855,-2.2198431491851807
2003-04-16,-1.4895979166030884,-0.047170054167509,-1.1024571657180786,-0.2296520471572876,-2.3314108848571777,3.571247339248657
2003-07-28,-1.1907672882080078,4.70705509185791,2.7033944129943848,3.552942514419556,0.0870392248034477,2.016487836837769
1993-12-05,0.192853108048439,2.6148877143859863,-1.8478461503982544,-0.7218785285949707,-1.6963220834732056,-2.1293272972106934
1992-02-07,0.0305090900510549,1.2964739799499512,0.6714697480201721,0.5287410020828247,1.4504547119140625,-0.0240619387477636
2001-07-08,2.1463630199432373,-1.5417709350585938,-0.6545724272727966,-0.7124617099761963,1.063687443733215,-1.0168992280960083
1993-05-31,-0.7521635890007019,0.8374843001365662,-2.180783987045288,2.234776735305786,-2.7369589805603027,-0.1931380480527877
1995-04-02,-0.7015551924705505,-0.9672302007675172,-0.4723013341426849,0.8421611189842224,-0.6822034120559692,0.6302053928375244
2001-05-03,-0.9812846779823304,-0.4550158679485321,-1.7542790174484253,-0.9050723910331726,-2.383830547332764,-1.403756022453308
1994-08-17,0.7042012810707092,2.4946300983428955,3.8664376735687256,2.5431900024414062,0.6933628916740417,-0.6593745946884155
1982-01-05,0.9731029272079468,-0.4241502285003662,0.0393288657069206,0.2238904386758804,1.910174012184143,0.570037305355072
1996-02-26,0.0899604931473732,-0.9030633568763732,1.8016775846481323,0.56732177734375,1.3586492538452148,1.1935163736343384
1989-04-16,-1.2176616191864014,-0.2740565240383148,-0.8621212840080261,-0.453642338514328,-1.1726843118667605,-1.704237937927246
1990-07-13,0.5836098790168762,-1.872936487197876,-2.272907018661499,-0.2460535764694214,0.9537301659584044,-2.6947362422943115
1984-06-18,0.4108351171016693,-1.031684637069702,-1.3655219078063965,-1.4824426174163818,-1.7862783670425415,-2.492618560791016
1990-08-12,3.4882149696350098,1.4941365718841553,3.2037503719329834,2.6249265670776367,1.5402714014053345,1.9141418933868408
1998-01-20,-0.0311441365629434,1.1649527549743652,0.1295222789049148,0.2169519960880279,1.1501461267471311,0.5092490315437317
1990-12-28,0.6193996071815491,2.27885365486145,0.1935598254203796,0.332683116197586,0.5249093174934387,-0.2321942299604416
1991-06-23,0.0739006474614143,-5.291935920715332,-2.6145617961883545,-2.627119302749634,2.3359086513519287,-4.761089324951172
1992-03-25,-1.950993895530701,0.419027715921402,0.0209123250097036,0.2624827027320862,-0.3163839876651764,-1.8870387077331543
1998-04-04,-0.7851076722145081,1.5706982612609863,0.9445502758026124,0.0545247197151184,-0.6795707941055298,0.5523364543914795
1987-03-22,-2.3091518878936768,1.5020556449890137,0.4669206440448761,0.4802703559398651,0.2363683432340622,-0.1851507276296615
1999-08-22,1.3099440336227417,1.5749691724777222,4.277470588684082,1.9974545240402224,2.7716472148895264,2.7981889247894287
1994-10-12,-1.1955310106277466,1.590949535369873,-0.6732130646705627,-0.973281741142273,-3.013970136642456,-0.0293218083679676
1994-02-10,1.3791481256484983,0.7205295562744141,0.984596073627472,0.4842695593833923,1.5125532150268557,2.776402950286865
1982-06-14,-1.2782596349716189,-2.016117572784424,0.4272692203521728,1.2178583145141602,0.4680570065975189,-2.3783979415893555
1989-07-06,0.5928013920783997,0.99711412191391,1.2455832958221436,0.1384917050600052,1.5601886510849,-2.5275027751922607
1991-02-22,0.150133267045021,0.5839746594429016,0.551262378692627,0.6027846336364746,1.4929732084274292,-1.3422232866287231
1988-02-18,-0.0817635133862495,-1.6140629053115845,0.955470323562622,0.7530324459075928,1.5415338277816772,0.9757317900657654
1994-06-22,2.1638970375061035,3.828089714050293,0.0454112589359283,-2.057142496109009,-1.2240889072418213,-1.971081018447876
1995-02-27,-0.0511178858578205,1.1672686338424685,1.137082815170288,0.7251604795455933,1.3479846715927124,-1.1977359056472778
1982-05-14,-1.414678692817688,-4.7252373695373535,-0.1728658676147461,-0.6298844814300537,-1.964539885520935,-0.7167237401008606
1992-06-09,-0.1669283062219619,-2.375519275665283,-0.9364405274391174,-1.6180695295333862,-1.3201841115951538,0.7127871513366699
1988-09-19,-2.814949750900269,-2.0537214279174805,0.4796456098556518,0.0700691938400268,-1.3115369081497192,-0.961909294128418
1993-01-16,0.1381801217794418,-0.021516690030694,0.274551510810852,0.0424984879791736,0.5819019675254822,-1.5412968397140503
2002-09-21,1.3630478382110596,-0.0639346241950988,-0.4195625185966491,-1.0044362545013428,-1.3641818761825562,0.5364660024642944
1997-03-22,-0.2556325793266296,-2.7718939781188965,0.1215666830539703,0.4063462316989898,-0.1328029185533523,1.2699477672576904
1989-04-14,-1.6053630113601685,-0.4768071472644806,-0.5132009983062744,-0.3262748718261719,-1.1737574338912964,-1.5534913539886477
2000-09-05,1.53941011428833,0.2924705147743225,0.3105412721633911,3.0172019004821777,1.1271400451660156,0.1826634109020233
1994-09-08,-1.5818661451339722,1.0068507194519043,1.7186068296432495,-0.3701231479644775,-1.0555871725082395,2.07944655418396
2002-09-30,0.9935705065727234,1.3130104541778564,-0.8360636830329895,-2.232874155044556,-1.3566019535064695,0.7144712805747986
1982-05-24,-0.4231418669223785,-2.1642158031463623,-1.917399287223816,-0.847669780254364,-1.4496691226959229,-1.992732644081116
1993-04-17,-2.0245261192321777,4.244790077209473,-0.3874422907829284,-0.3636698722839355,-2.2071924209594727,-2.479482650756836
1987-02-20,-0.3019878566265106,-0.9866436719894408,1.038395881652832,0.7879528999328613,1.530032753944397,0.3908662497997284
1990-07-12,0.5144014358520508,-3.122838497161865,-2.524460792541504,-0.2746274769306183,0.8526372909545898,-2.6562650203704834
2002-06-05,0.7157961130142212,-1.0038776397705078,-2.178797960281372,-2.4530434608459477,-1.3043988943099976,-3.225512742996216
2003-02-01,-0.065238207578659,-3.5955214500427246,0.9523906111717224,0.6394977569580078,1.5189088582992554,-0.523429811000824
2002-09-27,1.0703943967819214,-1.320276975631714,-0.7749900817871094,-1.3044027090072632,-0.4101088941097259,1.5463685989379885
2006-12-29,2.733153343200684,-0.1317304968833923,1.029524564743042,0.8067845106124878,2.6439266204833984,1.284696102142334
1984-10-08,-1.9096474647521973,0.8970113396644592,-1.194425106048584,-1.5761635303497314,-2.849656343460083,-0.1399015039205551
2004-11-09,-0.9052570462226868,-3.125311851501465,-1.151921272277832,-0.2656897008419037,-1.1063793897628784,1.3103249073028564
1988-09-14,-1.693646788597107,-1.800428032875061,0.5919341444969177,0.7679389715194702,-1.31294584274292,-0.4644429683685303
1997-07-03,3.981251001358032,-0.8265272974967957,0.013532081618905,-0.725327730178833,1.293533205986023,-1.0932379961013794
1988-02-12,-0.7908347845077515,-1.539449691772461,1.1645888090133667,0.6142744421958923,1.5125532150268557,0.4664053618907928
2000-05-21,-0.5382379293441772,-1.2870914936065674,-0.5541876554489136,-1.7449530363082886,-1.096002221107483,1.2191472053527832
1996-09-08,0.4584853053092956,-0.5273503661155701,1.1388651132583618,-0.3064795136451721,2.1541168689727783,3.207747459411621
1984-09-28,-1.1799219846725464,-0.152699127793312,-1.3263098001480105,-0.748349666595459,-2.1062567234039307,-0.3097323477268219
2007-05-03,-1.8220393657684328,-3.630439758300781,-1.5218050479888916,-1.0700364112854004,-2.094511747360229,0.3507492244243622
1987-10-16,-2.43440580368042,-0.0527956113219261,-0.1559096127748489,-1.0865861177444458,-2.286468505859375,-2.069685935974121
1985-12-10,-0.1371751576662063,-2.1319525241851807,-2.3105661869049072,-0.9487558007240297,-0.7147615551948547,-1.7415010929107666
1987-06-13,0.1917110383510589,-1.2761273384094238,-0.7227246761322021,-0.6921453475952148,0.2880643308162689,-1.698374629020691
1991-04-16,0.5223285555839539,0.0159520078450441,-1.4921261072158811,-0.5936569571495056,-0.502701461315155,-1.794234275817871
1996-05-29,-0.8741628527641296,0.3095119893550873,-2.340792179107666,-1.886544108390808,-2.1873252391815186,1.8127259016036987
1982-09-04,-1.7878139019012451,-1.2845793962478638,1.3989678621292114,0.4220987260341644,-2.23415470123291,2.842940330505371
1999-03-31,-0.3164434432983398,3.817785501480103,1.5649683475494385,0.5364235639572144,-0.553392231464386,2.220256805419922
2001-08-04,2.1945314407348637,-1.2791080474853516,2.3030476570129395,-0.2983502447605133,2.573503971099853,1.0564587116241455
1983-09-21,-0.9249350428581238,0.2862748503684997,-0.2303458601236343,-0.5999137163162231,-1.6115247011184692,-2.071894645690918
1997-07-14,1.0583393573760986,-2.1673266887664795,-0.3893100619316101,0.1540337800979614,1.5801396369934082,1.1153957843780518
1994-08-11,2.5182137489318848,3.0141255855560303,4.803756713867188,3.6149168014526367,3.430285930633545,0.1841613799333572
1983-08-22,0.8427408337593079,-0.5141854882240295,0.8313109278678894,-0.2427344769239425,-1.3477685451507568,1.0040488243103027
2002-04-13,-0.2576701939105987,5.035941123962402,-0.0321347005665302,0.336366206407547,-1.8426977396011357,-0.0942525714635849
1982-12-14,-0.410167783498764,-0.3210792243480682,-1.216170310974121,-0.4376434683799743,-0.7822049260139465,0.2152526378631591
2007-06-12,0.2740619778633117,-0.8933406472206116,-1.4000244140625,-2.3270084857940674,-1.7118815183639526,-1.5882924795150757
1996-12-17,-2.3562941551208496,-2.681537628173828,0.5438334345817566,-0.2886936962604522,0.362679660320282,1.0161534547805786
2000-10-24,-1.097097873687744,1.3118889331817627,-1.3046762943267822,-0.8639031052589417,-2.8943607807159424,-1.372184991836548
2001-07-03,1.37280011177063,-2.0829029083251958,-1.0244057178497314,-0.821499764919281,0.5401996374130249,-0.9675052762031556
1999-08-15,0.5324155688285828,1.011113166809082,3.4072470664978027,1.4326651096343994,0.8128984570503235,3.896041393280029
1993-12-12,0.5746939182281494,1.9585723876953125,-1.348832607269287,-1.3511296510696411,-1.12351393699646,-1.5195393562316897
1997-04-06,-0.1375023424625396,-4.849700927734375,-0.6767977476119995,0.108787290751934,-0.9932892918586732,0.0306923855096101
1999-08-11,0.3317755162715912,0.5308031439781189,3.292181968688965,1.9204972982406616,0.1475093811750412,3.501772403717041
2004-10-08,-0.8243138194084167,-1.5456880331039429,-1.7393962144851685,-0.8655864596366882,-2.0004992485046387,4.337607383728027
2001-12-02,0.5956727266311646,2.65343713760376,0.2826061844825744,-0.1299551278352737,-0.481947511434555,1.2045769691467283
1994-06-03,-0.3955543637275696,-1.1181576251983645,-2.6506543159484863,-1.8108010292053225,-3.3719353675842285,-1.961248755455017
2002-12-07,0.918851673603058,-1.661394119262695,-2.0820541381835938,-0.0514758750796318,-0.6228684782981873,-1.9857499599456787
1989-11-01,-0.9170619249343872,1.8485081195831297,-2.4019055366516118,-1.2625014781951904,-2.722858190536499,-0.6003875136375427
2005-12-05,0.4128126502037048,0.2580316066741943,1.849437594413757,0.461247831583023,1.0552273988723757,1.8785245418548584
1999-12-03,1.6856690645217896,2.0034432411193848,0.3126049637794494,-0.0699575692415237,-0.46195849776268,1.1745781898498535
1992-06-22,0.0439018718898296,-2.241917610168457,-1.144560694694519,-1.0971204042434692,1.3959062099456787,0.6689031720161438
1988-06-11,-0.0927750095725059,-2.4059700965881348,-1.3047621250152588,-1.575229525566101,-2.3715853691101074,0.0871120691299438
1988-05-29,-1.3380261659622192,-0.8164219856262207,0.2690424919128418,-1.3489675521850586,-0.6963359117507935,0.6741089820861816
2004-01-09,1.4652986526489258,-1.3845679759979248,1.4888763427734375,0.178356647491455,1.346019625663757,1.552801251411438
1991-03-27,-0.3159414529800415,0.5125775933265686,0.1575075984001159,0.1342461556196212,-0.3513334393501282,1.6523891687393188
1997-04-11,-0.8759748339653015,-1.399688720703125,-0.3661965727806091,0.0163619257509708,-1.1464732885360718,-0.7598047852516174
2005-01-29,0.3864614069461822,-1.1633338928222656,0.9662196040153505,0.7452532052993774,1.4015898704528809,-0.0394987612962722
2003-02-18,0.2810936570167541,-1.5748310089111328,1.3925262689590454,0.6688533425331116,1.5179425477981567,0.2102576643228531
1988-04-04,1.5319700241088867,-1.1534441709518433,0.8885483145713806,0.327073186635971,-0.9628313183784484,2.188872098922729
1986-10-12,-1.8718961477279663,-2.291249990463257,-2.5038726329803467,-2.317148208618164,-3.7055084705352783,-0.6643144488334656
1982-01-11,0.9111600518226624,-0.5762511491775513,0.5313634276390076,0.3729717433452606,1.8260893821716309,4.056062698364258
1996-10-01,-1.1064356565475464,-3.026985883712769,-2.2860758304595947,-2.222864389419556,0.3734090030193329,0.9144834876060486
1996-03-24,-1.070989012718201,0.479025274515152,1.2709122896194458,0.1625071316957473,-0.3163839876651764,1.9729466438293457
1988-05-23,-1.7606154680252075,-0.9355449080467224,0.0043724398128688,-0.6562716364860535,-0.2229446619749069,0.663385808467865
2007-02-23,2.1299691200256348,0.0069402772933244,1.341686129570007,0.8673095703125,1.4086675643920898,0.373539537191391
2003-02-12,0.4418020248413086,-2.2270452976226807,1.3338148593902588,0.6640851497650146,1.5824309587478638,-0.0050935535691678
1985-07-20,1.2642251253128052,1.787468671798706,-1.1816387176513672,0.4410007894039154,2.6467506885528564,0.2042269706726074
1988-01-15,-0.607842206954956,-1.1082936525344849,0.3598047494888305,0.538294792175293,0.6750974059104919,0.5960649847984314
1996-07-09,-1.4636222124099731,-1.3917770385742188,0.6954336762428284,-1.4624617099761963,0.8337069749832153,1.4231032133102417
1987-03-30,-1.1702696084976196,0.2559069693088531,0.0646014064550399,0.5250625014305115,0.3225953280925751,-0.8829044103622437
1997-06-06,-1.2342160940170288,-4.773866653442383,-3.808802843093872,-0.5130411386489868,-2.314378261566162,-3.645495653152466
1987-08-25,1.2999342679977417,-1.1650210618972778,1.2874802350997925,0.6074703931808472,-1.038350224494934,1.4681719541549685
1985-04-18,0.0194651428610086,-2.014141798019409,-1.2039988040924072,-0.4083300232887268,-1.9742674827575684,-4.291306495666504
1996-11-25,-1.9770687818527224,-4.0717453956604,0.1833652704954147,-0.8385932445526123,0.5468873381614685,0.2873365879058838
2003-04-30,-1.053046941757202,4.847763538360596,-1.9076646566390991,-0.7324028015136719,-2.365226984024048,2.598252773284912
1993-07-17,-0.0623283311724662,-1.218511700630188,0.1475251168012619,0.557893693447113,1.15228009223938,-3.5830564498901367
1996-03-21,-0.585278332233429,-0.8292778134346008,1.3487766981124878,0.2419035136699676,-0.0442232824862003,1.8063108921051023
1996-01-26,0.2851168513298034,-1.4370131492614746,0.7906630635261536,0.5704206824302673,1.3282639980316162,0.7922099828720093
2002-08-16,4.107629299163818,-1.5804649591445925,3.627764225006104,2.7547218799591064,3.5864832401275635,-1.3433756828308103
1983-08-24,1.0580018758773804,-0.6773970723152161,0.1449596434831619,-1.0546660423278809,-0.9383550882339478,0.9132271409034728
1990-09-29,-0.4311397075653076,0.9677069187164308,2.4326095581054688,-0.8565611243247986,0.7758508324623108,1.8996362686157229
1988-06-05,-1.0630528926849363,-2.1598222255706787,-1.030448079109192,-1.839097023010254,-1.7587885856628418,-0.9973621964454652
1985-08-19,3.2142109870910645,1.494629979133606,-0.8635732531547546,2.573188781738281,2.8133580684661865,-3.18937349319458
2000-06-03,-0.2003221660852432,-0.6913619637489319,-0.3500962853431701,-1.6372673511505127,-2.174867391586304,-3.1734509468078613
1997-12-31,0.7131337523460388,-0.7317366003990173,-0.500474214553833,0.6267918348312378,0.2839413285255432,-0.6053186058998108
2005-06-28,0.1425370126962661,-3.292549133300781,-0.9853613376617432,-0.4332012832164764,-0.2349168062210083,-1.2361692190170288
2001-09-26,0.7488529682159424,-4.522314071655273,-0.8773879408836365,0.7534242272377014,0.9258447289466858,-0.7103491425514221
1995-07-19,0.3821148872375488,0.4245249629020691,-1.1391656398773191,-0.7851138710975647,3.3835582733154297,-2.917468786239624
1983-11-09,-1.5066956281661987,-0.1725833415985107,-0.6128324270248413,-1.794998288154602,-2.142429828643799,-3.032043933868408
2000-12-20,1.0245730876922607,-1.0677404403686523,-0.4977788627147674,0.045371938496828,1.4426579475402832,0.1261241137981414
1999-05-11,0.9512056112289428,1.0064151287078855,0.4844973683357239,-0.1167525798082351,1.0924333333969116,1.4239274263381958
1989-08-06,-0.5494351387023926,-0.0778092443943023,3.447096109390259,0.7318899035453796,2.231962203979492,-0.7130914926528931
1992-11-26,-1.0170773267745972,0.0282301269471645,-2.5266566276550293,-1.6785895824432373,-1.9731321334838867,-4.18266487121582
2007-08-01,1.0881681442260742,1.9448280334472656,2.3931901454925537,3.173051118850708,5.673045635223389,3.358656883239746
1991-07-08,-1.1010133028030396,-6.093115329742432,-3.5164735317230225,-1.4418879747390747,-1.2505229711532593,-4.553699493408203
1992-09-20,-1.8203808069229128,2.7262814044952397,0.0556723363697528,0.1975256949663162,0.6468702554702759,-2.2848119735717773
2007-09-24,-0.181260272860527,1.836896300315857,2.112152338027954,-1.3678888082504272,-0.9461987614631652,2.6542742252349854
2003-06-24,-0.127070352435112,-1.0977020263671875,-2.061323404312134,0.2050557136535644,0.3575170636177063,-2.0345475673675537
2005-10-08,0.5956996083259583,0.6743131875991821,1.8506001234054563,-0.8055583834648132,-0.8605151772499084,3.2975988388061523
2006-02-16,1.1304059028625488,0.9449533820152284,2.1515612602233887,0.7639110088348389,1.750298261642456,0.5212998390197754
2000-06-10,-0.9533649682998656,-0.4559689164161682,-0.7402780652046204,-1.8587844371795652,-2.541175603866577,-2.0237135887146
1996-10-30,-1.897072911262512,-0.8215053081512451,-1.4619032144546509,-1.4225051403045654,-1.022876501083374,0.4496308267116546
1983-03-30,-0.5623574256896973,-0.0251371152698993,0.6920643448829651,0.1550889611244201,-0.0683425962924957,-0.0195859372615814
1996-08-23,0.4134608805179596,3.0982649326324463,2.4820475578308105,3.305030345916748,3.360559463500977,0.5128253698348999
1990-09-25,-1.2227689027786257,0.9018791317939758,1.2328286170959473,-0.1466338187456131,-0.1102752760052681,2.1663272380828857
2004-11-24,-0.6589822173118591,-2.9697282314300537,-0.8568314909934998,0.0502094365656375,0.3978850841522217,1.6828707456588743
1998-10-08,-2.6682143211364746,-1.4358203411102295,-1.586642861366272,0.2719602286815643,-2.018975019454956,-1.0450204610824585
2004-12-30,0.5730785131454468,1.1658461093902588,1.1193153858184814,1.0038892030715942,1.670183777809143,0.760039746761322
1983-05-25,-1.0106154680252075,-1.2755718231201172,-0.3156043589115143,-1.4262605905532837,-2.162947177886963,-0.4966178834438324
1993-12-01,-0.2570371329784393,3.1482715606689453,-1.7569395303726196,-1.0750094652175903,-2.51364541053772,-2.1736807823181152
1998-03-26,-0.8523659706115723,1.8648470640182493,0.93208509683609,0.1550889611244201,-0.2283462584018707,0.520422637462616
2005-03-04,-0.5205056667327881,1.8093515634536743,2.3096606731414795,0.7618059515953064,1.0102550983428955,1.948950171470642
1996-09-10,-0.1458444893360138,-0.4616329371929168,0.6260122060775757,-0.6562280058860779,2.2508087158203125,3.088702917098999
1989-11-16,-0.3684811890125274,-0.1463386863470077,-2.486914157867432,-0.902740240097046,-1.435550332069397,-1.0960373878479004
1999-07-25,1.484999656677246,-0.0548210851848125,1.996206879615784,0.5651910901069641,3.367837190628052,2.880842685699463
2006-07-08,1.8944063186645508,3.0871834754943848,2.625533103942871,0.8853761553764343,2.642645835876465,1.1337435245513916
1998-08-02,0.8173215985298157,1.5487122535705566,3.131273031234741,3.8051869869232178,2.2467212677001958,3.6116881370544434
1995-11-01,-0.2187269181013107,-0.6181640625,0.1920779347419738,-1.0188809633255005,-2.1342780590057373,-1.21753990650177
1993-04-12,-1.3659651279449463,4.8203125,-0.2661904692649841,0.2963607013225555,-2.1564829349517822,-4.709816932678223
1990-03-13,0.0218281354755163,0.2339080870151519,0.2239070981740951,0.476010262966156,0.7178980112075806,-1.0787161588668823
2007-06-13,-0.1691514551639557,-0.8116834163665771,-1.3455023765563965,-1.902425527572632,-1.6662832498550415,-3.7026100158691406
1994-03-07,0.6494772434234619,1.739374756813049,1.11965811252594,0.7117876410484314,1.0102550983428955,-1.801049828529358
1993-03-20,-1.3991481065750122,4.002055644989014,0.3169267475605011,0.3602447211742401,0.1263829916715622,-1.0651556253433228
2002-08-24,3.7554967403411865,0.0090995859354734,4.607870101928711,-1.2867724895477295,2.5362977981567383,0.6665158867835999
1995-02-24,-0.3328990638256073,1.691965937614441,0.9742006659507751,0.7685349583625793,1.4322364330291748,-1.2683857679367063
1982-06-12,-1.3369112014770508,-2.235535144805908,1.4535436630249023,1.7819243669509888,0.7398133873939514,-2.637218952178955
1984-08-21,3.342740774154663,1.145818114280701,3.911297559738159,2.247255802154541,1.9522192478179927,2.494069576263428
1989-12-06,-0.9271420240402222,-0.4650989472866058,-2.027838706970215,-0.9818882942199708,-1.7063013315200806,-2.189324855804444
2002-08-31,3.340862274169922,-0.9385884404182434,1.3836591243743896,-1.6112319231033323,1.1381114721298218,1.2108793258666992
1992-06-26,-0.2770642638206482,-2.547714233398437,-0.8913403749465942,-0.4249491691589355,1.567539095878601,0.355467140674591
2002-05-02,-0.8411961197853088,-1.0501481294631958,-1.3077343702316284,-0.6204512715339661,-2.2336928844451904,-1.749012470245361
1982-07-20,1.7976570129394531,0.2514894902706146,0.9075348973274232,0.707887589931488,1.52227520942688,1.3869448900222778
1999-02-11,1.178755521774292,3.484476327896118,1.5234781503677368,0.8011628985404968,1.552777886390686,5.51842737197876
1992-02-16,-0.7191451191902161,0.3201278150081634,0.915718674659729,0.5940378308296204,1.5433164834976196,0.0010112872114405
1990-02-23,0.9374732375144958,1.191387176513672,0.8678154349327087,0.7657159566879272,1.4753516912460327,-1.3661285638809204
1990-06-12,-0.5982669591903687,0.9238848686218262,-1.712714910507202,-0.9621343612670898,-0.6819369196891785,-1.238383173942566
2001-06-08,0.107206679880619,-5.155970096588135,-1.4047682285308838,0.1447717249393463,-0.3016084730625152,2.8871302604675293
1986-01-11,1.303702473640442,-1.8847594261169436,-0.3980235755443573,0.195468470454216,0.2582034468650818,-1.664120316505432
1986-08-29,-0.435944139957428,0.1266214698553085,0.9291470646858216,2.78385066986084,-0.7269258499145508,1.185594916343689
1988-05-05,-1.5111790895462036,-2.0701677799224854,0.2022754251956939,-0.5704634785652161,-2.1736648082733154,1.000987529754639
1983-09-19,-1.023199439048767,0.5615822672843933,-0.2278990894556045,0.0463836826384067,-1.7109720706939695,-2.083259105682373
2002-07-11,0.6139886379241943,-0.7320494651794434,0.1401263922452926,-0.2467533499002456,0.4770083427429199,0.3677073121070862
1987-08-17,3.132275104522705,-0.6410360336303711,1.530242919921875,0.9531128406524658,3.765097379684448,1.1928905248641968
1985-12-15,0.119141399860382,-2.312112808227539,-1.6420009136199951,-0.514905571937561,-0.40601846575737,-2.034524440765381
1984-12-01,1.027114987373352,2.544346332550049,-2.9069271087646484,-0.7522558569908142,-1.2216614484786987,-2.245616912841797
1982-09-07,-1.766711950302124,-0.7023776173591614,0.989721417427063,0.0751504376530647,-1.749800682067871,3.4611518383026123
1995-07-24,0.9715109467506408,-0.9535794258117676,-0.9013150334358216,1.67657732963562,4.033095836639404,-5.299957275390625
1985-05-30,-0.0480175949633121,-3.5164341926574707,-2.770966053009033,-1.0389699935913086,0.01365552470088,-2.9458861351013184
2001-09-05,-0.1005739718675613,0.3824668526649475,2.9505560398101807,1.6371971368789673,-0.422847718000412,1.2726597785949707
1985-03-25,1.0343455076217651,-0.8718696236610413,0.0215605814009904,0.2363328039646148,0.0071812071837484,0.7599380016326904
2007-07-26,0.4259772598743438,1.4872491359710691,1.0412569046020508,2.369675636291504,4.3634867668151855,3.58576774597168
1997-10-07,-1.7733068466186523,0.2906981110572815,0.0623053573071956,-0.4681529402732849,-1.0208494663238523,-1.2945468425750732
1999-04-14,-0.1876628845930099,2.2359533309936523,1.3978580236434937,-0.443663090467453,-1.6726843118667605,1.985764503479004
1993-05-26,-0.8319000601768494,1.247549057006836,-1.3816190958023071,3.21870231628418,-1.193358302116394,2.4148190021514893
1988-04-30,-1.271423101425171,-2.175191164016724,0.7592474222183228,-0.5134961605072021,-1.9327205419540403,1.763135552406311
1996-05-26,-0.6099410057067871,-2.4544103145599365,-2.7012126445770264,-1.6701467037200928,-4.025089263916016,1.1095638275146484
1998-11-10,-1.920029640197754,-0.9042716026306152,-0.285640001296997,-0.7229009866714478,-0.9997172355651855,-1.7498420476913452
1992-03-19,-1.263430118560791,0.8707351684570312,0.4578344821929931,0.4330533444881439,0.2083590626716613,-0.9930497407913208
2000-03-25,0.4676413238048553,0.9548738598823548,1.292070388793945,0.1850877404212951,-0.2183670103549957,1.7204042673110962
2002-12-15,1.2018930912017822,-1.5587825775146484,-1.6900768280029297,0.1567779928445816,-0.1884257644414901,-1.8473360538482664
2006-03-21,0.0224316529929637,-0.4857902526855469,1.472265124320984,0.2098647207021713,-0.0535492077469825,1.0621336698532104
1989-05-29,-0.4580212533473968,3.0635828971862797,-0.0909428521990776,-1.3189687728881836,-0.6963359117507935,-0.4358763694763183
1994-02-03,1.2847678661346436,1.9144881963729856,0.4523906111717224,0.3794879615306854,1.3589357137680054,2.7765884399414062
2005-10-14,-0.2341172248125076,1.0089045763015747,0.4620565772056579,-0.7015641927719116,0.6102397441864014,3.3231661319732666
1983-11-03,-2.0470669269561768,-0.5914943218231201,-0.1018872931599617,-2.282490491867065,-2.052875280380249,-1.780380129814148
2004-05-31,-1.3155678510665894,-0.2081539928913116,-2.1706738471984863,-1.2908120155334473,-3.331926822662353,-1.381262183189392
1985-07-15,-0.0460150353610515,1.9779419898986816,1.110127568244934,0.0832332223653793,1.856982707977295,-0.4922780394554138
1992-04-17,-2.334523677825928,-0.9152137637138368,-1.1574617624282837,-0.5936808586120605,-2.3771753311157227,-1.149496078491211
2001-08-03,0.4805636405944824,-1.24779212474823,0.4770949184894562,0.7118703722953796,2.511960983276367,1.156903624534607
2004-10-28,-0.7470790147781372,-1.2615077495574951,0.0080980593338608,-0.1725050956010818,0.6571161150932312,3.489608764648437
2007-01-03,2.8927392959594727,0.1379531770944595,-0.3540298342704773,1.3459346294403076,2.6355676651000977,1.643931865692139
1983-06-05,-0.8478798270225525,-1.3763595819473269,-1.6707755327224731,-1.2124003171920776,-1.914314866065979,-0.8851740956306458
1998-01-14,0.1840932220220565,1.0939196348190308,0.2945523262023926,0.3852040469646454,0.935238778591156,0.8054787516593933
1996-11-14,-1.668468952178955,-0.1863167136907577,-0.5769105553627014,-1.132720708847046,0.434444785118103,-0.056028839200735
1988-08-13,2.331775426864624,0.5308031439781189,2.81217098236084,0.7904924154281616,3.0075252056121826,1.3617578744888306
1997-10-26,-1.3227657079696655,-0.2782111167907715,-1.16650390625,-0.3025554418563843,-1.3797290325164795,-2.2035744190216064
1998-05-13,-1.488366723060608,-1.841476559638977,-0.2829004824161529,-1.1611758470535278,0.2157422453165054,0.5535383820533752
1987-06-08,0.63260817527771,-0.3627160787582397,-0.8395716547966003,-2.035250663757324,2.269916296005249,-2.119494676589966
1989-07-03,2.39113712310791,0.6186575293540955,1.623098373413086,1.448815941810608,3.5660102367401123,-0.2425622940063476
1987-09-21,-0.148447960615158,1.2656307220458984,0.6315932273864746,0.7033413648605347,-0.9384360313415528,0.6609302163124084
1991-10-06,-2.2008373737335205,-1.70320463180542,-1.7501122951507568,-1.4440380334854126,-2.906529188156128,-1.6257160902023315
1982-07-28,0.5675580501556396,-0.3098103404045105,0.6415255665779114,0.8754571676254272,0.99422287940979,1.8148789405822756
1989-12-09,-1.07717764377594,-0.7419683933258057,-1.770557522773743,-1.0887705087661743,-1.3447664976119995,-1.5714876651763916
1995-07-14,2.125547409057617,4.769810676574707,0.8046342730522156,0.3232608437538147,4.082470417022705,1.8010748624801636
1997-11-15,-0.8521680235862732,1.2039765119552612,-0.4507440030574798,-0.7747092843055725,-0.5218148231506348,-0.1838659793138504
2003-08-09,1.4482063055038452,3.3341329097747803,2.7737576961517334,2.644915580749512,-0.4197200834751129,2.924151659011841
1982-11-29,-0.3270748853683471,-0.1317430138587951,-0.0366359464824199,-0.8786017894744873,-0.9831114411354064,-0.6926743984222412
1996-10-07,-1.5732946395874023,-1.7292908430099487,-1.3176995515823364,-1.7681711912155151,-0.1208555847406387,-0.0845554322004318
1999-03-02,0.4876323044300079,1.9945993423461916,1.846252918243408,0.6265297532081604,1.1994670629501345,3.14246129989624
2003-01-23,0.0047019533812999,-0.5002761483192444,0.5580782294273376,0.8614733219146729,1.4355696439743042,-1.3100603818893433
1992-11-22,-1.5089290142059326,-0.0392647832632064,-2.264132261276245,-1.943827986717224,-2.6714658737182617,-3.1727614402771
1995-01-06,-0.0872717425227165,-1.5420395135879517,0.0659530833363533,0.435930997133255,1.035561442375183,-0.5560804009437561
1988-05-09,-1.105408787727356,-1.442890167236328,-0.2796712517738342,-0.511051595211029,-1.687316656112671,1.0576889514923096
1983-06-15,-0.7933613061904907,1.5740604400634766,0.1197377741336822,-0.8587843775749207,-0.2711559534072876,-0.1837173104286193
1989-07-30,1.9059576988220213,2.06726622581482,1.9912691116333008,0.4896708130836487,1.333487868309021,-0.8042163848876953
2005-03-21,-0.8175646662712097,-0.9657707214355468,1.292272448539734,0.2898513078689575,-0.1935333460569381,0.4421386122703552
1990-04-17,-1.5205434560775757,-2.944164991378784,-0.6240121722221375,-0.4483385682106018,-1.6642699241638184,-1.9113017320632932
1984-09-03,1.3522007465362549,0.9854401350021362,1.9389764070510864,1.9721170663833616,2.685858726501465,1.5729514360427856
2000-02-22,2.2331383228302,1.3573898077011108,1.9521353244781492,0.6776353716850281,1.455104112625122,0.6584650278091431
1984-10-03,-1.102229118347168,1.54739511013031,-0.6342982053756714,-1.0875505208969116,-2.3963170051574707,0.1937725692987442
2005-10-19,-0.1755536198616027,0.9299885034561156,-0.0044803326018154,-0.6440998315811157,0.1866897940635681,3.28250789642334
1981-11-05,-1.9196655750274656,-3.4342200756073,-0.7728762626647949,-1.114848017692566,-1.8250699043273928,-0.5239156484603882
1996-06-02,-1.6255654096603394,-0.7781612873077393,-2.7806591987609863,-1.6108193397521973,-2.5019402503967285,1.008752465248108
1990-02-18,1.0139758586883545,3.0403239727020264,0.7130097150802612,0.7409809231758118,1.5371055603027344,-0.5909796953201294
2000-10-21,-1.3348571062088013,1.4067754745483398,-0.8515371084213257,-0.8548398017883301,-1.97258722782135,-0.892586886882782
1988-01-07,-0.6931171417236328,-1.7862999439239502,-0.4687674939632416,0.4413774311542511,0.1572149991989135,-0.5883764624595642
1991-08-30,-1.9237459897994995,1.3159135580062866,0.278356671333313,-0.5418672561645508,-0.1755390912294387,2.308096408843994
2006-02-05,1.6030360460281372,0.371180772781372,2.227241277694702,1.0834627151489258,2.221760034561157,0.7988749146461487
2001-09-27,0.6704005002975464,-4.310266971588135,-1.0949668884277344,0.385599672794342,0.1898666769266128,-0.6936521530151367
2003-03-26,-0.1602904051542282,-0.5840893983840942,0.0246233772486448,0.5650710463523865,-0.6073973774909973,4.427093029022217
1986-07-26,-0.0084695145487785,0.6864047050476074,-0.2912991940975189,-0.3734104335308075,0.4231107234954834,-0.349944919347763
1985-12-07,-0.3671444654464721,-1.7551075220108032,-2.657843589782715,-0.6318821907043457,-1.2463098764419556,-2.1093382835388184
2006-10-23,-0.5471100211143494,-0.2280890792608261,1.5553090572357178,-0.5339165329933167,-0.4343692660331726,2.057807683944702
2003-04-22,-1.1119256019592283,-0.3576360642910003,-1.5931519269943235,-0.3581344485282898,-2.132032871246338,6.063950538635254
1993-05-20,-0.7058998942375183,5.566971778869629,-1.6395787000656128,0.0308412257581949,-2.8061892986297607,-2.7391622066497803
1987-06-04,0.6021018624305725,-1.9363571405410769,-0.4907523691654205,-1.902402758598328,1.655692458152771,-1.445171594619751
1996-06-13,0.9677873849868774,-0.6146051287651062,-1.25393807888031,-1.3712551593780518,-0.4261684119701385,-0.4936763644218445
1982-10-21,-1.8885003328323364,-1.6586666107177734,-1.1122071743011477,-1.5852982997894287,-2.294869899749756,1.532950758934021
1982-02-12,-0.188076376914978,-0.6634628772735596,1.231972575187683,0.7593609690666199,1.6084634065628052,1.203313946723938
1989-06-23,0.3938774466514587,0.6680861115455627,-0.3345631062984466,-1.2471448183059692,1.6859147548675537,0.4689214527606964
2006-06-26,-0.6419357061386108,0.2572306394577026,0.5010669231414795,1.44447124004364,2.4087624549865723,3.758621454238892
1998-06-14,0.2340534180402755,-1.5133357048034668,0.639984130859375,1.3029963970184326,1.1981221437454224,1.331720948219299
1986-03-20,1.250684380531311,-1.4719040393829346,0.3566217124462127,0.854900598526001,0.288084477186203,-0.1623698025941848
2002-11-29,1.0029726028442385,-2.4317455291748047,-2.24692964553833,-0.2550021409988403,-0.3736613392829895,-2.243688106536865
1994-11-14,-0.0844411179423332,-1.8863059282302856,-2.0925328731536865,-0.4705672562122345,-1.319230318069458,-2.2077345848083496
1984-05-22,0.3540976941585541,-2.233046293258667,-0.4195774793624878,-2.449169874191284,-1.7562016248703003,1.4208414554595947
2000-12-02,0.2656556367874145,-0.0965629443526268,-0.1074084714055061,-0.1699636727571487,0.1280378550291061,-0.6654181480407715
1985-06-02,0.1378205418586731,-1.552499771118164,-3.200773000717163,-0.9952343702316284,-2.576955318450928,-2.3531417846679688
2000-08-05,1.6300761699676514,-1.3491226434707642,2.021058320999145,3.402374505996704,4.087602615356445,0.9373087286949158
1993-12-20,1.4054551124572754,-0.90857595205307,-0.250415951013565,-0.5108350515365601,0.3406220078468323,-1.1679887771606443
1992-10-21,-2.325307130813598,-1.7059720754623413,-3.6160638332366943,-1.8927593231201167,-3.352928400039673,1.1386096477508545
2006-02-07,1.6191688776016235,0.5705356597900391,2.384589910507202,0.6842817664146423,2.0025434494018555,0.8963980674743652
1988-04-18,-1.5445152521133425,-0.3452064096927643,0.0525296479463577,-0.4736552238464355,-2.0271692276000977,0.330514907836914
2005-08-27,-0.2401271611452102,2.007678985595703,2.8063228130340576,2.091758728027344,3.249008178710937,2.2415716648101807
1992-01-09,0.5711637139320374,0.0037353977095335,-0.2286463528871536,0.1729900389909744,0.4160857498645782,0.0760821998119354
1988-07-25,0.8215170502662659,0.3063998222351074,1.4386812448501587,0.0665920227766037,2.3430936336517334,2.750030755996704
1990-01-07,-0.6072607636451721,-0.9020553827285768,-0.8840286135673523,0.285906583070755,-0.2344275563955307,-2.1660656929016118
1986-10-10,-1.9933080673217771,-2.5592775344848637,-3.267681121826172,-1.9281443357467647,-3.940862894058228,-0.1645420044660568
1983-06-27,3.0869123935699463,0.7289618849754333,1.1652612686157229,-1.3819950819015503,4.788490295410156,1.4661853313446045
1982-03-26,-0.6956350207328796,0.6981071829795837,0.4815825521945953,0.3563279211521148,-0.0828151330351829,-0.9400742053985596
1989-06-29,1.0321645736694336,0.7682242393493652,0.3459183275699615,-0.5258790254592896,2.813263416290283,0.7069950699806213
2003-10-13,0.8179202675819397,1.5168237686157229,2.5951764583587646,-0.1422392576932907,0.77443528175354,0.0068158460780978
1999-01-15,0.3281520307064056,2.308469772338867,0.414535641670227,0.4825009405612945,1.0618823766708374,-1.8012760877609253
1988-05-02,-1.1650794744491575,-1.849238872528076,0.4957738220691681,-0.4690037667751312,-1.866988062858581,0.4807025790214538
1998-10-12,-2.2655365467071533,-1.6914126873016355,-1.1353962421417236,-0.6202879548072815,-1.925920844078064,-0.6550711393356323
2001-05-09,-0.444677472114563,-1.285234808921814,-2.312849998474121,-0.8198869228363037,-1.98452889919281,2.673260450363159
1990-08-27,3.1155126094818115,2.1290946006774902,2.007863998413086,0.9732372164726256,0.7263002991676331,0.7465329766273499
1990-04-15,-1.455929398536682,-2.0349416732788086,-0.5518395304679871,-0.5596175789833069,-2.0725014209747314,-2.8782973289489746
1993-12-10,0.4045441150665283,2.4489011764526367,-1.603900671005249,-1.6344462633132937,-1.3519905805587769,-1.7001487016677856
2001-09-17,0.8715410828590393,0.3956356048583984,1.5015883445739746,0.283327966928482,0.2215676456689834,0.8709521889686584
1998-07-06,-0.0509950444102287,-1.0931154489517212,-0.7164857387542725,0.8881291747093201,1.5994526147842407,2.586315155029297
2000-04-17,-0.1757764369249344,3.599925756454468,0.6510458588600159,-0.3862373232841491,-0.3869227468967438,1.870941519737244
2004-11-21,-0.9631665349006652,-3.0256764888763428,-1.2258315086364746,0.0137483272701501,0.0934894308447837,2.036818027496338
1987-01-23,1.058852195739746,-0.76503986120224,-0.1704655140638351,0.6169458627700806,0.8001705408096313,0.1292746514081955
2005-12-11,0.5730916857719421,-0.3131505250930786,1.4043480157852173,0.601010799407959,1.0603041648864746,1.1702114343643188
2001-03-07,0.2153892815113067,0.2533414661884308,1.06800639629364,0.6184252500534058,0.8606530427932739,-0.3217001557350158
1982-08-17,-0.916178286075592,1.1982111930847168,1.645419359207153,3.604590892791748,0.6499344110488892,2.661096334457397
2003-03-18,-0.2091456800699234,-1.357960224151611,0.6169450283050537,0.5502471327781677,0.1263829916715622,-0.7051702737808228
2002-12-25,1.5894007682800293,-0.8411720395088196,-1.13642680644989,0.5226855874061584,0.5749276280403137,-3.232194185256958
2005-06-16,-0.9654149413108826,-2.2940468788146973,-1.368265986442566,-0.1865536868572235,-2.2716007232666016,-1.7335904836654663
1983-05-03,-0.6778653264045715,-0.0568751506507396,0.3880921900272369,-1.33601176738739,-0.9594685435295104,2.282323837280273
1982-04-05,-1.4015368223190308,0.5327697992324829,-0.1522940099239349,0.1321696788072586,-0.5322095155715942,-0.449781209230423
1992-12-17,-0.0380971617996692,-1.2487850189208984,-1.230085372924805,-0.5132354497909546,-2.5184123516082764,-2.417312860488892
1988-12-02,-0.4570493400096893,1.198259353637695,-2.05692720413208,-0.3650180101394653,-1.3836710453033447,-1.0636953115463257
1981-09-17,0.8148994445800781,0.1622233688831329,1.183160662651062,1.7264660596847534,1.4687427282333374,1.1711643934249878
1986-08-31,-0.1437471956014633,-0.4541060328483581,0.878362774848938,2.788119316101074,-0.9955464005470276,1.488089084625244
1982-12-07,0.2856751680374145,-1.3365532159805298,-1.187395095825195,-0.8199575543403625,-1.1919695138931274,1.5045952796936035
1998-03-13,-0.3187547922134399,1.8640801906585691,1.650156855583191,0.9028197526931764,0.7240015268325806,1.155887246131897
1996-08-04,-0.6294217109680176,-3.9377946853637695,1.1670973300933838,2.8418753147125244,2.721982955932617,2.1368839740753174
1984-11-23,-0.1166462451219558,-0.0708493664860725,-0.8228537440299988,-1.232555627822876,-1.584372639656067,-1.5071349143981934
2005-03-13,-0.6058036684989929,0.1187716647982597,1.6476988792419434,0.5957828164100647,0.4406895637512207,1.114684820175171
2000-03-10,1.1818318367004397,0.1439117491245269,2.593902111053467,0.756009042263031,0.8378931283950806,0.7012825608253479
1991-01-04,1.1320453882217407,5.352657794952393,0.1878716945648193,0.4803479313850403,0.2644893825054168,-0.1053412556648254
1984-08-04,3.5180184841156006,0.9039080142974854,2.8713490962982178,1.218226432800293,2.7229673862457275,0.2160027027130127
1995-08-18,2.707635402679444,1.6295264959335327,1.727770447731018,1.374716877937317,1.606472134590149,-0.9333720803260804
1989-02-27,-0.1400199830532074,-0.0730768144130706,1.0016897916793823,0.66729736328125,1.3786687850952148,-0.7164873480796814
1995-11-19,-0.0915434062480926,-0.9535590410232544,0.1807333827018737,-1.099755048751831,-0.1009440049529075,-1.3949344158172607
2004-02-19,1.0601369142532349,-1.956003308296204,1.671288013458252,0.8728041648864746,1.5129622220993042,-0.4421988427639007
1995-07-03,3.0807244777679443,1.3006638288497925,-1.6372708082199097,-2.1485540866851807,1.4088263511657717,-2.41827392578125
2004-09-12,1.1450337171554563,0.7462239265441895,1.0165451765060425,1.7159503698349,0.0827176719903945,0.8382256627082825
2007-01-29,2.8364737033843994,3.94668197631836,1.2762171030044556,0.8252702951431274,2.191598415374756,2.180502414703369
1984-01-02,-0.0396295934915542,0.2007279992103576,0.0364608205854892,-0.0891506448388099,-0.3542174398899078,-0.788112461566925
1990-05-18,-1.1557031869888306,-1.870964765548706,-2.32882022857666,-1.304419994354248,-2.305217742919922,-1.8708148002624512
1988-05-21,-0.6959206461906433,-0.513045072555542,-0.1295689344406128,-0.2691465616226196,-0.5462101697921753,0.690830409526825
1994-03-11,0.5146622657775879,0.9217814803123474,1.1874827146530151,0.7011304497718811,0.7812456488609314,-1.8282406330108645
1999-02-12,1.1811127662658691,4.244422912597656,1.5097256898880005,0.7931029796600342,1.5589324235916138,6.397366523742676
1984-12-16,1.743105173110962,2.996846914291382,-1.0056556463241575,-0.1989770084619522,-0.1097092777490615,-2.8097994327545166
2003-03-31,-0.7615527510643005,1.662774682044983,-0.2922781407833099,0.4221476912498474,-0.9821912050247192,0.7302114963531494
1992-02-24,-0.5268715620040894,1.5473922491073608,0.8521291613578796,0.6276475787162781,1.455104112625122,-0.1915105283260345
2003-06-11,-1.8280236721038816,0.0045412234030663,-2.94735050201416,-0.9151566028594972,-0.8692732453346252,-1.6888062953948977
1990-06-20,1.1145716905593872,-2.2540688514709477,-1.538248896598816,-2.366576910018921,1.2583980560302734,-0.6435941457748413
2000-11-15,-1.4355545043945312,0.3545573949813843,-0.0840658843517303,-0.5165147185325623,-0.01810222864151,2.898719787597656
2007-02-18,2.3001272678375244,0.473989337682724,1.371269702911377,0.7627882957458496,1.5629500150680542,0.3477791845798492
1990-11-21,-1.154193639755249,-0.5423091650009155,-2.0612356662750244,-0.7912001013755798,-2.167569875717163,-3.131178617477417
2001-11-13,-0.8684812188148499,0.813683271408081,-0.7769227623939514,-0.3927305042743683,-1.385532021522522,-0.3660264015197754
1989-01-18,0.2509523034095764,-1.4180452823638916,-0.0671157166361808,0.6790152192115784,0.5862454175949097,-1.019062042236328
2000-02-09,1.5691505670547483,0.230539321899414,1.8346022367477417,0.8642744421958923,1.5525312423706057,1.4863944053649902
2007-03-05,1.6832798719406128,2.3770601749420166,0.8549374341964722,0.7106161713600159,1.246672511100769,0.6543610095977783
1987-06-20,0.1260912716388702,-2.257069826126098,0.0453246086835861,-0.932235836982727,0.1188050881028175,-0.9502716660499572
1992-07-20,1.88129460811615,-1.777328610420227,-2.88503360748291,-1.100419998168945,0.3427049219608307,-4.228124141693115
1982-01-26,0.2495927810668945,-0.8303211331367493,1.0273951292037964,0.870917797088623,1.6627521514892578,1.1818562746047974
1989-11-04,-0.4798956215381622,2.780353307723999,-2.316821813583374,-1.2104527950286863,-2.855214834213257,0.1104685291647911
1996-08-14,-0.7476992607116699,1.598984718322754,1.910247802734375,2.523120164871216,2.645102262496948,2.9428904056549072
2005-04-21,-1.1919121742248535,0.7323602437973022,-0.043164175003767,0.2618606686592102,-2.272047519683838,4.753952980041504
1998-05-28,-0.3761118054389953,-0.0684726685285568,-1.4108179807662964,-0.2477660030126571,0.032905850559473,0.5284931659698486
2006-01-02,1.3168926239013672,2.6637122631073,2.2512338161468506,0.7713639736175537,1.4672125577926636,1.771608829498291
1992-10-03,-3.579262971878052,1.7198073863983154,-1.185958743095398,-1.5273784399032593,-0.9850327372550964,-0.3035384118556976
1994-12-29,0.6676061153411865,-0.3191900551319122,-0.1067666485905647,0.5420033931732178,0.4839576780796051,-1.145511269569397
1991-03-07,0.6740351319313049,3.1502790451049805,0.5921446084976196,0.5319705009460449,1.061327338218689,-0.6579657196998596
1991-01-10,1.113700032234192,2.665258884429932,0.5119800567626953,0.4754977822303772,0.5782107710838318,-0.7041288614273071
2002-01-10,1.904354453086853,0.1040888130664825,1.1050927639007568,0.6886991262435913,1.0616666078567505,2.369900703430176
1997-06-07,-1.3407137393951416,-4.8348236083984375,-3.487762451171875,-0.5206640958786011,-2.177769422531128,-4.581415176391602
1986-10-16,-2.12440824508667,-1.232788324356079,-2.485926628112793,-2.336586236953736,-3.016448974609375,-2.709700584411621
1992-07-25,1.6575543880462646,-1.5898091793060305,-1.0284572839736938,0.1654656827449798,-0.2357575893402099,-3.2351393699646
2000-01-22,1.7896013259887695,1.909669041633606,1.3474024534225464,0.750922679901123,1.2727375030517578,1.2218648195266724
1989-02-13,0.2687518894672394,-0.6355186700820923,0.2434794157743454,0.6611482501029968,1.532788872718811,-1.1815543174743652
1982-11-26,-0.3611000776290893,-0.8075344562530518,-0.2851031720638275,-1.055070161819458,-1.50882089138031,-0.3280951082706451
1993-06-23,-0.6849721074104309,-2.176785945892334,-2.3550992012023926,0.1702008843421936,0.7814304828643799,-4.152698993682861
1984-11-19,1.1944503784179688,0.0445293076336383,-0.7640585899353027,-1.6365097761154177,-0.618108332157135,-0.7112961411476135
1997-04-10,-0.7977842688560486,-0.6435691118240356,-0.3008544743061065,-0.0517088361084461,-1.0706732273101809,-0.667327880859375
1985-12-27,0.7178427577018738,1.2141165733337402,-2.1101789474487305,0.03122428804636,0.0989458039402961,-2.48124623298645
1990-07-02,0.2225235849618911,0.0274277925491333,-1.1753637790679932,-1.0032086372375488,1.8150709867477417,-2.206170558929444
1992-10-24,-2.11317777633667,-1.4956320524215698,-3.137245178222656,-1.7150572538375854,-2.370840072631836,-2.786718368530273
1987-04-01,-2.14050841331482,0.3642838597297668,0.1037145555019378,0.4224228858947754,0.1384828835725784,0.0363474860787391
1993-09-01,0.2221958190202713,0.5854157209396362,0.5989800095558167,0.1521097272634506,0.8958502411842346,-0.8570412993431091
1992-09-06,-3.257636308670044,1.869460701942444,0.2647105455398559,-0.4144894182682037,-1.2576452493667605,-2.6426644325256348
2003-12-26,1.0739299058914185,-0.5898063778877258,0.6889253854751587,0.6226121783256531,0.5803130865097046,4.336448669433594
2003-01-03,1.7768840789794922,-0.5362999439239502,-0.758776068687439,0.8713700771331787,1.1372259855270386,-1.258389949798584
2003-05-01,-1.1617796421051023,5.174107074737549,-2.0321812629699707,-0.7562284469604492,-2.57413649559021,0.0649884566664695
1993-01-12,0.4843409955501556,-0.0359258353710174,0.1050927713513374,-0.0013033340219408,0.4916593134403229,-1.0000944137573242
1994-07-10,2.8763740062713623,3.118232727050781,0.5454397797584534,-0.4224836826324463,2.93371319770813,-3.5869064331054688
1987-01-29,0.8940624594688416,0.3050054907798767,0.2013732194900512,0.4984834194183349,1.0884599685668943,0.063308447599411
2005-11-29,0.0607011578977108,0.1800993531942367,1.1830320358276367,-0.0465280935168266,0.6943387389183044,1.8223894834518437
1996-05-14,-1.713780641555786,0.8090370893478394,-1.4476089477539062,-1.2587361335754397,-3.4478118419647217,2.402592182159424
2005-10-28,-0.6070643663406372,-0.2415187507867813,-0.7419019341468811,-0.5024916529655457,0.1371271163225174,1.989608883857727
1997-12-13,0.1430990099906921,-1.6731358766555786,-1.7656654119491575,0.1310095638036728,-0.6397080421447754,-2.1097872257232666
1983-12-30,0.6193996071815491,0.0488426387310028,0.1535512804985046,0.0426745787262916,0.5549080967903137,-0.7822125554084778
2007-10-03,0.3203635513782501,-0.2329935431480407,1.265566349029541,-1.6261818408966064,-0.789658784866333,2.4401156902313232
1984-01-04,-0.1068430393934249,-0.4817366003990173,0.00953552685678,-0.213204488158226,-0.2760562300682068,-0.8253198266029358
1985-11-21,-0.2415373027324676,-0.0835639461874961,-1.419272780418396,-1.649742841720581,-1.2309489250183103,-2.5949161052703857
1996-10-02,-0.809273898601532,-2.910197496414185,-2.0959622859954834,-1.4874004125595093,0.5149672627449036,1.13646399974823
1983-08-16,1.3469793796539309,-0.4411827027797699,2.562732696533203,-1.0629467964172363,0.9074106812477112,0.6307286024093628
1984-03-11,1.0553855895996094,0.8933561444282532,1.81800639629364,0.5084398984909058,0.9006615877151489,2.588303565979004
1987-01-26,1.1628791093826294,0.0152842812240123,0.0836571678519249,0.6116401553153992,0.9504008293151855,0.4264651834964752
1991-12-28,0.7693935036659241,1.3288414478302002,-0.2464426159858703,0.402690440416336,0.4949105679988861,2.077803373336792
1985-08-27,1.7586230039596558,1.002974271774292,-0.7311645150184631,1.76364266872406,3.082129955291748,-1.4810385704040527
1995-11-03,-0.4899053871631622,-0.589641809463501,-1.006824254989624,-0.9004246592521667,-1.7852076292037964,-1.309514403343201
1988-08-12,2.2782235145568848,0.4141194820404053,2.8837430477142334,0.7549008727073669,3.51027250289917,0.904162585735321
1983-02-11,1.6330348253250122,0.061183214187622,1.1672132015228271,0.4734468460083008,1.5217479467391968,2.358872413635254
2007-02-15,2.238020658493042,-0.5866497755050659,1.348393440246582,0.6579480171203613,1.600009560585022,2.140866279602051
2006-05-01,-0.3211765885353088,-1.0101701021194458,0.1122790873050689,-0.5804427266120911,0.2963363230228424,1.940989971160889
1984-10-27,-1.5605889558792114,-1.7672443389892578,-2.781618118286133,-1.994755864143372,-2.9580929279327397,-1.5799295902252195
2006-12-06,1.6488627195358276,0.5686168670654297,-0.1320419907569885,0.3185192346572876,1.267146110534668,1.7242414951324463
2007-08-23,0.9055210947990416,2.68909215927124,0.7278651595115662,0.6432201266288757,0.6163149476051331,2.38651704788208
2000-07-10,0.22359399497509,2.527087926864624,1.2170830965042114,1.3939610719680786,1.073725342750549,0.9352685809135436
1997-01-02,0.6420552134513855,-0.6173436045646667,0.9078729152679444,0.6903393864631653,1.4045040607452393,0.7046563029289246
1989-02-06,0.6468381285667419,-1.7628724575042725,0.6405079364776611,0.6699473261833191,1.4159013032913208,0.017453258857131
1984-10-24,-1.815568327903748,-2.1200296878814697,-3.1245059967041016,-2.134089946746826,-2.233323574066162,-1.2374811172485352
2004-11-19,-0.9889400005340576,-2.929248809814453,-1.2441127300262451,-0.3838304877281189,-0.3014708459377289,1.697264313697815
1999-02-22,0.7431174516677856,1.3473800420761108,1.6521170139312744,1.0276414155960083,1.455104112625122,4.998461246490479
1995-04-26,-0.6770886778831482,-0.2443989962339401,-0.4843909442424774,3.4412262439727783,-1.147549748420715,0.3503594994544983
1982-06-29,-2.057063102722168,-0.6277008056640625,-2.581342935562134,0.075050838291645,0.2475317269563675,-1.7845474481582642
2004-01-11,1.502173662185669,-1.6082936525344849,1.2597986459732056,0.2482862472534179,1.3250912427902222,1.5460467338562012
1985-10-31,-1.0014996528625488,-3.4262163639068604,-1.98652184009552,-1.8484584093093872,-1.767866849899292,-2.483654022216797
2001-05-26,0.4619616568088531,-3.456406116485596,-2.180939197540283,-0.0789785608649253,0.7336567640304565,0.8841004371643066
1985-01-27,1.2847007513046265,0.8897385001182556,0.3480867445468902,0.2914659976959228,1.0455549955368042,-1.5400713682174685
1998-09-13,-1.0951042175292969,-1.1377949714660645,-1.106847882270813,1.7564648389816284,1.0287402868270874,-0.628853976726532
2001-11-17,-0.5115568041801453,0.9564141035079956,-1.109275221824646,-0.2797476947307586,-1.3309245109558103,0.2550899684429168
2002-09-26,1.3488590717315674,-1.2723138332366943,-0.6973952651023865,-1.3265624046325684,-0.5441259741783142,-0.6903601288795471
1993-12-03,-0.4617135524749756,2.811854362487793,-2.247142791748047,-0.8581623435020447,-1.9784201383590696,-2.2515182495117188
1986-07-29,0.2938587665557861,0.8713382482528687,0.0926829203963279,0.8958125114440918,0.2838992178440094,-0.002043915214017
2005-01-10,0.832160234451294,-0.4283009171485901,1.5998255014419556,0.758296012878418,1.5450924634933472,0.3360552191734314
1989-12-14,-0.4508659243583679,-1.4420870542526243,-2.29199481010437,-0.704908013343811,-0.7960026264190674,-1.7845243215560913
2002-04-03,-0.255108892917633,5.330708026885986,0.1545722484588623,0.1945088505744934,-0.8195549249649048,1.0323169231414795
1995-08-01,2.990234613418579,1.0403729677200315,-0.0765708312392234,1.612204909324646,2.761777400970459,-2.058423519134521
1983-07-01,2.612181663513184,-1.5317635536193848,1.0059219598770142,-0.6258546113967896,0.903259813785553,1.2569828033447266
1982-06-20,-2.3418056964874268,-3.319591999053955,-1.1604032516479492,-0.1074998751282692,0.630588173866272,-2.056605339050293
2000-12-01,0.2482779026031494,-0.088139422237873,0.3328742682933807,-0.2181782126426696,0.3115883767604828,-0.761527955532074
1983-04-29,-0.8570813536643982,0.5955973267555237,0.565596878528595,-1.1287504434585571,-0.95754736661911,3.0403618812561035
1995-08-03,2.947326421737671,1.0387330055236816,-0.0687087178230285,1.605174899101257,3.9167346954345694,-1.4183106422424316
1982-12-20,0.211902841925621,-0.8687801957130432,-1.1900768280029297,-0.0232452061027288,-0.3084208965301513,2.0826871395111084
2007-11-02,-1.5783917903900146,-0.5988156795501709,-1.1417639255523682,-0.7304737567901611,-1.753840446472168,-0.9085573554039
1983-11-23,-0.564197301864624,-0.1023067384958267,-0.6312429308891296,-1.051209807395935,-1.517545461654663,-1.5111833810806274
1988-05-26,-1.0938982963562012,-0.5505644679069519,-0.1622301787137985,-1.232486605644226,-1.0612653493881226,0.6598564386367798
2005-04-27,-1.2578519582748413,1.1231175661087036,-0.5919187664985657,-0.5660227537155151,-2.3494832515716557,3.692327499389648
1995-02-15,-0.0991499945521354,0.120146133005619,1.155708909034729,0.6440561413764954,1.5532957315444946,0.781010091304779
2002-01-18,2.071378231048584,-0.4741202294826507,1.2779483795166016,0.6737226843833923,1.3152397871017456,1.1313022375106812
1989-10-30,-0.601505696773529,1.9137799739837649,-2.55652928352356,-1.4984523057937622,-2.997877836227417,-0.9636649489402772
2001-02-24,0.63997882604599,-0.3730646073818207,1.221691012382507,0.747314453125,1.4186468124389648,-1.0764726400375366
1982-09-02,-1.1101223230361938,-1.402324676513672,0.8963192105293274,0.3717575669288635,-1.650985836982727,2.1715643405914307
1988-11-16,-1.048473834991455,-1.236335039138794,-0.9169068932533264,-0.8327329158782959,-2.0955538749694824,-0.03603982552886
2007-05-23,-1.501883029937744,-1.922433853149414,-2.0116238594055176,-2.4213123321533203,-3.2833547592163086,-0.6651981472969055
1988-01-13,-1.3046903610229492,-1.1745460033416748,0.1488800346851349,0.4883542060852051,0.5660208463668823,-0.4671877324581146
2004-05-03,-2.7120540142059326,0.0295640211552381,0.4681852459907532,-1.0200486183166504,-2.4144885540008545,-0.3892410099506378
1983-10-27,-1.7631717920303345,-1.5156515836715698,-0.6872329115867615,-1.9250487089157104,-1.5708523988723757,-2.4767208099365234
1982-09-03,-1.9148069620132449,-1.32917320728302,1.0265294313430786,0.3964390158653259,-2.373859405517578,2.13651704788208
1989-04-28,-1.5209941864013672,1.6060830354690552,-1.5719507932662964,-0.8198538422584534,-1.7217254638671875,-2.057821750640869
1985-04-26,0.208081766963005,-4.027618885040283,-1.2531555891036987,-0.7381393313407898,-2.412031650543213,-4.616042137145996
1985-07-02,-0.8451535105705261,-2.343040943145752,-2.4726927280426025,-1.9146455526351929,0.4360059201717376,-3.549080848693848
2000-06-15,0.188193067908287,-2.569591999053955,-0.740420401096344,-1.6575181484222412,-1.199398398399353,-2.796626091003418
2004-07-26,0.8259711861610413,3.0872552394866943,2.491269111633301,2.359665870666504,0.953482985496521,2.5457592010498047
2005-08-04,1.5800883769989014,-0.3091140389442444,2.5910351276397705,3.262359857559204,3.4376089572906494,2.0873026847839355
2002-09-04,2.782372236251831,-1.3905490636825562,2.1246957778930664,-1.5044857263565063,1.2423547506332395,1.8573355674743648
1982-12-18,0.0665828958153724,-1.3145841360092163,-1.5498803853988647,-0.1533909738063812,-0.4446487128734588,-0.2953411340713501
1997-06-15,-1.1091538667678833,0.3783190548419952,-3.205518245697021,-0.7024438977241516,-1.6162954568862915,-2.992618560791016
2004-02-28,0.1354561746120453,-1.0501288175582886,1.6698222160339355,0.9127030372619628,1.2304325103759766,0.3396154940128326
2005-03-12,-0.6764678955078125,0.6420985460281372,1.680012822151184,0.6047776341438293,0.5135239958763123,1.21101176738739
1988-10-19,-1.8984795808792116,-0.9886531233787536,-1.3221986293792725,-2.0752885341644287,-3.804879665374756,-0.1670309454202652
2007-03-22,0.6090036630630493,1.0590423345565796,0.5909196734428406,0.4524851441383362,-0.0564047321677207,1.9729466438293457
2003-05-28,-1.9841786623001096,-2.02050518989563,-1.6707786321640017,0.0534583590924739,-2.0873191356658936,-1.0572692155838013
1989-05-16,-1.513768434524536,2.139023780822754,-0.547584593296051,-1.3787312507629397,-1.4778105020523071,-2.317409038543701
1992-05-13,-2.213340282440185,-0.6523239612579346,-1.648842215538025,-1.1838293075561523,-3.520807266235352,-4.796000957489014
1991-07-20,1.6221051216125488,0.3845469355583191,-2.89917540550232,-0.8451114296913147,0.9435864090919496,-3.617450475692749
2001-08-05,2.130076169967652,-1.2391067743301392,2.3310558795928955,-0.1676328331232071,2.6976187229156494,1.127311110496521
1992-08-23,-0.5600510835647583,2.5849788188934326,1.0974777936935425,0.9874752759933472,0.03162657096982,-2.0418379306793213
1994-09-19,-0.6984357237815857,-0.3843631744384765,0.9016127586364746,-1.2766696214675903,-1.5584311485290527,0.4309497773647308
1988-04-15,-1.075924515724182,0.8650522828102112,0.2581580281257629,-0.2896285653114319,-1.1725075244903564,0.6416917443275452
1991-07-24,2.1669046878814697,0.9237701296806335,-1.6223585605621338,-0.3614135384559631,0.2743866741657257,-3.753659963607788
1984-11-03,0.1312791854143142,-1.148162841796875,-2.667907476425171,-2.44887375831604,-1.9242864847183228,-2.7775375843048096
1991-08-23,-2.281879186630249,4.303079605102539,0.1651096194982528,-0.3991061151027679,-0.8346859812736511,-1.3550242185592651
2005-02-09,0.1887653172016143,0.5745033025741577,1.7734781503677368,0.7111665606498718,1.542768120765686,1.0684456825256348
2000-12-13,0.9465572834014891,-1.3145841360092163,-0.1598657071590423,0.0766200125217437,0.8653488755226135,-0.1953350454568863
1987-09-19,0.540140688419342,1.6782677173614502,0.779803991317749,0.6077440977096558,-0.9123796820640564,0.606716513633728
1982-02-11,-0.1269444078207016,-0.938816785812378,1.1872327327728271,0.7834444046020508,1.6117442846298218,1.0588847398757937
1996-02-12,-0.7812358736991882,1.1744788885116575,1.3034769296646118,0.5211641192436218,1.542768120765686,3.8284249305725098
1987-05-24,-0.2306166589260101,0.4044514000415802,-0.4956275522708893,-1.7462679147720337,-0.7929520010948181,-1.1366325616836548
2002-06-08,0.5371993780136108,-0.0859626904129982,-1.8547804355621336,-2.2252233028411865,-2.1416049003601074,-2.7728734016418457
2002-04-11,-0.2853556871414184,4.903197765350342,0.0467965602874755,0.1337165832519531,-1.5337733030319214,-0.023492582142353
2007-09-16,-1.4684553146362305,2.0756282806396484,0.411592036485672,-1.3866549730300903,-2.328420162200928,2.2109484672546387
1998-08-14,1.74229097366333,2.058976173400879,4.45025634765625,2.013140916824341,-0.1249173283576965,3.9428904056549072
1981-11-25,-1.2189509868621826,-1.999256253242493,-0.5141322612762451,-0.6138414740562439,-1.0214720964431765,0.1372362077236175
1984-06-13,0.4717403352260589,-2.376133441925049,-1.1327283382415771,-2.182135581970215,-2.231924772262573,-3.748393058776856
1981-10-22,-2.3118083477020264,-1.8753187656402588,-0.3149456083774566,0.1816102564334869,-2.438750505447388,-1.13621187210083
1986-01-25,1.6696062088012695,-0.7903125882148743,-0.1026097014546394,0.3909372985363006,0.9827594757080078,0.0218831729143857
1993-11-24,-0.6131604313850403,0.8443186283111572,-1.3358168601989746,-0.9662626385688782,-1.716538667678833,-1.513169765472412
2005-11-06,-0.5782381892204285,0.9790524244308472,-0.4208861589431762,-0.9865804314613342,0.6442394256591797,-1.1485570669174194
2002-12-28,2.0803654193878174,-0.9792646765708924,-0.993537962436676,0.5908420085906982,0.7958069443702698,-2.4081075191497803
2002-02-26,1.0161070823669434,-0.3937859237194061,1.300237774848938,0.932036280632019,1.3147121667861938,0.8795373439788818
1999-06-23,4.28689432144165,-2.321025848388672,3.2352685928344727,1.8880244493484497,3.538490295410156,-0.3338329195976257
1990-02-16,1.2308671474456787,3.7301313877105713,0.595711350440979,0.6740549206733704,1.5433164834976196,-0.798976480960846
1998-11-06,-2.054438829421997,-0.8958645462989807,-0.4930182099342346,0.6108365654945374,-1.4705874919891355,-1.0648356676101685
1985-08-21,2.502744436264038,1.825810790061951,-0.3987000584602356,2.677248477935791,2.692239999771118,-3.2159523963928223
1990-07-30,2.2059760093688965,4.17725133895874,0.8912630081176758,-0.1103352978825569,3.523490190505981,-2.5842151641845703
1997-12-03,-0.6143187284469604,1.3234504461288452,-2.4774036407470703,-0.1099355965852737,-0.9919572472572328,-3.1354193687438965
1988-08-16,0.5322995185852051,1.658982276916504,3.000244140625,1.2531311511993408,3.2050998210906982,1.962879538536072
1982-10-18,-2.21207857131958,-1.8131933212280276,-2.0748369693756104,-1.442257523536682,-2.565561056137085,2.3868207931518555
2007-06-22,-0.6704781651496887,0.715307354927063,-1.1135035753250122,-0.5437014102935791,-0.6028057336807251,-0.1344533264636993
2000-07-16,1.6942483186721802,0.0574882552027702,3.488374710083008,1.0609959363937378,3.3267738819122314,0.9342379570007324
2000-05-13,-0.8337758183479309,-1.2509604692459106,0.4323959052562713,-1.2487263679504397,-2.6178252696990967,-1.4374042749404907
1981-12-30,0.079391062259674,0.0188438594341278,0.8235647082328796,0.7126880288124084,1.6149057149887085,-0.3722088634967804
1990-07-05,-0.848735511302948,-0.7665297389030457,-3.2464470863342285,-0.935349702835083,0.823531985282898,-3.063239097595215
2006-09-04,-0.1305727511644363,-1.6975501775741575,2.2805426120758057,3.1772055625915527,1.3771400451660156,-2.2373499870300293
1997-05-18,-2.5289011001586914,-1.152100920677185,-3.142184019088745,-1.7307779788970947,-3.662606954574585,-1.92596435546875
1997-08-07,0.1272042840719223,-0.5578024983406067,2.001107215881348,1.234063744544983,1.584355115890503,0.4095115065574646
1989-03-27,-0.6059194803237915,2.242588520050049,-0.212487518787384,0.2042229622602462,-0.1713407635688781,0.1923671811819076
1997-01-14,0.8340871334075928,-0.0060559255070984,1.2845730781555176,0.1452138274908065,1.5052460432052612,-0.6145041584968567
1996-12-10,-0.8901787400245667,-2.041080474853516,-0.2161702811717987,-0.5976471304893494,0.0078036324121057,0.7452514171600342
2005-01-26,0.7075346112251282,-1.4845845699310305,0.9071226119995116,0.8119403123855591,1.361352562904358,0.3019014596939087
1996-07-20,-2.268216371536255,-4.7180705070495605,-0.5292021632194519,-1.404931664466858,-0.675770103931427,1.5322891473770142
1993-11-22,-1.1089351177215576,0.8507498502731323,-1.46411395072937,-1.153849959373474,-1.9914733171463013,-1.48275887966156
1985-07-03,-0.857463002204895,-1.9825514554977417,-1.5453588962554932,-1.9432110786437988,0.7950819730758667,-3.1361632347106934
2007-04-23,-2.087092399597168,-5.324385643005371,-1.4543921947479248,-0.1787687838077545,-2.36755108833313,0.1303582787513733
2002-11-05,-0.2044328451156616,-2.325857162475586,-2.533026695251465,-1.009158492088318,-1.8705813884735107,-1.2148295640945437
1987-09-24,0.2803649604320526,0.5815127491950989,0.3101072311401367,0.4186261594295501,-0.5659611225128174,-0.0520227774977684
1993-08-29,1.5462552309036257,0.5359147191047668,0.948370099067688,2.288119316101074,0.8144511580467224,-0.0419097170233726
1996-01-16,-0.641849160194397,-0.2715166807174682,0.1845551580190658,0.5925167798995972,1.0518726110458374,-0.5612857937812805
2000-07-08,0.4663704037666321,2.6582107543945312,1.175444722175598,0.1475236266851425,1.2236911058425903,1.7630995512008667
1987-01-21,0.8625736236572266,-0.2343127429485321,-0.2853778004646301,0.579613983631134,0.707925021648407,-0.2577720582485199
1996-04-16,-2.2445273399353027,-2.4352028369903564,-0.5674654841423035,-0.4536662101745605,-1.637184977531433,-0.4694728851318359
1990-01-25,0.2328558713197708,-0.6747181415557861,0.1636437475681305,0.3316413462162018,0.9204020500183104,-1.1635311841964722
2003-02-14,0.288231611251831,-2.364063024520874,1.405452013015747,0.6530263423919678,1.5615228414535522,0.415734201669693
1995-09-29,-0.8295994997024536,-0.4502817988395691,-2.2749900817871094,-1.6043905019760132,-1.8201125860214236,-1.2536497116088867
1994-03-08,0.5632542371749878,1.7370455265045166,1.2349423170089722,0.7906027436256409,0.9566945433616638,-1.7656219005584717
1995-06-01,-0.3500813543796539,-0.2444801330566406,-3.850799083709717,-0.9338658452033995,-0.9259792566299438,-2.1091294288635254
1992-05-31,-1.462154984474182,-1.322519302368164,-2.140775442123413,-1.9452465772628784,-1.0269675254821775,-0.823142945766449
2004-10-26,-0.701511800289154,-1.1662371158599854,0.3334854543209076,0.3215550780296325,-0.0278766267001628,4.296344757080078
2004-07-27,0.899229109287262,3.037071943283081,2.4433846473693848,1.9929450750350952,0.9670441150665284,2.0664756298065186
1998-09-12,-0.8436406850814819,-1.240430474281311,-1.1580657958984375,1.7079414129257202,0.90705543756485,0.1455423682928085
2000-09-09,1.6541433334350586,0.2283695042133331,0.2059987783432006,2.173789024353028,0.4907988905906677,1.198718786239624
2006-11-03,-0.3466920256614685,-1.8125979900360107,0.4971529245376587,0.0850065797567367,-0.332432359457016,-1.1620488166809082
1986-06-12,-0.5127884149551392,-2.1559700965881348,-1.5047743320465088,-1.865238070487976,-2.5816073417663574,-1.5128940343856812
2007-01-24,2.9640698432922363,1.2150092124938965,1.4913817644119265,0.97849440574646,2.6084794998168945,1.2433011531829834
1982-04-30,-1.4609966278076172,-1.3339194059371948,-0.7119653820991516,-0.7598562836647034,-1.5417327880859375,-0.1278291046619415
1990-03-08,0.1294882297515869,1.0093637704849243,0.4296557009220123,0.5617937445640564,1.0102550983428955,-0.8010498285293579
2006-10-26,-0.561497151851654,-0.6762164235115051,1.14348304271698,-0.6684351563453674,-0.597883939743042,1.006336331367493
2004-12-11,0.1330892443656921,-0.8331395387649536,-0.0856726840138435,0.571012020111084,0.4202894866466522,2.3202054500579834
2000-05-26,-0.8480359315872192,-2.5364232063293457,0.189055934548378,-0.6589651107788086,-2.246323823928833,0.0941224098205566
1982-09-20,-1.9698690176010127,0.0182640608400106,-0.2501948177814483,0.2277697324752807,-1.5123857259750366,2.776699542999268
1983-09-14,-0.9758616089820862,0.6383731961250305,-0.6339975595474243,-1.0262231826782229,-1.659195065498352,-0.1812861412763595
1997-08-14,0.2322812378406524,-0.4410238265991211,2.21026611328125,0.0231201462447643,1.5350863933563232,0.2128795087337494
2002-09-09,3.6841421127319336,0.5883548855781555,1.906010985374451,-0.8962182402610779,1.780807375907898,0.3187138736248016
1998-04-20,-0.5112295150756836,-2.778538703918457,-0.4563907980918884,-0.5612740516662598,-1.3715596199035645,2.7571494579315186
1997-04-09,-0.740837037563324,-0.5784905552864075,-0.3872377872467041,-0.0604678429663181,-1.036421537399292,-0.3459919691085815
2005-01-11,0.9087606072425842,-0.3016699850559234,1.6729670763015747,0.6971331834793091,1.4962847232818604,0.2712527513504028
2002-02-07,1.681918740272522,-0.6834518909454346,1.311959147453308,0.8993450999259949,1.6584511995315552,0.1733151525259018
1995-05-12,-2.278774738311768,-4.02358341217041,-2.485503911972046,0.513252317905426,-1.4675642251968384,-2.326072454452514
1982-05-27,0.4139719307422638,-3.4087727069854736,-1.4430475234985352,-0.823688268661499,-2.0687966346740723,-1.7953635454177856
1990-02-26,0.8193773031234741,1.4351656436920166,0.824053168296814,0.7484365701675415,1.4067555665969849,-1.216692328453064
1997-12-23,0.2608267664909363,-1.7892144918441772,-1.278468370437622,0.5097453594207764,0.1884778887033462,-0.9516168236732484
2002-06-17,-0.1254185736179351,2.3559470176696777,-2.298258781433105,-1.186553716659546,-1.831598281860352,0.1364046335220337
2002-07-19,1.46179461479187,-1.708091139793396,0.8908112645149231,0.1550658792257309,1.2242237329483032,1.7522903680801392
1987-04-03,-2.356451988220215,-0.4721925258636474,0.1149866506457328,0.4864052534103393,0.1865980178117752,0.4802360236644745
1996-12-27,0.3039409220218658,-1.169823408126831,1.0489107370376587,0.3726121783256531,1.3503326177597046,0.3264387249946594
1994-09-26,-0.9399012327194214,-0.5327039957046509,0.4836877882480621,0.521669864654541,-1.7562507390975952,-0.8497408628463745
1992-09-02,-2.059131622314453,4.031412601470947,0.403648167848587,-0.2612258493900299,-1.0019031763076782,-2.459134101867676
2001-12-20,1.5445926189422607,-0.1177586987614631,0.3422174751758575,0.405357301235199,0.712647020816803,1.436121702194214
2005-06-04,-2.8442015647888184,-2.923891067504883,-0.408808946609497,0.2569478750228882,-1.5543988943099976,0.3344848155975342
1991-12-23,0.1145694479346275,2.5322656631469727,-0.6777715086936951,0.1753768175840377,0.2926640808582306,1.396143674850464
1997-11-30,-0.4270505607128143,-0.2017344981431961,-1.5269285440444946,-0.3750277757644653,-0.5436442494392395,-1.273686766624451
2005-04-28,-1.0950721502304075,0.9207806587219238,-0.7042384147644043,-0.0590001121163368,-2.696974515914917,2.680684328079224
1981-10-11,-2.6032934188842773,-3.0992860794067383,-0.437694638967514,-0.5481700301170349,-2.5308592319488525,-0.264548122882843
1989-04-06,-0.8451052308082581,1.420704364776611,-0.2454521656036377,-0.1954752802848816,-0.8295646905899048,-1.1376659870147705
1984-01-03,-0.1777761131525039,-0.1801278591156005,0.048566922545433,-0.140889972448349,-0.2742111980915069,-0.6513755917549133
2003-02-15,0.1839587539434433,-2.1196796894073486,1.3830231428146362,0.6409748196601868,1.5570945739746094,0.4290092885494232
1988-10-21,-1.5040643215179443,-0.4010804891586303,-1.256234049797058,-1.5208781957626345,-3.121429920196533,-0.1143020167946815
2006-10-24,-0.6227535009384155,-0.8581976890563965,1.673492431640625,-0.6625713109970093,-0.4897449314594269,1.586434006690979
1991-10-05,-2.32071590423584,-2.7522778511047363,-1.7739698886871338,-1.4711047410964966,-3.301661968231201,-1.5102628469467163
1988-01-28,-0.7948697209358215,-0.6270155906677246,0.3206618726253509,0.3604292273521423,1.1482713222503662,1.1722148656845093
1982-02-04,-0.0235117450356483,0.2166709303855896,1.1162134408950806,0.7952715158462524,1.6415801048278809,0.1205049008131027
2007-11-15,-1.7286850214004517,-0.0946445018053054,0.1131131276488304,-0.4682006239891052,-0.4044691622257232,1.5616990327835083
2006-06-23,-0.2570752501487732,-0.6777191162109375,-0.1613294184207916,0.5850605964660645,0.7775304913520813,1.3854659795761108
1987-11-10,-1.9215999841690063,-0.7286429405212402,-1.3523640632629397,-1.6230014562606812,-2.9083411693573,-1.5070165395736694
1982-09-26,-1.1669509410858154,-1.3239444494247437,-0.5295478701591492,-1.3044545650482178,-2.1841890811920166,1.0964635610580444
1990-11-26,-0.715120792388916,1.1362409591674805,-0.6063142418861389,-0.9074340462684632,-2.0946216583251958,-1.7680190801620483
1994-10-25,-0.5705987215042114,-0.3072528839111328,-2.861604690551758,1.0752514600753784,-1.7781001329421997,-0.8299295902252197
1984-11-21,0.0684602558612823,-0.1135627254843711,-0.8592751622200012,-1.479759931564331,-1.8209452629089355,-1.5149295330047607
2003-03-17,-0.1234460175037384,-1.2492599487304688,0.6378271579742432,0.6130460500717163,0.2083590626716613,-0.7330399751663208
1987-03-19,-0.9067718386650084,1.2941066026687622,0.5432451367378235,0.515794575214386,0.3855246603488922,-1.1031205654144287
1996-04-20,-1.8212270736694336,-1.3985337018966677,-0.6663822531700134,-0.7912545204162598,-2.221565723419189,-0.4028235971927643
1994-04-02,-0.6715564131736755,0.1027771383523941,-0.0023001204244792,0.1521586924791336,-1.1321851015090942,-0.8297860622406006
1989-07-08,-0.3510133624076843,1.1968930959701538,1.3335325717926023,0.6281194090843201,1.9694782495498655,-2.543689727783203
2007-02-19,2.3074684143066406,0.4413872063159942,1.177812933921814,0.7557367086410522,1.5353492498397827,0.6138519644737244
2000-11-03,-0.5683819651603699,-0.6188352108001709,-1.5917761325836182,-1.2504932880401611,-1.683863639831543,-0.7585634589195251
2002-03-24,-0.1359182447195053,1.7825666666030884,0.517523467540741,0.3842461705207824,-0.1613309979438781,-0.2876133024692535
2001-03-11,-0.1626470386981964,0.6146968603134155,0.678117036819458,0.7198843359947205,0.7621341347694397,-0.2106967270374298
1993-02-11,0.3047930300235748,1.283191204071045,0.3251259624958038,0.4982049167156219,1.523991346359253,-0.4018813371658325
1985-04-28,0.6729174256324768,-4.694380760192871,-1.3544166088104248,-0.5287749171257019,-2.67754864692688,-4.279645442962647
1990-01-18,-0.1190428286790847,-0.7180330753326416,-0.3971022963523865,0.2390127778053283,0.476229578256607,-0.8590584397315979
1990-09-02,1.80218243598938,2.215420722961426,3.018962860107422,0.3520914018154144,1.0258550643920898,-0.3670510351657867
2004-07-06,0.0994686484336853,-1.2597874402999878,-0.8632532358169556,1.9603592157363887,1.5268865823745728,-2.2566702365875244
1996-10-03,-0.8007268309593201,-2.7122693061828613,-1.943952798843384,-1.5611010789871216,0.0883222743868827,1.6097322702407837
2001-10-08,-0.1918729990720749,0.0087377093732357,-0.4138762950897217,-0.8371676206588745,0.4244659841060638,-0.1643144637346267
1988-08-08,3.130076169967652,0.1908859461545944,2.3610546588897705,0.7823793888092041,3.1976187229156494,0.8273233771324158
1984-08-09,1.7501018047332764,2.8208909034729004,4.071046352386475,1.592376947402954,4.26762580871582,1.157309889793396
2005-04-17,-1.022980809211731,1.6161195039749146,-0.0669376254081726,0.1965563744306564,-2.213653326034546,5.609559059143066
1998-02-28,-0.0583698935806751,2.353745222091675,1.4311562776565552,0.8978805541992188,1.278861165046692,2.2153120040893555
1998-07-16,1.097675323486328,-1.048498272895813,-0.4224516749382019,1.3179035186767578,1.39227032661438,-0.5730466246604919
1983-08-21,0.9376463294029236,-0.6204735040664673,1.097765564918518,-0.4752892255783081,-0.8735387921333313,1.1666340827941897
2006-03-23,-0.0259328950196504,-0.6174272894859314,1.2675234079360962,0.1842339485883712,1.468643307685852,0.9723659753799438
2000-05-30,-0.1000813543796539,-1.6944618225097656,-0.610778272151947,-0.8538487553596497,-3.1259608268737797,-2.8391098976135254
1998-05-11,-1.438778519630432,-1.0735714435577393,-0.1854855418205261,-0.876731812953949,1.4024308919906616,0.2839128077030182
1993-03-30,-1.8604789972305296,3.904261827468872,0.0337377451360225,0.0924363061785698,-0.8114988207817078,-1.533659815788269
2003-04-17,-1.625758171081543,-0.31007781624794,-1.3489540815353394,-0.3462287783622741,-2.376913070678711,3.210937976837158
1988-04-29,-1.1757892370224,-2.2942047119140625,0.8292688131332397,-0.591438353061676,-1.906813383102417,1.743093490600586
1987-04-29,-2.831022262573242,1.3460732698440552,-0.4019373059272766,-0.6798391938209534,-0.5817107558250427,3.102181911468506
2001-06-17,-0.0054234582930803,-2.2440590858459477,-1.218241572380066,-0.8565670847892761,2.3684139251708984,1.966421723365784
2000-09-02,1.453289270401001,1.2076259851455688,3.479711532592773,2.675156593322754,0.9001931548118591,1.6411445140838623
1991-08-28,-2.045929431915283,2.91659951210022,-0.2308565825223922,-0.5861445665359497,-0.6569185256958008,2.6155877113342285
1990-05-01,-1.7178434133529663,4.023141860961914,-1.9119261503219604,-1.27601420879364,-1.0394855737686155,-2.7276554107666016
1991-09-28,-2.261246919631958,-3.3031184673309326,-2.117858648300171,-1.2678827047348022,-2.406190156936645,-1.085715889930725
1994-02-01,1.6064625978469849,1.5966758728027344,0.2462183833122253,0.3552690744400024,1.2916045188903809,3.140493869781494
1987-11-23,-1.9766316413879397,-1.6508665084838867,-1.9228599071502688,-1.322551965713501,-2.5143957138061523,-1.6571288108825684
1990-01-02,-0.7668467164039612,-2.981736660003662,-1.190476655960083,0.3767918348312378,-0.3860720992088318,-1.475313663482666
1991-08-02,0.4902347326278686,1.8803693056106567,-0.8465903401374817,-0.637795090675354,2.241788387298584,-2.2184271812438965
1985-06-19,0.2681796550750732,-1.6496089696884155,-2.680422782897949,-1.4775254726409912,-0.779415488243103,-2.086604118347168
1985-02-05,1.7147605419158936,0.8645004630088806,0.6524028182029724,0.5295124053955078,1.3789247274398804,-1.1434249877929688
1989-07-14,1.5939691066741943,0.2979492843151092,1.590108036994934,0.2832454442977905,0.1570010036230087,-2.8222951889038086
1982-10-04,-1.342219352722168,-1.482603669166565,-1.0342921018600464,-2.367549419403076,-2.6363072395324707,0.4237835705280304
2003-11-05,-0.8344377279281616,1.214151382446289,-2.173041343688965,-0.5691561102867126,-1.7505862712860107,-0.5348368883132935
1990-03-15,0.27127206325531,1.5240838527679443,0.2001751661300659,0.5128051042556763,0.5840173959732056,-0.6141017079353333
1995-05-31,-0.7321745753288269,-2.752511978149414,-4.030789852142334,-0.7952221632003784,-0.7369590401649475,-3.3431625366210938
1998-02-17,-0.4619915187358856,0.1033526435494422,1.048405647277832,0.6979565620422363,1.540012001991272,1.2308626174926758
1994-07-31,4.763987064361572,4.358090400695801,6.317432403564453,1.3871095180511477,4.743144512176514,5.158421516418457
1990-12-31,1.350385069847107,1.530714511871338,0.306449830532074,0.6108615398406982,0.1757813245058059,-1.0081136226654053
1982-10-10,-1.6171168088912964,-1.621688723564148,-2.696957588195801,-1.7975465059280396,-1.9310965538024905,0.2571648359298706
1993-05-05,-2.2512736320495605,1.8249828815460205,-1.9942692518234253,-1.2550784349441528,-1.683818221092224,-0.8537682294845581
1983-06-19,0.9208448529243468,1.388298273086548,-0.2555060684680938,1.5975744724273682,0.5437082648277283,-0.5526161193847656
1994-12-16,0.9595116376876832,-0.2064512968063354,-1.2746515274047852,-0.3181358873844147,0.0091366674751043,-2.4911742210388184
1984-05-16,-1.738366723060608,-1.571457028388977,0.0270970836281776,-2.1011781692504883,-1.1742419004440308,2.0435590744018555
2000-01-18,1.7125797271728516,1.3656628131866455,1.1746137142181396,0.769616425037384,1.2079249620437622,1.0522254705429075
1995-08-27,-0.435944139957428,0.5066263675689697,1.9291471242904663,-0.2561579644680023,-2.926907539367676,-1.644422173500061
2005-11-02,-0.4983746409416199,0.2211916148662567,-0.8717748522758484,0.0595042742788791,0.976140022277832,0.3014340698719024
1999-02-16,1.0839526653289795,2.6103312969207764,1.6930207014083862,1.050978422164917,1.5470848083496094,5.939019203186035
1991-01-30,0.5075224041938782,4.495426177978516,0.1771116256713867,0.4619342088699341,1.181329369544983,-0.5281156301498413
1984-08-11,2.4159364700317383,2.584820508956909,4.833204746246338,0.6267157196998596,3.413682699203491,1.683039307594299
1985-11-13,-0.6200418472290039,-0.0442557521164417,-1.185633897781372,-1.2528997659683228,-1.5597147941589355,-2.2398626804351807
1991-07-14,-1.1060125827789309,-0.8320555686950684,-3.2598979473114014,-0.9567753076553344,-0.4830136299133301,-4.392271995544434
2004-11-02,-0.3583905100822449,-1.738830327987671,-0.9817602038383484,-0.4004871845245361,0.4761399924755096,2.031445026397705
2002-05-17,-1.7888803482055664,-3.3320937156677246,-2.46216082572937,-1.4207804203033447,-3.06260085105896,-2.465972900390625
2006-02-26,0.8816325664520264,0.3737646639347076,2.2611429691314697,0.9078598022460938,1.368857502937317,1.4253339767456057
1983-12-22,0.5249133110046387,-1.2247940301895142,-0.0629169791936874,-0.0545610003173351,0.1123653054237365,-0.7607156038284302
1991-02-26,0.4593614041805267,0.7051545977592468,0.4240592718124389,0.5884329080581665,1.4067555665969849,-1.406694769859314
2002-06-15,-0.0818264558911323,-0.7496150732040405,-2.070406913757324,-1.4375169277191162,-2.1094019412994385,-2.496607780456543
1992-12-02,-0.8392927646636963,0.0701140016317367,-2.0069704055786133,-1.4165232181549072,-1.5156832933425903,-2.9475996494293213
1990-01-15,0.108742319047451,-0.2316626757383346,-0.7570255398750305,0.1871234476566314,0.2663042545318603,-1.2487362623214722
1991-02-18,0.2839648425579071,0.9003398418426514,0.7130097150802612,0.5909870266914368,1.5371055603027344,-0.7409735918045044
2007-05-18,-1.3231662511825562,-6.554199695587158,-1.657389521598816,-2.167677164077759,-2.179649591445923,-1.3527179956436155
1984-04-13,-0.2278074473142624,-2.003554582595825,0.8191406726837158,-0.411694198846817,-1.5806829929351809,-0.337310791015625
2002-02-11,1.6711030006408691,-0.8855821490287781,1.3097134828567505,0.8231017589569092,1.6089202165603638,-0.0926238447427749
1990-12-08,0.1264456361532211,-1.1727721691131592,-1.849395751953125,-0.6962642073631287,-0.4776643514633178,0.3726499378681183
1999-04-20,0.1687631756067276,3.121455192565918,0.5336299538612366,-0.3812508881092071,-0.291542500257492,1.337166666984558
1989-11-13,-0.1052387282252311,2.23470401763916,-2.371922492980957,-1.135684847831726,-1.8263806104660036,-0.5496603846549988
2007-01-18,2.728835105895996,1.6349539756774902,1.1195125579833984,1.0369592905044556,2.580169439315796,1.089266061782837
1984-11-25,0.038893811404705,-0.0675136968493461,-1.055092215538025,-1.095078706741333,-2.0288097858428955,-1.4580999612808228
2003-08-20,1.4981194734573364,3.623087167739868,3.285104751586914,3.350893974304199,0.6953433156013489,3.5349905490875244
2004-06-23,0.6129198670387268,-1.7877044677734375,-1.2113476991653442,1.7150654792785645,-0.6724817156791687,-3.0445268154144287
1983-01-30,1.6440625190734863,0.9250006079673768,0.9713622331619264,0.2784821987152099,1.1284685134887695,2.4733121395111084
2003-08-21,1.6099318265914917,3.5049617290496826,3.257481575012207,3.2374753952026367,1.181620478630066,3.2581803798675537
1988-11-27,-1.1670712232589722,1.838258147239685,-2.5066370964050293,-0.5386054515838623,-1.8731260299682615,-1.5526902675628662
1999-03-28,-0.4396516382694244,2.2356958389282227,1.78514564037323,0.2941939234733581,-0.3384634852409363,2.292393445968628
2002-08-15,4.3841938972473145,-1.535368800163269,3.696424245834351,2.593177795410156,2.9333837032318115,-0.4793819487094879
2002-07-20,3.4936580657958984,-1.527720928192139,0.8483361601829529,0.3314212560653686,1.5381144285202026,1.6537660360336304
2000-05-28,-1.0141774415969849,-2.69048810005188,-0.1207908689975738,-0.7665184736251831,-2.637306928634644,0.1527222841978073
1994-02-02,1.6263972520828247,1.9312127828598025,0.355295181274414,0.367847740650177,1.3265610933303833,3.164184808731079
2004-03-12,-1.0164642333984375,-1.7379063367843628,1.560017704963684,0.8647873997688293,0.4835252165794372,0.1810129880905151
1981-09-20,-0.899861752986908,-0.5717322826385498,1.149799108505249,0.8777636289596558,0.5176129937171936,1.836696982383728
1984-06-22,0.5636955499649048,2.039470672607422,-1.1911165714263916,-1.3404996395111084,-0.740572452545166,-2.2565126419067383
1993-12-27,1.7993922233581543,-0.5911720395088196,-0.0964487195014953,-0.0373119935393333,0.5949166417121887,0.0977923423051834
2001-06-06,0.4192654490470886,-3.914840698242188,-1.607757568359375,0.2593347132205963,0.1222184374928474,1.758581280708313
1988-10-09,-2.4432897567749023,-0.1992921084165573,-0.297679990530014,-1.22816264629364,-3.1508543491363525,-0.434531033039093
2000-02-28,3.081614255905152,0.823746383190155,1.9011269807815552,0.6578598022460938,1.278861165046692,0.5453290343284607
1996-01-28,0.0215267241001129,-1.3441789150238037,1.0002095699310305,0.535667896270752,1.3661669492721558,3.583206415176392
1997-05-02,-1.3817808628082275,-2.575892925262451,-2.3421788215637207,-1.1462430953979492,-2.724130392074585,-2.264998197555542
2006-12-04,1.8164480924606323,-0.4127928912639618,0.2906188666820526,0.3637333512306213,1.2323271036148071,2.282653570175171
2001-04-18,-2.0829782485961914,0.5561218857765198,-1.2469302415847778,-0.1334607154130935,-2.043639898300171,-0.9504386186599731
2001-10-11,-0.8655425906181335,0.3085872828960418,0.0046183923259377,-1.5002928972244265,-0.795915961265564,-1.5250662565231323
1990-02-17,1.268242597579956,3.425945520401001,0.6554520130157471,0.7030141353607178,1.5415338277816772,-0.5942755341529846
1992-05-23,-0.6582330465316772,-0.7970707416534424,-0.1641730070114135,-2.464954376220703,-2.555993795394897,-1.1908564567565918
1990-09-05,2.143261194229126,1.9176174402236936,3.2897090911865234,0.0151528781279921,0.8502053618431091,-1.2888481616973877
1983-11-10,-1.5544389486312866,0.9041537642478944,-0.5330267548561096,-1.689151167869568,-2.0705935955047607,-2.704850196838379
2005-12-13,0.7195214033126831,1.9035340547561648,1.5253362655639648,0.5918678045272827,1.479137897491455,-0.3411803841590881
1993-12-09,0.3188455700874328,2.0686168670654297,-1.6620408296585083,-1.6214832067489624,-1.472874641418457,-1.2857377529144287
1991-03-19,0.4307076036930084,1.4980971813201904,-0.0134039316326379,0.3049127757549286,0.288084477186203,2.907637596130371
1990-12-11,0.0645172446966171,-0.9410828351974488,-1.473895788192749,-0.5144205689430237,-0.4519966542720794,0.9898536801338196
1988-05-19,-0.9321524500846864,-0.2213913798332214,-0.1352447420358657,-0.2425300329923629,-0.5589150786399841,0.3368206620216369
2002-02-24,0.599970281124115,-1.523058533668518,0.6717032790184021,0.907318115234375,1.3786687850952148,0.1235395297408104
1988-01-20,-0.347573459148407,-0.705636739730835,0.139611154794693,0.4847153723239898,0.8482716083526611,0.3221156299114227
1997-03-10,0.8846573829650879,-0.1282062977552414,0.4674815535545349,0.7011304497718811,0.7812456488609314,-0.4482357203960418
1989-08-05,1.4981718063354492,0.1748084872961044,3.5531938076019287,0.7430585026741028,2.0930593013763428,-0.7013406157493591
1995-07-11,3.214413642883301,5.05718469619751,0.6255331039428711,0.0553896054625511,4.98264217376709,1.9337618350982664
1999-01-28,0.7475431561470032,3.3654215335845947,0.7671079635620117,0.8219195604324341,1.421350121498108,-0.2081083059310913
1986-10-03,-2.162226676940918,-3.0526108741760254,-2.364309310913086,-1.7075456380844116,-2.1963047981262207,-0.2662188708782196
2001-04-30,-1.753059148788452,-0.5722499489784241,-1.2076524496078491,-0.8424186706542969,-2.415214776992798,-0.9817643761634828
1992-12-13,-0.1308586001396179,-0.8520907163619995,-1.28198504447937,-0.774915337562561,-0.9860050678253174,-3.814553737640381
1988-03-11,0.0758583098649978,0.2882666289806366,1.118855357170105,0.5752636790275574,0.8421728610992432,0.1107648313045501
2002-11-21,0.7689048051834106,1.5424716472625732,-2.7150957584381104,-0.3450786769390106,-0.94882333278656,-2.9281013011932373
2005-06-25,-2.0378122329711914,-3.0217537879943848,-0.8140853643417358,-0.2358704954385757,-0.0567316599190235,-0.6430110335350037
1982-09-13,-1.1495085954666138,-0.7901790142059326,-0.4686679244041443,-0.011841888539493,-1.863760471343994,1.1774884462356567
1996-10-12,-1.7955353260040283,-3.6614139080047607,-1.9854023456573489,-1.5802794694900513,-0.665941596031189,-1.135082125663757
1999-11-26,0.0710287988185882,1.3502789735794067,-1.736836314201355,-0.1197734773159027,-0.6720917224884033,2.812845230102539
1994-06-05,0.4096632003784179,-1.401353359222412,-2.0100998878479004,-1.7772514820098877,-3.524842977523804,-4.033436298370361
1986-09-17,-2.214951753616333,-1.4837870597839355,0.8265427350997925,2.295936822891236,-2.377273797988892,1.1982110738754272
1996-12-07,-0.7371812462806702,-1.7419683933258057,-0.1105538830161094,-0.4087472856044769,0.1352140307426452,0.7584989070892334
2003-04-18,-1.682984471321106,-0.7138671278953552,-1.4569216966629028,-0.2534558475017547,-2.473632574081421,2.6595771312713623
1997-01-31,1.3164845705032349,-0.7333107590675354,1.2562280893325806,0.4752641916275024,1.551583766937256,0.8105073571205139
2001-10-18,-1.7040765285491943,-0.051074381917715,0.8837806582450867,-0.4608806073665619,0.2885736525058746,3.445695638656616
1998-08-01,-0.0419789887964725,1.4839251041412354,3.1713674068450928,3.768244743347168,2.2229673862457275,3.8160088062286377
2001-08-23,1.3386400938034058,1.682966947555542,2.978857517242432,2.8836379051208496,4.042121410369873,1.1989541053771973
1999-07-17,2.4342386722564697,-0.8525153994560242,2.248353958129883,1.4110020399093628,2.4067604541778564,1.1242403984069824
1993-08-08,0.0872262492775917,3.442197561264038,2.0611047744750977,4.094048976898193,3.184330701828003,3.1395225524902344
1984-09-02,1.5151857137680054,1.080830454826355,1.9565221071243288,1.8864291906356807,2.826152801513672,1.56650972366333
2004-07-01,-0.458751380443573,-2.656513929367065,-1.096453309059143,1.104658842086792,-0.496475338935852,-2.503241539001465
2004-08-05,2.517218828201294,0.1321999579668045,3.4111108779907227,3.2440431118011475,3.424351453781128,0.2495078444480896
2006-05-18,-1.1931613683700562,1.2557976245880127,0.902608036994934,0.2223375737667083,0.2203442901372909,1.1172832250595093
1994-01-20,1.651395320892334,-0.1741324365139007,0.8679447174072266,0.3937238752841949,0.7752313017845154,-1.5387111902236938
1995-08-25,1.0186327695846558,1.212965726852417,2.0288453102111816,1.293641448020935,0.332129955291748,0.1489358097314834
1994-07-03,3.7406976222991934,3.890660047531128,1.0427218675613403,-1.0085699558258057,1.5788092613220217,0.3217467367649078
1988-04-27,-0.6570691466331482,-2.084395408630371,0.625594437122345,-0.6487700343132019,-1.8975497484207156,1.690355896949768
1991-11-11,-0.9143651723861694,-0.3128099739551544,-0.6986204981803894,-0.9998754858970642,-1.3028504848480225,2.050528049468994
1993-01-08,0.2511563897132873,-0.7162657976150513,0.0813512057065963,0.0429851599037647,0.5261015892028809,-0.763944685459137
1984-01-26,1.3296098709106443,0.4296886026859283,0.6773890852928162,0.0609202124178409,0.9327411651611328,0.0918599814176559
1993-06-24,-0.7831131815910339,-2.131053924560547,-3.724753379821777,-0.6519840955734253,-1.0014877319335938,-4.933838844299316
1999-02-15,1.018242597579956,2.745922327041626,1.555476427078247,1.0030324459075928,1.5515130758285522,4.695733070373535
1990-03-04,0.5076212882995605,0.9545907378196716,0.1162419617176055,0.6265297532081604,1.1994670629501345,-0.94753497838974
2003-05-23,-0.4839129149913788,-2.6005523204803467,-1.54220449924469,2.087520837783813,-2.441270112991333,-0.9701484441757202
2000-07-29,0.6739905476570129,1.0881012678146362,3.817432165145874,3.747125387191773,3.5231432914733887,2.128422975540161
1987-03-21,-1.193453311920166,1.9807205200195312,0.5178320407867432,0.4630521237850189,0.2483370900154113,-0.0030290125869214
1987-11-16,-2.1944265365600586,-0.9363242387771606,-1.562534213066101,-1.230576992034912,-2.469254732131958,-0.9877334833145142
1997-08-16,-0.3857950270175934,-0.1753834336996078,2.416425466537476,0.3631972968578338,1.5333592891693115,-0.0693782791495323
2001-05-04,-0.6520564556121826,0.0595628023147583,-1.9517977237701416,-0.8400560021400452,-2.594511747360229,-1.4492385387420654
2006-01-25,1.7715266942977903,1.7558271884918213,2.4901998043060303,0.825645923614502,1.6561754941940308,1.1631931066513062
1989-08-09,0.3972238004207611,-0.3778097927570343,2.6410913467407227,0.0540405884385108,1.204350233078003,-0.0904884859919548
2006-04-01,0.1341183334589004,-1.050779104232788,0.6474767923355103,0.1411944925785064,0.0246785543859004,1.5062546730041504
2007-03-24,0.2976278960704803,-0.4651395678520202,0.5320606827735901,0.4650865197181701,-0.3783706724643707,0.1304079592227935
1994-01-28,1.8115352392196653,-0.7741715908050537,-0.3397867083549499,0.2856678664684295,1.1361559629440308,0.2232211232185363
2004-10-23,-1.9571137428283687,-0.7181098461151123,0.3552968800067901,-0.2539177536964416,-0.3743717074394226,3.537788152694702
1987-05-05,-2.0917723178863525,2.374088764190674,0.2178188413381576,-0.6262235641479492,-0.1541229635477066,0.4850018918514251
2001-01-14,1.738155722618103,-0.0615252330899238,0.604538083076477,0.6924923658370972,2.401878833770752,-1.4312809705734253
1992-04-20,-2.1929941177368164,0.3961182236671448,-1.0869265794754028,-0.5934521555900574,-2.393646001815796,-1.160430073738098
1982-02-08,0.2068357169628143,-0.7728822827339172,1.160496950149536,0.8699595332145691,1.6458817720413208,-0.0925320908427238
2007-03-18,0.5335740447044373,3.312050104141236,0.7739068865776062,0.5865241289138794,0.2221732288599014,1.051281452178955
1996-10-04,-1.480836033821106,-2.223193645477295,-1.7501122951507568,-1.854041695594788,0.2534745633602142,4.224289894104004
1991-07-29,0.9641821384429932,1.7087013721466064,-1.0789732933044434,-1.0427039861679075,1.9724361896514893,-2.773736953735352
1993-06-03,-2.3055579662323,2.3318545818328857,-2.6006665229797363,1.6592001914978027,-3.3919243812561035,0.2087646573781967
1988-01-22,-0.1586022228002548,-0.6841116547584534,0.2079410552978515,0.5437178015708923,0.9452447295188904,0.5112766027450562
2003-07-07,1.29948091506958,0.6702052354812622,-0.8632532358169556,0.7003799676895142,1.7568670511245728,1.033338189125061
1990-01-30,0.8675382733345032,-1.7645833492279053,-0.0628786161541938,0.4119464159011841,1.171350121498108,-1.4681180715560913
1985-01-30,1.9315303564071653,-0.1841752678155899,0.310207188129425,0.3256458938121795,1.1661547422409058,-1.4367824792861938
2000-01-21,1.804928421974182,2.0828857421875,1.219362497329712,0.7393824458122253,1.2826625108718872,1.1561414003372192
1981-11-24,-1.0666584968566897,-1.7608518600463867,-0.6228415369987488,-0.602550745010376,-1.044394612312317,0.082861453294754
1985-02-24,1.357456088066101,-0.1586189121007919,0.3978141844272613,0.6857293844223022,1.4753516912460327,-0.8361297249794006
1997-05-14,-2.173772096633911,0.6290444135665894,-2.7775955200195312,-1.1687092781066897,-2.7978179454803467,-2.237422466278076
2000-07-01,1.3207147121429443,3.560673475265503,0.6127292513847351,0.3014276325702667,1.6488165855407717,-0.4282532632350921
2006-01-30,1.7463923692703247,1.6212152242660522,2.245309829711914,1.8878366947174072,2.126548767089844,1.2541812658309937
2002-09-16,0.7350381016731262,0.9962968230247498,-1.150359272956848,-1.059905171394348,-0.151533231139183,-0.1419019848108291
1988-03-30,-0.069656528532505,-0.3142920434474945,0.3051651418209076,0.4641768336296081,-0.3184744715690613,3.652378797531128
2004-03-09,-0.5981670022010803,-1.8260895013809204,1.7438961267471311,0.886013925075531,0.6978784799575806,0.7612801194190979
2001-08-13,0.1222958788275718,0.9389810562133788,1.44024658203125,1.2031128406524658,4.795095920562744,0.6828807592391968
1993-09-21,-1.0607706308364868,1.6782582998275757,-1.008139967918396,-0.9273654818534852,-1.8756201267242432,-1.8291112184524536
2004-03-11,-0.4987474679946899,-2.225916147232056,1.630167841911316,0.8628112077713013,0.5740076303482056,0.3059117197990417
2004-07-29,0.5802310705184937,1.3103619813919067,2.553434133529663,2.562217235565185,2.291776180267334,2.361589908599853
2000-11-25,0.0810080468654632,-0.1897295415401458,-0.1668290346860885,-0.4997783601284027,-0.3721039295196533,-0.6571560502052307
1983-11-25,-0.6789424419403076,-0.3392525613307953,-0.6541163921356201,-0.9438280463218688,-1.4014464616775513,-1.21273934841156
2007-10-26,-1.8615155220031736,-0.5262225270271301,-0.3665267527103424,-0.9384546875953674,-0.277876615524292,0.2063484936952591
1992-08-06,-1.935442924499512,2.4708919525146484,-0.6269450187683105,0.5816546082496643,-1.216504454612732,-2.9235522747039795
2002-02-28,1.1354562044143677,-0.2801093459129333,1.2498087882995603,0.8827042579650879,1.2404422760009766,0.95964115858078
1990-02-12,1.1747881174087524,4.463183879852295,0.5251076221466064,0.5781915187835693,1.523991346359253,-0.3818923234939575
2005-04-24,-0.881010115146637,0.8060647249221802,-0.3319604992866516,-0.5098562836647034,-2.8317108154296875,4.702188014984131
2003-04-09,-1.2278074026107788,0.3264320790767669,-0.6108520030975342,-0.1916929632425308,-1.5906927585601809,1.352691650390625
2005-03-15,-0.679308295249939,-0.0819199606776237,1.7166070938110352,0.614910364151001,0.288084477186203,1.2976521253585815
1982-05-22,0.2711171805858612,-2.2620863914489746,-2.372164487838745,-0.9007608890533448,-2.07261061668396,-1.645965576171875
1982-09-06,-1.7087739706039429,-0.661166787147522,0.9705618619918824,0.1364718377590179,-1.8571100234985352,3.280251264572144
1998-09-30,-0.652216911315918,-1.07260000705719,-0.2542933523654938,1.1524702310562134,0.1836695075035095,-0.666212797164917
1983-04-30,-0.851011335849762,0.3060647249221802,0.6080419421195984,-1.1798391342163086,-1.0117340087890625,2.892159938812256
1983-09-06,2.3312346935272217,0.188808798789978,-0.479419857263565,-0.1235379204154014,1.7828741073608398,0.4702537059783935
1983-11-13,-1.1243871450424194,2.217188835144043,-0.3486144244670868,-2.029874324798584,-2.4528748989105225,-2.019479274749756
2007-05-02,-1.77129328250885,-1.5550220012664795,-1.5542668104171753,-1.0150576829910278,-2.123820781707764,-0.8637779951095581
1991-01-03,1.0930980443954468,5.895856857299805,0.2393105626106262,0.6638928651809692,0.3001886308193207,-0.789978563785553
2003-12-09,-0.0701714307069778,-2.681095123291016,-0.4861592948436737,0.122354082763195,-0.2721951603889465,1.8352477550506592
2000-06-24,0.4529162049293518,-1.8477020263671875,1.0886706113815308,0.1250691413879394,0.1575353890657425,-0.0945450514554977
1999-01-03,0.2999842464923858,-0.9613915085792542,-0.5047985911369324,0.906190812587738,0.5368591547012329,-0.7614812254905701
1987-12-01,-1.402877688407898,-0.2156634479761123,-1.266942858695984,-0.8622717261314392,-1.6616638898849487,1.5043830871582031
1992-06-10,-0.3327957689762115,-3.7759652137756343,-0.7247755527496338,-1.585239291191101,-0.6615937948226929,0.5971218347549438
2007-10-30,-1.3296692371368408,0.095778651535511,-0.7928957939147949,-0.6548566222190857,-2.0250515937805176,0.1060892567038536
1991-11-16,-0.7984738945960999,0.683678388595581,0.4830870330333709,-1.672729253768921,-1.115543007850647,-1.7660202980041504
2001-03-15,-0.1267730742692947,0.3841029107570648,0.6032426953315735,0.715806782245636,0.4555319845676422,0.2768842577934265
1985-03-14,1.4318318367004397,-3.136086940765381,0.6039119958877563,0.566006600856781,0.7478967905044556,0.0912667065858841
1996-12-01,-1.8293135166168213,-2.799881219863892,-0.0569887347519397,-0.6165354251861572,0.2443265169858932,1.5423907041549685
2006-05-23,-1.8019013404846191,-0.4924411177635193,-0.1715971082448959,0.4387036263942718,0.1966258287429809,0.9048091769218444
1989-10-06,-2.4808361530303955,-0.1231875345110893,-0.8301294445991516,-1.8140331506729128,-2.706547498703003,-1.7757099866867063
2003-09-08,0.780514657497406,1.3998234272003174,2.761343002319336,1.088164210319519,0.3762602806091308,0.0874920934438705
2006-07-29,2.400238275527954,1.920377850532532,1.913419365882873,3.872214794158936,3.191770076751709,1.9915947914123533
2003-10-03,-0.3008433580398559,-0.5331912040710449,2.989877939224243,0.3859791159629822,-0.4465376436710357,1.7142802476882937
1993-11-03,-2.009894371032715,1.830341100692749,-1.736835241317749,-1.8804357051849363,-2.585195302963257,-1.629521727561951
1998-05-20,0.1868434697389602,3.2358086109161377,0.2226153463125229,-0.537672221660614,1.720344305038452,0.4172709584236145
2005-11-25,-0.2008925080299377,1.1622997522354126,1.0630961656570437,-0.0210117287933826,0.8184036016464233,0.7885532975196838
1989-07-20,-0.3178973197937011,0.6745249629020691,1.5608465671539309,0.9248775839805604,1.2135753631591797,-2.057452917098999
1984-07-17,2.288350343704224,0.6626903414726257,1.2807034254074097,1.8740350008010864,2.090149402618408,0.3854152858257293
2003-08-01,1.3673399686813354,4.408728122711182,3.321275472640991,3.2951772212982178,1.116716384887695,5.601678371429443
1985-06-10,0.3692776560783386,-1.484817624092102,-2.497772216796875,-1.120670199394226,-0.8977705836296082,-2.8214054107666016
1986-03-05,2.6576151847839355,-0.2154226750135421,0.2362675964832306,1.0765420198440552,1.1994670629501345,-0.0975288748741149
1985-09-12,-0.839510977268219,0.0498173385858535,-1.4986666440963743,1.898161768913269,-1.3137421607971191,-2.242525100708008
2000-03-18,1.2508457899093628,-1.2079663276672363,0.9369218349456788,0.4602508246898651,0.316385418176651,4.784850597381592
2000-08-19,3.308001756668091,2.9925858974456787,3.6149609088897705,2.925344944000244,2.6416618824005127,4.183216094970703
2002-06-28,-0.4451596140861511,1.746985912322998,-1.522680640220642,-0.1346467584371566,0.6060193181037903,-2.059090614318848
1998-10-29,-2.2446858882904053,-0.2541832029819488,-1.244765043258667,-0.475698322057724,-1.2007521390914917,-1.2924318313598633
1983-11-15,-0.9452350735664368,1.6346979141235352,-0.581913948059082,-1.785678744316101,-2.206385612487793,-1.8796470165252688
1983-08-17,1.3338217735290527,-0.581787645816803,3.795413255691528,-1.125420093536377,1.1399246454238892,1.2611024379730225
2001-12-11,1.1691291332244873,0.9679166078567504,0.3879978358745575,0.0851005017757415,0.6739985942840576,2.575460910797119
1997-11-19,-0.984180212020874,1.1476932764053345,-1.3012564182281494,-0.7111830115318298,-1.257566213607788,-1.1011797189712524
2000-02-15,2.478234052658081,0.9759333729743958,1.655452013015747,0.6830251216888428,1.5515130758285522,1.9457329511642456
2000-04-01,1.3719663619995115,3.0965559482574463,1.5585312843322754,0.0370646305382251,-0.7028520703315735,0.0388782545924186
1988-08-14,2.5269720554351807,0.6588233709335327,2.952716827392578,0.8570360541343689,2.9774179458618164,2.020743131637573
1983-01-08,1.0368938446044922,0.053696371614933,-0.4887565076351166,-0.0986311212182045,0.3272284269332886,0.5416284203529358
2004-05-16,-1.0388803482055664,-2.0621047019958496,-1.7121609449386597,-1.1007730960845947,-1.9826143980026243,-0.3459777235984802
1987-01-02,0.8622324466705322,0.2898733615875244,-0.8614367246627808,0.409128338098526,-0.6142075657844543,-2.191384077072144
2000-01-17,1.7824313640594482,1.01436448097229,1.1096123456954956,0.7747238874435425,1.1482594013214111,1.1120936870574951
2007-11-26,-0.7028654217720032,0.2843365669250488,-0.4769343733787536,0.0377221815288066,0.4383422136306762,2.104389190673828
1996-07-05,-1.6346195936203003,-4.078429222106934,-0.5710901021957397,-0.5969991087913513,0.6988134980201721,1.1890181303024292
1993-03-26,-0.9159170389175416,3.332584857940674,0.1975161433219909,0.2442315071821212,-0.4113309979438782,0.0023647353518754
2002-08-29,3.985186815261841,0.94084632396698,2.916544198989868,-0.3335719704627991,1.4761468172073364,1.25651216506958
1994-09-07,-1.660571575164795,1.2124534845352173,1.6905461549758911,0.0071922014467418,-1.1928672790527344,2.0126500129699707
1998-08-06,2.9400737285614014,4.12087869644165,4.0310378074646,4.2923583984375,2.6476004123687744,2.8473124504089355
1995-09-26,-0.7498987913131714,-1.182697892189026,-1.5063024759292605,-0.648343563079834,-0.216242179274559,-0.3297518789768219
1995-06-23,0.1350351870059967,-0.6967748403549194,-2.5150723457336426,-1.8397783041000368,-0.5585963726043701,-3.7227065563201904
1996-02-07,-1.127419352531433,-0.0555063299834728,1.3004019260406494,0.4865783751010895,1.5124216079711914,1.9530802965164185
1984-06-21,0.6145716309547424,1.8459372520446775,-1.178263545036316,-1.546569585800171,-2.4615726470947266,-2.3135769367218018
1996-04-10,-1.5277951955795288,-1.4335776567459106,-0.0408446975052356,-0.261700302362442,-1.8906805515289309,-0.44732666015625
1984-05-21,-0.0588999055325984,-2.0921034812927246,-0.4721706807613373,-2.3907816410064697,-2.052621603012085,1.354034423828125
2003-03-15,-0.1867706328630447,-1.5458897352218628,0.5832231640815735,0.735795795917511,0.3655356466770172,-0.8931291699409485
1998-03-05,-0.385962426662445,1.7302656173706057,1.6721616983413696,0.7119936943054199,1.181322455406189,1.8920525312423704
1984-11-27,0.4448828399181366,2.1462507247924805,-1.056326389312744,-0.997430384159088,-1.8146228790283203,-2.178022861480713
1999-07-04,2.672818422317505,1.4971140623092651,0.6456077098846436,-0.1514863222837448,3.1901934146881104,1.1025021076202393
1984-03-26,0.6324475407600403,-0.2657890319824219,1.0122736692428589,0.1898757070302963,-0.2235321253538131,0.9621581435203552
1986-01-26,1.6228705644607544,-0.7947132587432861,-0.0363379493355751,0.3916389048099518,1.0603861808776855,-0.3935116231441498
1982-07-06,-1.6292974948883057,-0.8793289065361023,-2.257296323776245,-1.1885626316070557,-1.2411980628967283,-1.1682740449905396
1982-11-28,-0.4551415741443634,-0.4737444221973419,-0.1963105648756027,-0.917413294315338,-1.274614334106445,-0.7480301260948181
2007-08-12,1.30228853225708,1.738968849182129,1.220245361328125,1.4531128406524658,0.8651034235954285,0.8628734350204468
1995-01-12,0.5743373036384583,-0.7959355711936951,0.3250939846038818,0.4087003171443939,1.0616666078567505,-1.0201139450073242
2002-05-20,-1.2405959367752075,-2.285551071166992,-2.1356117725372314,-1.2862764596939087,-1.3029311895370483,-2.3466238975524902
1998-12-01,-1.0993025302886963,-1.549881100654602,-0.2069826275110244,-0.1665232181549072,-0.7456637024879456,-2.0376265048980717
1985-03-29,1.1376242637634275,-1.2151395082473757,-0.2979258894920349,0.2050767540931701,-0.2583450376987457,-2.1695797443389893
1989-12-17,-1.090476155281067,-1.6464537382125854,-1.8746576309204104,-0.8781334161758423,-0.5708804130554199,-3.1411681175231934
1985-04-16,0.1840547323226928,-1.894926905632019,-0.5618492960929871,-0.2496200054883957,-1.8225014209747317,-5.048280239105225
1988-06-02,-1.2700947523117063,-1.2244606018066406,-0.4607844054698944,-1.9738438129425049,-2.3659815788269043,-0.2291246056556701
1989-04-26,-1.7240535020828247,1.8843700885772705,-0.6281154155731201,-0.7381752133369446,-1.7543059587478638,-2.112369537353516
2001-12-16,1.433714509010315,0.1984672844409942,0.443827360868454,0.1412989795207977,0.492684543132782,1.7661534547805786
1996-11-21,-1.9989497661590576,-5.459247589111328,0.7158787250518799,-0.9038500189781188,-0.15144644677639,0.2172532975673675
2001-06-11,2.271982431411743,-2.2354490756988525,-2.06734561920166,0.5748336315155029,-0.0692549124360084,3.611181497573853
2007-08-07,3.1062676906585693,3.028797149658203,2.3874220848083496,4.590314865112305,3.605681896209717,0.8579089045524597
1990-01-22,0.1288290023803711,-0.4050545394420624,-0.0504703931510448,0.3169580996036529,0.7401729822158813,-0.8207375407218933
1994-01-10,1.605101227760315,-0.1841707527637481,0.4511559903621673,0.2872781455516815,0.708204984664917,-1.0852242708206177
1994-04-29,-0.2714230716228485,-0.7651875615119934,-1.2807306051254272,-1.1235120296478271,-2.852734088897705,-2.4268670082092285
2005-09-28,0.0177659820765256,0.4374098181724548,0.6157017946243286,-0.327540785074234,0.1936792731285095,2.163773775100708
1986-06-30,0.0121755748987197,-0.8217720985412598,-0.5740646123886108,-0.1058656126260757,-1.7767329216003418,-1.1230220794677734
1985-12-19,0.3318979442119598,-1.6187801361083984,-2.1700878143310547,-0.1732390969991684,-0.0983989164233207,-3.797317743301392
2000-01-26,1.5140576362609863,1.6650214195251465,1.5013915300369265,0.948495626449585,1.4684648513793943,1.2633206844329834
2005-08-21,2.353432893753052,2.3582746982574463,1.4820475578308103,-0.964958667755127,3.5505619049072266,2.4928364753723145
1981-10-27,-1.6931949853897097,-2.4156453609466557,-0.2772292196750641,-1.2650755643844604,-2.840841293334961,-0.1167355701327323
1991-09-15,-0.7551078796386719,-0.7377704977989197,-2.7668514251708984,-1.0935412645339966,-0.9212719202041626,-0.688851535320282
1997-07-29,-0.610780656337738,-0.662940263748169,0.2333931177854538,0.8329413533210754,0.8170502185821533,-2.6035072803497314
1981-10-06,-2.439248323440552,-3.8602097034454346,-0.745956301689148,-0.6873821020126343,-1.1350265741348269,1.69646155834198
1983-08-31,0.7643181085586548,-0.7144361734390259,-0.3573575913906097,-0.4345223307609558,0.312470406293869,1.2160943746566772
2007-06-14,-2.3718349933624268,-0.5996211767196655,-1.950411796569824,-1.6775071620941162,-1.389400839805603,-4.686610221862793
1983-05-12,-0.1779741197824478,1.8401416540145876,1.4100821018218994,-1.827017307281494,-1.5393825769424438,1.3801943063735962
1993-04-13,-2.155350685119629,6.393187999725342,-0.3231985569000244,0.0937080457806587,-2.233754873275757,-4.103479385375977
1986-11-24,-0.5889461040496826,-2.279254913330078,-2.184115171432495,-0.6638292670249939,-1.8914672136306765,-1.79275643825531
1993-02-12,0.3087604343891144,1.4044898748397827,0.3734843134880066,0.5111543536186218,1.532788872718811,-1.5015616416931152
1983-09-26,-1.9369704723358157,-0.2139590382575988,-0.5795661807060242,-0.904430091381073,-1.5241855382919312,-1.5435510873794556
1990-11-19,-1.1486679315567017,-0.9146212935447692,-2.2868807315826416,-0.8482055068016052,-2.6044814586639404,-3.788306951522827
2002-12-20,1.6945865154266355,-0.7877416014671326,-1.2377691268920898,0.555351197719574,0.3026433289051056,-1.7738697528839111
1985-09-03,-1.3478114604949951,1.0854157209396362,-1.0910223722457886,2.2721047401428223,-0.3341607451438904,-3.107041358947754
1993-09-30,-1.0966256856918335,2.0429701805114746,-0.1406090855598449,-1.2814000844955444,-1.7641795873641968,-0.2455968409776687
1997-09-23,-1.2727872133255005,0.7418754696846008,0.7028297781944275,0.7333710789680481,-0.1902618408203125,0.746344268321991
1990-11-16,-1.598461627960205,1.373680830001831,-2.536932468414306,-0.8827207088470459,-3.3255343437194824,-4.03603982925415
1998-04-09,-0.4108504951000213,-0.3284905850887298,0.5527646541595459,-0.4504519701004028,-0.7964313626289368,0.8839884996414185
1998-02-06,-0.6674278974533081,-0.0055185360834002,0.9703848361968994,0.5465759038925171,1.5224313735961914,0.323075383901596
1997-07-02,4.130712032318115,-2.939326524734497,-1.2772854566574097,-1.0285589694976809,3.0388007164001465,-1.4282532930374146
1992-08-16,-0.1475771218538284,3.241093635559082,-0.4127297401428222,-0.1473519206047058,-0.1871015280485153,-2.9239659309387207
1985-04-03,0.4535455703735351,-0.9322144985198976,-0.0950048044323921,0.0764015838503837,-0.593400776386261,-1.159748077392578
1997-10-12,-1.225558519363403,-0.1314151585102081,-0.6953938007354736,0.1997193545103073,-2.065935611724853,-0.6050833463668823
2003-02-10,0.6387775540351868,-1.9455162286758425,1.3234964609146118,0.6911470293998718,1.582776665687561,-0.3615775108337402
1982-04-22,-1.335780143737793,1.0599173307418823,-0.7689370512962341,-0.4562446475028991,-1.7169092893600464,-2.179076671600342
1981-09-10,0.4994321465492248,-2.0475564002990723,0.6705571413040161,2.2171835899353027,1.4171485900878906,2.1926732063293457
2002-09-22,1.4372347593307495,-0.2181160002946853,-0.4071860611438751,-0.2166411429643631,-1.0802764892578125,-0.753655731678009
2005-05-28,-2.6821563243865967,-2.572519302368164,-1.430783987045288,0.8447619676589966,-2.6469626426696777,0.646858274936676
1982-01-22,0.4325809776782989,-0.0643298253417015,1.0346295833587646,0.669640839099884,1.5479518175125122,2.2222390174865723
1994-11-17,0.1044235676527023,-1.7154499292373655,-1.4640707969665527,-1.0965317487716677,-1.0780998468399048,-2.371299743652344
1997-09-19,1.0496143102645874,2.1062862873077397,0.5356833338737488,1.3275306224822998,0.3068739473819732,0.5851832032203674
1990-09-09,1.6081362962722778,1.0568690299987793,1.9686068296432493,0.4198548793792724,0.8444067239761353,-1.310537576675415
1983-11-01,-2.151524066925049,-2.5062334537506104,-0.4065352976322174,-2.538460731506348,-2.357863187789917,-0.8936576247215271
1989-08-08,-0.319905549287796,-0.2791152596473694,3.381043672561645,0.5923769474029541,1.4776173830032349,-0.2726827561855316
2002-10-11,0.6844452023506165,2.1185848712921143,-1.2354023456573486,-1.7002745866775513,-1.375933051109314,3.5149118900299072
1994-10-24,-0.7331729531288147,-0.2356527596712112,-2.847236633300781,0.4849244654178619,-1.9908353090286253,-0.886724591255188
1989-11-27,-0.7370480298995972,0.2082533240318298,-1.3466335535049438,-0.6085822582244873,-1.3831357955932615,-1.8926866054534912
1995-05-24,-1.0860280990600586,-2.1887714862823486,-0.4030695557594299,-1.323688268661499,-0.1887917220592498,-1.845351338386536
2005-10-21,-0.5731998085975647,1.4543496370315552,0.0727768763899803,-0.5150755047798157,0.4391573965549469,3.5932559967041016
1983-10-21,-1.7384759187698364,0.1113529503345489,-0.0222108215093612,-2.4452836513519287,-1.104867458343506,-1.887032151222229
1993-04-22,-2.1804773807525635,4.505936622619629,-0.3072622120380401,0.0503380261361599,-2.310612916946411,-4.276234149932861
2004-08-04,2.4500834941864014,1.1208785772323608,1.321046233177185,3.042358636856079,3.4275991916656494,0.1373209208250045
1986-06-07,-0.620335578918457,-0.6813521981239319,-2.0501084327697754,-1.2572624683380127,-1.0248430967330933,-0.8834425210952759
1989-12-25,-0.8291695713996887,-1.2692254781723022,-2.268458604812622,-0.210255891084671,0.1984571367502212,-2.5716118812561035
1992-06-03,-0.6655433773994446,-0.6381466388702393,-1.570667743682861,-1.5608010292053225,-0.8519464135169983,-0.5412353277206421
1986-12-05,0.2082693576812744,-1.1581467390060425,-2.027141571044922,-0.3881611227989197,-1.7984274625778198,-4.461509704589844
2001-10-17,-1.601786494255066,0.1046922355890274,0.755061686038971,-0.388366550207138,0.6512458920478821,2.93379545211792
1981-11-09,-1.7467163801193235,-2.9726016521453857,-1.1328519582748413,-0.914993405342102,-1.7224470376968384,-0.5720219612121582
1997-09-27,-1.6811397075653076,0.2177069038152694,0.0526047609746456,0.6434388756752014,-0.7041296362876892,-0.7803564667701721
1993-04-29,-2.461425542831421,1.6048076152801514,-0.7107537984848022,-0.3134839534759521,-1.6527217626571655,-1.486864447593689
1982-02-20,0.7539660930633545,-1.1696674823760986,1.3130158185958862,0.8809955716133118,1.5570945739746094,0.2990044057369232
1983-07-13,2.8063666820526123,-0.2517929673194885,2.955443382263184,1.8775346279144287,1.5936862230300903,6.683113098144531
1990-06-29,-0.7278146743774414,0.8382315635681152,-1.9540694952011108,-1.0558778047561646,0.2132878750562667,-3.5330257415771484
2006-06-24,-1.4928605556488037,-0.7100750803947449,-0.3282178044319153,0.6243317723274231,2.649535894393921,1.9859278202056885
1987-06-03,0.8299113512039185,-1.7844581604003906,-0.850799024105072,-1.27386212348938,1.8040317296981807,-1.26913321018219
1989-04-04,-0.7380189895629883,2.2265608310699463,-0.3814712166786194,-0.1229085102677345,-0.4328325688838959,-1.4311230182647705
2006-02-27,0.7854806184768677,0.4198723435401916,2.2498087882995605,0.9127030372619628,1.3204288482666016,1.2696386575698853
2000-03-12,1.591248869895935,-0.9159185290336608,2.3001811504364014,0.7128173112869263,0.7340112924575806,2.1058995723724365
2000-05-03,1.2987140417099,0.3849804699420929,0.1857234537601471,-0.9650699496269226,-2.9538073539733887,-1.543770670890808
2000-05-14,-0.5295380353927612,-1.2908169031143188,0.2970716655254364,-1.1864845752716064,-2.6114907264709477,-1.3888914585113523
2006-02-02,1.7268247604370115,0.3071042895317077,2.030492067337036,0.9299570918083192,1.9558793306350708,0.6374788880348206
1998-03-03,-0.2718892693519592,1.857895851135254,1.7204593420028689,0.7993417382240295,1.2559229135513306,2.263802289962769
1988-12-17,-0.7204810380935669,-2.436462163925171,-1.5546808242797852,-0.1181236803531646,-0.4608645439147949,0.978826940059662
1995-09-14,0.9048957824707032,0.3922343552112579,-1.686864972114563,-0.4135486185550689,-1.3412853479385376,-1.9988490343093872
1984-06-11,0.173068031668663,-1.915527939796448,-0.8664332032203674,-1.6880463361740112,-2.1001830101013184,-3.78721284866333
2000-07-24,1.084975242614746,1.2251776456832886,3.4361789226531982,3.785192251205444,2.6578152179718018,1.680830478668213
2002-08-28,4.249893665313721,0.8176765441894531,2.8463313579559326,-0.3882216811180115,2.3590240478515625,1.4215643405914309
1993-10-18,-1.9584771394729612,1.1013431549072266,-1.3022096157073977,-1.0152909755706787,-3.274880886077881,-0.0570455975830554
1985-11-27,-0.0751366764307022,-0.8137407302856445,-2.156332492828369,-1.167413353919983,-1.324602127075195,-2.758039951324463
1998-03-24,-0.7609914541244507,1.9490264654159544,1.0509110689163208,0.3724985718727112,-0.1663900911808014,1.6829686164855957
2000-01-16,1.8909363746643064,0.9119718074798584,1.2029038667678833,0.7490225434303284,1.186251521110535,0.4909171760082245
2000-11-13,-3.528454303741455,0.4636771976947784,0.0430845767259597,-0.6127316951751709,-1.315555214881897,2.9439711570739746
1988-08-19,0.7776426672935486,2.399515390396118,1.767778992652893,1.214713215827942,2.4664881229400635,-0.8033671975135803
2004-12-14,0.151905283331871,0.0312442407011985,0.5999317169189453,0.076760895550251,0.6115925312042236,1.4726712703704834
1986-03-07,1.9669101238250728,-0.3002031743526459,0.3324212729930877,1.0611764192581177,1.1098963022232056,-0.0863400623202323
1986-08-11,1.0159426927566528,1.2748229503631592,1.5132280588150024,2.27670955657959,2.063707113265991,0.8530527353286743
2001-06-01,-1.0555580854415894,-3.0081722736358643,-1.450672626495361,-0.4208169281482696,0.4680608808994293,3.3087401390075684
2004-05-21,-0.2759999930858612,-0.8587544560432434,-2.093071937561035,-1.953693151473999,-2.1487832069396973,3.68464732170105
1988-05-13,-0.2787748575210571,-0.8635799288749695,0.0144961485639214,-0.686729371547699,-1.0475507974624634,0.4039079248905182
1985-06-12,0.5872176885604858,-1.1359809637069702,-2.934767007827759,-1.015231966972351,-1.181582808494568,-2.722885608673096
2005-06-05,-3.1407320499420166,-1.794815182685852,0.0722350552678108,-0.0406530834734439,-0.4377791285514831,0.548589825630188
1995-06-17,-1.2418301105499268,4.540393352508545,-2.370425224304199,-0.537523090839386,1.650577187538147,-3.916621208190918
1993-03-31,-2.002774477005005,3.251638412475586,0.0303362123668193,0.059844184666872,-0.916487455368042,-1.7410281896591189
1999-06-04,1.919672966003418,-1.381364345550537,1.28988778591156,-1.3772575855255127,-0.8048418760299683,1.2665513753890991
1989-09-28,-2.001267671585083,0.5668767690658569,0.3221438229084015,-2.077880382537842,-3.146180391311645,-1.7457195520401
1993-12-16,0.5595177412033081,2.183532953262329,-0.2346734553575515,-0.9581199884414672,-0.9008669853210448,-0.9211669564247132
1985-10-16,-0.7144047021865845,-1.922790765762329,-1.8159133195877075,-2.096596002578736,-0.3764647841453552,-1.9496909379959104
1994-02-25,1.4193834066390991,0.4851534068584442,0.944078803062439,0.9384390115737916,1.4067555665969849,0.1633125245571136
1995-02-23,-0.5068825483322144,1.8573898077011108,0.8821279406547546,0.7176439166069031,1.455104112625122,-0.4815190732479095
1993-09-15,-0.6449748873710632,3.0362324714660645,-0.2134658247232437,0.0859454721212387,-1.6572725772857666,-1.5117803812026978
2002-02-12,1.9418020248413088,-0.7670233249664307,1.3538038730621338,0.8240888118743896,1.5924407243728638,0.044894240796566
1985-11-12,-0.3643774092197418,0.1072034612298011,-1.2886168956756592,-1.2498754262924194,-1.5928590297698977,-2.209481716156006
1999-10-10,-0.5943028330802917,1.384335160255432,0.2706135511398315,-0.4055645167827606,-1.4105029106140137,0.7275914549827576
1998-03-20,-0.5464430451393127,0.6320573091506958,1.373913049697876,0.4065314531326294,0.1621756702661514,1.53129243850708
1988-11-25,-1.07315194606781,-1.3456838130950928,-0.7458205819129944,-0.5562589764595032,-2.196519136428833,-1.123185634613037
2006-08-19,0.9781304597854614,1.7230931520462036,3.775125503540039,2.650881767272949,3.015320062637329,3.7249624729156494
2006-07-01,0.291248619556427,1.453471541404724,2.1435370445251465,1.794661283493042,1.913528323173523,1.9867485761642456
1989-10-13,-2.345525026321411,-0.8890613913536072,-2.183222770690918,-1.513259768486023,-3.393944501876831,-1.209314465522766
1996-02-23,-0.8668678998947144,-0.7525956034660339,1.8621084690093996,0.5676500201225281,1.455104112625122,1.098467469215393
1994-04-21,-0.4412221610546112,3.891474723815918,0.1036067605018615,-0.7612557411193848,-2.0115437507629395,3.367165327072144
2001-09-07,0.0685011744499206,-1.8573673963546755,2.8788552284240723,0.8235253691673279,-0.0758940875530242,0.1077414453029632
1990-10-07,-1.7996315956115725,0.4769979119300842,0.925570011138916,0.1438376307487487,1.310316801071167,0.2801119089126587
1982-08-04,3.310241937637329,1.2703839540481567,-0.2565940320491791,2.062217235565185,-1.078218936920166,1.8215813636779783
1995-11-29,-0.0028837413992732,0.4743390083312988,0.1030827239155769,-0.4922766089439392,-0.7916687726974487,-0.3056145012378692
1982-08-08,-0.2394375801086425,0.7222090363502502,1.1871168613433838,1.6118643283843994,-1.2980365753173828,3.646893739700317
1995-07-13,1.7939813137054443,5.037939548492432,1.000111699104309,0.2432368844747543,4.616992473602295,1.787720799446106
1990-10-31,-0.6246907711029053,2.745816707611084,0.195237398147583,-1.4056910276412964,-1.1207350492477417,-1.6024293899536133
1995-05-01,-1.0950721502304075,-0.4392352104187011,-1.1642298698425293,-1.0189915895462036,-1.2769917249679563,-0.039316963404417
1996-04-08,-1.3851152658462524,-1.5944840908050537,-0.0953115597367286,-0.3599639236927032,-1.503746509552002,-0.4858757257461548
1986-09-02,-0.264813095331192,-0.81916344165802,1.4165440797805786,2.3764195442199707,-1.2838324308395386,2.856518268585205
1984-12-21,1.6749072074890137,2.5951826572418213,-0.4429218471050262,0.1154219135642051,0.1823726296424865,-1.8907204866409304
1983-10-26,-1.8148375749588013,-1.1332330703735352,-0.9615529775619508,-1.97483491897583,-1.36260187625885,-2.5125820636749268
2004-04-26,-2.851409673690796,-0.1951802372932434,-1.3607476949691772,-0.5134961605072021,-2.64274263381958,-1.346849799156189
2007-04-01,-0.4658877551555633,-1.020780324935913,-0.0925134494900703,0.3811847269535064,-0.9853007197380066,0.2462449669837951
1997-09-29,-1.9366220235824585,-0.9270310401916504,0.299393355846405,-0.201382964849472,-0.5741772055625916,-1.1055822372436523
2000-08-27,1.5962430238723757,1.4258989095687866,4.218358993530273,4.138125419616699,1.7644633054733276,3.258108615875244
1993-05-15,-1.133763551712036,4.189042091369629,-2.1676101684570312,1.1712870597839355,-2.907833814620972,-3.957423686981201
2003-03-21,-0.095659427344799,-0.4918952286243438,-0.1584320962429046,0.4663437902927398,-0.1328029185533523,0.5899245738983154
1991-07-23,1.5136775970458984,0.7322888970375061,-1.4716405868530271,-0.6585994958877563,0.5981119871139526,-3.626232862472534
2004-11-05,-1.2116085290908811,-1.82861852645874,-1.3723530769348145,-0.4930271208286285,-0.6283424496650696,1.7829920053482056
1998-05-05,-0.5420405864715576,-1.3504408597946167,0.3581998944282532,-0.5500474572181702,0.4654859006404876,2.5407516956329346
2001-09-19,0.849202573299408,-1.291742920875549,0.1018453687429428,0.7926357388496399,-0.2756445109844208,1.2108668088912964
2003-11-17,-0.7715360522270203,-1.7635871171951294,-1.959281325340271,-0.4897391498088836,-1.4809489250183103,-0.0449283346533775
1995-07-31,3.493997812271118,1.1580780744552612,-0.0125543409958481,2.5371339321136475,2.9531359672546387,-3.011591672897339
1999-08-04,3.3605685234069824,1.19221031665802,4.637098789215088,2.1218740940093994,4.081968307495117,3.666882753372192
2001-12-08,1.104525804519653,1.3489257097244265,0.546093225479126,-0.0044413357973098,0.4580070078372955,3.209824323654175
2006-07-18,4.201784610748291,0.711922287940979,0.2608063519001007,1.765081763267517,3.9142262935638423,1.9422928094863887
2005-07-02,3.14281964302063,-0.8029041886329651,-0.3844216167926788,1.0585051774978638,1.330177664756775,-0.7875126004219055
1989-10-01,-2.266608715057373,2.1429762840271,-0.870589554309845,-2.331387758255005,-3.1941723823547363,-1.7655858993530271
1995-10-26,-0.4771026968955993,-1.3180854320526123,-0.0046884696930646,-1.1639214754104614,-0.6943790316581726,-1.9622118473052976
1993-07-13,2.2139642238616943,-0.8320555686950684,1.050099492073059,0.1832393258810043,1.71699857711792,-3.9322805404663086
1988-09-22,-2.0407814979553223,-0.8117623925209045,0.501839280128479,-0.9273654818534852,-1.2956335544586182,-0.07911117374897
1989-12-07,-0.9102219939231871,-0.5138399600982666,-1.918506383895874,-0.8839803338050842,-1.5715380907058716,-1.8232945203781128
1989-09-07,1.322380781173706,-0.1305392682552337,1.674714207649231,-0.2744747698307037,-3.0976722240448,0.717351496219635
1999-07-05,2.885369300842285,1.581574559211731,0.6689001321792603,-0.1670064181089401,3.5288305282592773,1.0590132474899292
1990-02-20,1.0404095649719238,1.8249582052230835,0.7915455102920532,0.7439219951629639,1.520317792892456,-0.8387160301208496
1994-09-10,-1.0795012712478638,-0.0002009726740652,1.9613248109817505,-0.2818309068679809,-0.6237397193908691,1.6574689149856567
1986-06-03,-1.0100849866867063,-0.0744667127728462,-2.430785655975342,-0.1838658154010772,-1.3459621667861938,-0.6491380333900452
1982-11-06,-1.2898931503295898,-1.009655237197876,-0.836841344833374,-1.3204381465911863,-1.2352198362350464,2.330469846725464
2005-11-27,0.0350821986794471,1.1463271379470823,0.9430824518203736,0.0763998702168464,0.557674765586853,0.6203127503395081
1992-12-29,0.1976049095392227,-0.8891973495483398,-0.1367654204368591,0.3320119082927704,0.1139625459909439,-0.975497841835022
1990-03-03,0.7954598665237427,1.0898858308792114,0.1298136413097381,0.6526932716369629,1.2404422760009766,-1.0003808736801147
1997-05-10,-2.1346800327301025,-3.1352407932281494,-2.492842674255371,-0.8798844814300537,-3.1345534324646,-0.3567383587360382
1997-01-05,0.2727441191673279,-0.2220626920461654,0.8759506344795227,0.8459346890449524,1.075569987297058,0.1539415866136551
1984-10-18,-0.9886515140533448,0.0673851072788238,-2.3021786212921143,-1.6772445440292358,-3.153313159942627,-2.38554310798645
2000-10-06,0.0167017318308353,-0.6492738127708435,0.3623236715793609,-0.3981456160545349,-0.3208677768707275,0.505440890789032
2007-02-06,2.5619237422943115,2.2365310192108154,1.531960368156433,0.8593365550041199,1.9384804964065552,1.083318829536438
1994-10-05,-1.400849461555481,0.2568173408508301,0.3498937785625458,-0.0640330985188484,-2.426548719406128,0.5542765855789185
2007-12-23,-0.0159671623259782,-1.0531853437423706,-1.1128181219100952,-0.0677897855639457,0.3777782022953033,-0.2014527469873428
2000-12-26,0.8739482760429382,0.0801765546202659,0.0889192894101142,0.4126207232475281,1.8303130865097048,-0.3235551714897156
1993-02-16,0.398247480392456,1.5759395360946655,0.485469102859497,0.5430104732513428,1.5415338277816772,-1.6842719316482544
1994-01-15,1.1341054439544678,0.2939318716526031,0.7545437812805176,0.4351918399333954,0.645230233669281,-0.2945273816585541
2006-02-19,1.487460970878601,0.7414054870605469,1.677812933921814,0.9157098531723022,1.7653297185897827,0.5538544058799744
1984-07-16,2.215543746948242,0.6198166608810425,1.3746415376663208,1.973254680633545,2.132458448410034,0.2410772740840912
1988-07-29,1.7241919040679932,0.4786903262138366,1.6410279273986816,0.5272728204727173,3.2624447345733643,2.1862850189208984
1986-04-23,0.3387766182422638,4.221461296081543,-0.4263920187950134,0.4887442290782928,-0.471565693616867,-1.282828450202942
1990-05-19,-1.0321584939956665,-1.5213791131973269,-2.155233860015869,-1.2425299882888794,-2.068924903869629,-1.6231708526611328
1983-05-28,-1.7539019584655762,-1.2205473184585571,-1.11221182346344,-1.312473177909851,-1.7512677907943726,-0.0701545551419258
1981-11-17,-1.484434962272644,-2.55631947517395,-0.212528109550476,-0.9205794930458068,-1.379227876663208,-0.6577163934707642
1990-05-05,-1.1611729860305786,2.88982367515564,-0.8777111172676086,-1.3004440069198608,-0.743672251701355,-2.9090161323547363
2007-08-24,0.764068067073822,2.7666056156158447,1.2391446828842163,0.7138432264328003,0.7330961227416992,2.5255913734436035
2007-12-09,-0.4352853000164032,0.018569903448224,-0.4288496673107147,0.2288569211959839,0.3964751064777374,1.4704813957214355
2002-02-23,0.7393907308578491,-1.8648526668548584,0.3740714788436889,0.8684316873550415,1.41673481464386,0.1833015382289886
1984-11-14,0.5747539401054382,0.4146966934204101,0.0180921778082847,-2.2056920528411865,-0.7463635206222534,-0.8296591639518738
2001-08-28,-0.2001186162233352,-0.5423393249511719,-0.4736758768558502,2.2817611694335938,2.889022827148437,-0.8384149670600891
1997-01-17,0.882437527179718,-5.235635280609131,1.1696099042892456,0.3447312414646148,1.668248414993286,-0.3278782665729522
1987-07-10,4.113686561584473,1.6030986309051514,-1.3005272150039673,-1.0861029624938965,2.5821425914764404,-1.3855783939361572
1987-07-16,3.765562057495117,0.2998093664646148,2.8946306705474854,1.303271770477295,3.422466993331909,0.8110845685005188
2004-08-15,0.7776426672935486,1.7995399236679075,4.547777652740479,3.1147072315216064,1.366481900215149,1.4966206550598145
2004-05-13,-1.2895478010177612,-0.5008083581924438,-1.5529038906097412,-0.6164772510528564,-2.8115029335021973,-0.2088682651519775
1989-02-11,0.4391456842422485,-0.8494472503662109,0.3346021771430969,0.6942610144615173,1.5125532150268557,-1.1635994911193848
1990-11-06,-1.3283917903900146,0.9011843204498292,-1.2017614841461182,-1.280492067337036,-2.363856315612793,-0.8785585761070251
2004-05-30,-1.8079017400741575,-0.2863631844520569,-1.5207511186599731,-1.3523844480514526,-2.8943259716033936,-1.335155725479126
1993-07-11,2.834408760070801,-0.7028250694274902,-0.2644510269165039,0.5753785967826843,2.092658042907715,1.5837557315826416
2003-03-24,0.0340646617114543,-0.5074114203453064,-0.0425046123564243,0.6142266392707825,-0.4113309979438782,2.7523646354675293
1982-08-15,-0.2582208216190338,2.1107897758483887,1.5321722030639648,2.750483751296997,0.3575313687324524,2.921755313873291
1985-06-16,-0.0922406688332557,-1.334575891494751,-3.0439465045928955,-1.5212490558624268,-0.9761866927146912,-1.9036799669265747
1999-07-26,2.033849000930786,-0.1086727678775787,2.0926828384399414,0.4757990837097168,3.803888320922852,2.6079719066619877
1997-10-03,-2.250739097595215,-0.1522717475891113,0.4060533344745636,-0.4511156976222992,-0.9516862630844116,-1.9702543020248413
1997-04-26,-0.4909954667091369,-1.82394015789032,-2.151937246322632,-0.6898489594459534,-2.2017364501953125,-1.587820529937744
1983-12-14,0.0698127001523971,-2.181095123291016,-0.0961446464061737,-0.5476593375205994,-0.4121792912483215,-0.9747498035430908
1999-06-25,3.562932014465332,-2.7677154541015625,2.268663167953491,0.7450642585754395,4.617527008056641,2.0954573154449463
1992-04-03,-2.3880434036254883,1.896574139595032,-0.2214675545692443,0.267075628042221,-1.2028521299362185,-1.9011242389678955
1983-09-25,-0.9996337890625,-0.1885067820549011,-0.4598817825317383,-0.6513506174087524,-1.5859806537628174,-1.5820215940475464
2003-12-18,0.9654527306556702,-2.798590660095215,-0.440418392419815,0.4791551530361175,0.3606110215187073,0.7119855880737305
1987-01-19,0.8409486413002014,0.1519620716571808,0.0529099144041538,0.4890127778053283,0.6262234449386597,-0.2690620720386505
1983-06-03,-1.7521635293960571,-1.292520523071289,-1.430783987045288,-1.1352185010910034,-2.7569479942321777,-0.593162477016449
1989-12-04,-0.8917367458343506,-0.5581406354904175,-2.047130584716797,-1.078163504600525,-0.7884177565574646,-2.3615036010742188
1986-08-06,2.248171806335449,1.3348121643066406,0.0531938672065734,1.3230451345443726,0.2030446529388427,0.8786459565162659
1983-12-15,-0.2552926242351532,-2.0214080810546875,-0.1088423356413841,-0.4911442995071411,-0.4335114657878876,-0.5195393562316895
1983-06-30,2.5871260166168213,-0.6400677561759949,1.161802887916565,-0.5656706690788269,0.5395504832267761,1.3559229373931885
1994-01-03,1.6220356225967407,-0.4873387515544891,0.0878961011767387,0.4603589177131653,0.6545040607452393,0.3746392130851745
1982-05-05,1.6069567203521729,-0.1822658032178878,-0.5876573920249939,-0.6524162292480469,-1.545219659805298,1.028245449066162
1994-03-19,-0.2334313690662384,-1.6392745971679688,1.1178381443023682,0.3030484616756439,0.2083590626716613,-0.9530411958694458
1992-01-12,0.7653169631958008,0.1154320761561393,0.0588836967945098,0.168346881866455,0.6160086393356323,0.0528012812137603
1995-03-03,0.037620086222887,1.9445810317993164,0.626251757144928,0.8365212082862854,1.1994670629501345,-0.50753253698349
1994-12-19,1.194896221160889,-0.3547989428043365,-0.9029133319854736,-0.0545610003173351,0.1923823952674865,-1.6707192659378052
1999-08-23,1.2934352159500122,0.9882796406745912,3.662040233612061,2.095038890838623,2.5605716705322266,2.6928181648254395
1984-11-12,-0.2243627607822418,-0.4227953255176544,-0.3086363971233368,-2.419858455657959,-0.8528687357902527,-2.049478054046631
2004-02-12,1.0118093490600586,-3.5270330905914307,1.7338087558746338,0.8840863704681396,1.6024504899978638,-0.0650911107659339
1999-09-25,0.080087773501873,0.8672899007797241,2.4536890983581543,0.0216698739677667,0.5437370538711548,1.2602444887161257
1983-03-21,0.1206795275211334,0.7180983424186707,0.9166192412376404,0.504894495010376,0.5780625343322754,1.3276509046554563
1990-09-01,2.775195360183716,1.030842661857605,3.036539316177368,0.4664463400840759,1.5461541414260864,0.1365170776844024
2004-11-25,-0.5909071564674377,-2.527702569961548,-0.7969197630882263,0.069015122950077,0.6383804082870483,1.728555679321289
2006-11-17,0.985821008682251,-2.402294635772705,0.9587534070014954,-0.101197637617588,0.5824301242828369,3.668809175491333
1981-11-22,-1.13155198097229,-2.143561601638794,-0.4192727208137512,-0.7197501063346863,-1.1609416007995603,-0.4449222385883331
1999-11-19,-0.0341984964907169,-0.7822993993759155,-2.1712515354156494,-0.6412062048912048,-1.237546682357788,0.2187970876693725
1993-07-10,3.0463874340057373,-0.4917832016944885,-1.3445442914962769,-0.0824873596429824,0.7836886644363403,3.4631118774414062
1991-04-25,-0.2619194388389587,0.4923700392246246,-1.4831665754318235,-1.0081284046173096,-1.4920181035995483,-0.6560200452804565
1981-09-06,1.531246781349182,-0.931186318397522,1.000560641288757,2.076474189758301,2.322882652282715,3.010262250900269
1991-04-17,0.7294566035270691,-0.2341430187225341,-1.5739939212799072,-0.6283312439918518,-0.6342711448669434,-1.6213237047195437
1984-05-07,-1.551292061805725,-0.9450060725212096,-0.5342777967453003,-1.6050540208816528,-0.4238084852695465,4.246237754821777
1991-09-06,-2.1130151748657227,-0.3421613574028015,-1.8489038944244385,-2.155153512954712,-0.6499904990196228,0.183512270450592
1983-05-07,0.0388087593019008,0.9998396635055542,1.7122851610183716,-1.5504440069198608,-0.823689341545105,1.320994853973389
1998-02-05,-1.089486002922058,0.0864519774913787,0.4714880287647247,0.5487605333328247,1.5104522705078125,0.3159343898296356
1982-12-11,0.2628187537193298,0.1880547851324081,-1.1905709505081177,-0.5587716698646545,-1.0847567319869995,0.8585050106048584
1992-07-19,2.662113666534424,-1.8754628896713257,-0.8691766262054443,-1.34511137008667,0.3735790550708771,-4.237475872039795
2002-06-02,-0.1730382740497589,-0.0298173241317272,-1.830466389656067,-2.149094581604004,-0.8887935280799866,-3.3973560333251958
2000-10-07,-0.0882276371121406,-0.4757983088493347,0.2933619916439056,-0.3480348885059356,-0.5089958906173706,0.4449697732925415
2005-06-26,-1.0719283819198608,-3.172762155532837,-0.6589062213897705,0.2244699895381927,-0.1212362572550773,-0.7513578534126282
1994-07-12,4.0836100578308105,5.577075958251953,2.097088098526001,-0.6760462522506714,2.3037362098693848,-2.7747228145599365
1983-06-06,-0.4555519223213196,-1.3781673908233645,-1.7906689643859863,-1.1708168983459473,-2.0519280433654785,-0.5512450933456421
2000-07-05,0.6090086102485657,2.7568907737731934,0.8435118198394775,-0.0018855015514418,1.2494770288467407,0.0062979604117572
2003-06-06,-2.1907198429107666,0.4251860678195953,-2.5777587890625,-0.920657992362976,-1.4677778482437134,-1.321405291557312
2001-01-07,1.583701252937317,-0.2947325408458709,0.0819874033331871,0.5754733681678772,2.2782230377197266,-0.5041471719741821
2000-07-27,0.9159675240516664,0.8472649455070496,3.581265449523926,4.369675636291504,3.7334816455841056,1.385786056518555
1994-12-13,0.929138958454132,0.0179043896496295,-1.42199969291687,-0.3349129259586334,0.47398641705513,-2.014535427093506
2004-04-06,-2.905134916305542,1.8255293369293213,0.7446847558021545,0.2100433856248855,-1.093773365020752,0.5641120672225952
1982-05-04,0.5849205255508423,-0.3292193412780761,-0.6042323112487793,-0.7890111207962036,-1.4069966077804563,1.100697636604309
1989-10-25,-1.2731815576553345,-1.1756247282028198,-2.2772293090820312,-1.4050596952438354,-3.210836410522461,0.873254656791687
2000-08-12,2.343801021575928,-0.461792528629303,2.6954071521759038,3.084601879119873,1.2999283075332642,1.3510987758636477
1982-12-22,-0.2451062202453613,-0.1947952955961227,-2.132924318313598,0.0154463239014148,-0.1576237082481384,2.9292867183685303
1990-01-03,-0.7669178247451782,-1.8941514492034912,-1.1706931591033936,0.4438916742801666,-0.3798040449619293,-1.4299627542495728
1993-04-20,-1.872986912727356,4.1561279296875,-0.7669498324394226,0.5865405201911926,-2.413635015487671,-2.6904289722442627
1989-03-24,-0.5656606554985046,2.5281243324279785,0.1515654623508453,0.2863205969333648,-0.0328273363411426,-0.0800583586096763
1982-01-10,1.1275076866149902,-0.5486974716186523,0.4393589794635772,0.3898078501224518,1.831873059272766,4.025418758392334
1999-03-07,0.6832798719406128,1.6470491886138916,1.854937434196472,0.4306173920631408,0.9566945433616638,3.1143829822540283
2004-10-01,0.0792780667543411,0.057719700038433,-1.7639601230621338,-0.3410998284816742,-1.3916581869125366,0.6597505807876587
1988-11-26,-1.185122013092041,1.7662458419799805,-2.636312961578369,-0.5874267220497131,-2.0246143341064453,-1.2680190801620483
1992-01-30,-0.2424775958061218,-0.14458829164505,0.3571043014526367,0.2519427537918091,1.211328148841858,1.1218782663345337
1985-01-17,1.4741017818450928,1.3639391660690308,0.5745511054992676,0.3052174746990204,0.875241219997406,-0.9545004963874816
1996-11-23,-1.913148283958435,-4.565684795379639,0.1341843008995056,-0.8662565350532532,0.4234760105609894,0.1868118792772293
2004-10-16,-0.941782772541046,-0.7252943515777588,-0.944950520992279,-0.118377536535263,-0.2787773013114929,3.093799114227295
1998-03-27,-0.9802672266960144,1.8859118223190308,0.9946246147155762,-0.004936296492815,-0.2973997890949249,0.6270748376846313
2002-02-19,1.2501393556594849,-0.8460180163383484,1.041283130645752,0.7528090476989746,1.5029524564743042,0.6177987456321716
1988-04-14,-1.0353556871414185,1.0731806755065918,0.3468148708343506,-0.2162895202636718,-1.2937525510787964,1.0465147495269775
1990-07-06,0.5227940678596497,-0.8029041886329651,-3.5644142627716064,-1.0415009260177612,0.4301837384700775,-3.7475039958953857
1995-07-17,2.647663116455078,4.641504287719727,-0.2224700003862381,-0.672117292881012,2.992276430130005,-1.4330319166183472
1994-05-12,-0.8687711954116821,1.2264163494110107,-1.5455013513565063,-1.5267257690429688,-3.377567768096924,-2.3860700130462646
1981-11-03,-2.1070644855499268,-2.121493101119995,-0.8218885064125061,-1.1125075817108154,-1.992877721786499,-1.250381350517273
1997-06-13,-0.3522199094295501,2.925403356552124,-3.353944063186645,-0.9612514972686768,-0.7361659407615662,-2.5536739826202397
2003-10-21,-0.4648619592189789,0.3167791962623596,2.41845178604126,-0.2948422431945801,-1.032615303993225,-0.282601535320282
1982-03-07,-0.3219075798988342,-0.1821127384901046,0.3504642844200134,0.8693490624427795,1.1559473276138306,-0.186209887266159
2007-12-17,-0.2745375037193298,-1.4885625839233398,-1.020435452461243,0.4191575944423675,0.1006317734718322,0.4820050895214081
2004-01-31,0.9963923692703248,-1.6387640237808228,1.515298843383789,0.487842857837677,1.5665513277053833,1.2941898107528689
1994-02-21,1.5601369142532349,0.463979572057724,0.971275806427002,0.9827895164489746,1.4929732084274292,0.3977974951267242
1992-06-05,-1.340336799621582,-1.011369228363037,-0.8101182579994202,-1.7572624683380127,-1.4048479795455933,-1.133442521095276
2007-10-27,-1.7246663570404053,0.6358009576797485,-0.214766263961792,-0.9257105588912964,0.199241816997528,0.5575743317604065
1987-03-29,-1.1423745155334473,-0.7251493334770203,0.1620655506849289,0.5150743126869202,0.1816574037075042,-0.989587128162384
1991-07-18,-0.2623405456542969,1.831506609916687,-2.7124602794647217,-0.532102644443512,0.3422825038433075,-5.113055229187012
1991-05-01,-0.6478665471076965,2.513132095336914,-1.8719176054000852,-1.16602885723114,-1.1994892358779907,-1.8976688385009768
2006-01-04,1.3374991416931152,1.6713037490844729,2.189358949661255,0.6097785234451294,1.331873059272766,2.075406312942505
2002-06-30,0.4611443877220154,2.0386710166931152,-1.176919937133789,-0.111181616783142,0.3359991312026977,-0.2325525283813476
1994-12-04,0.7956849336624146,0.3734382688999176,-2.3874073028564453,-1.179942965507507,0.0080427378416061,-2.9554266929626465
1989-06-16,-1.195939302444458,0.9366459250450134,-0.620025634765625,-1.3469974994659424,-1.7918680906295776,-1.968297362327576
1982-04-14,-1.2077878713607788,-0.493575245141983,-0.5808532238006592,-0.1417051702737808,-1.2506659030914309,-0.6273193359375
2001-08-26,0.7643181085586548,0.3555406332015991,-0.3973661363124847,0.7654898762702942,3.832489967346192,-1.3839117288589478
1985-04-24,0.3795201182365417,-3.404067039489746,-1.3072621822357178,-0.6996619701385498,-2.530614137649536,-4.486256122589111
1994-08-07,1.5900981426239014,3.0208725929260254,3.2210400104522705,2.542358636856079,4.01762580871582,1.737326979637146
1986-05-07,-0.5212932229042053,4.3149733543396,-0.7142704725265503,-1.1050540208816528,0.0261731930077075,0.7562171220779419
1998-03-15,-0.3558036983013153,1.648770451545715,1.5777220726013184,0.7357669472694397,0.5806736946105957,1.374664068222046
2003-08-17,0.0527628362178802,3.9058279991149902,2.811321973800659,3.727266788482666,0.5922338962554932,1.2040610313415527
2007-10-31,-1.6198797225952148,-0.999645471572876,-1.356830358505249,-0.7304417490959167,-1.9652003049850464,0.1004892811179161
1996-10-13,-1.7543827295303345,-2.162781000137329,-1.8259230852127075,-1.8566056489944456,-0.5464476943016052,0.4203042089939117
2003-11-18,-0.804187536239624,-2.042309284210205,-1.7912466526031494,-0.4011854231357574,-1.147550344467163,-0.3211809396743774
1995-05-02,-0.8730543255805969,-0.5822597146034241,-1.077678084373474,-0.5324211120605469,-1.105217218399048,-0.1117692366242408
1995-05-25,-0.7439226508140564,-2.3605620861053467,-3.0422046184539795,-1.262485384941101,-1.5412458181381226,-2.91015100479126
2002-10-07,1.091795563697815,2.124207735061645,-0.3966404497623443,-2.1580324172973637,-1.1189812421798706,2.774956464767456
1996-11-20,-2.1266560554504395,-5.500872611999512,0.7171548008918762,-0.912548303604126,-0.0643835738301277,0.322882205247879
1984-12-14,2.0346853733062744,2.6185760498046875,-0.7788252234458923,-0.2511235475540161,-0.1235139146447181,-1.2595295906066897
1983-09-20,-0.919881284236908,0.4682762622833252,-0.1901972591876983,-0.4622327089309692,-1.6423906087875366,-2.1033053398132324
1987-02-09,-0.0574120059609413,-1.2555185556411743,0.6103994846343994,0.6966003179550171,1.4624338150024414,-1.0369099378585815
1984-01-09,0.1927575469017028,-0.4020553529262543,-0.1340285986661911,-0.334088534116745,0.1755761057138443,-1.096058368682861
1993-10-14,-2.68440580368042,2.457214117050171,-0.6759291291236877,-1.4365922212600708,-3.41644287109375,-0.7896872758865356
2004-09-17,-0.0604015961289405,0.906274139881134,0.1756674498319625,0.1875159293413162,-1.4531358480453491,1.7551966905593872
1987-11-14,-2.295241117477417,-0.9852972030639648,-1.541905403137207,-1.465671420097351,-2.336390495300293,-1.0296714305877686
1996-03-29,-0.3804985582828522,-1.0057417154312134,0.9437108635902404,0.0224289838224649,-0.6515256762504578,1.556336522102356
1987-03-06,-0.2718892693519592,-1.112105369567871,0.7604679465293884,0.6493478417396545,1.1559473276138306,0.0138023179024457
1995-12-18,0.4736925363540649,-1.201557159423828,-0.7361653447151184,-0.3587010204792022,-0.947317898273468,-1.0338343381881714
2001-03-12,-0.1087328195571899,0.4640863239765167,0.8401592969894409,0.7428160905838013,0.6740137338638306,-0.1340907365083694
1993-06-11,-0.8382877111434937,-2.636112689971924,-1.592719793319702,-2.242133140563965,-3.001944303512573,-0.9183759093284608
2000-07-21,0.9368936419487,1.5237761735916138,3.857621908187866,2.338568210601806,1.334384202957153,1.666353464126587
1993-04-16,-2.660527467727661,4.66585111618042,-0.2939950823783874,-0.2783251404762268,-2.134271144866944,-2.811326026916504
2003-01-10,1.864345908164978,-1.0559148788452148,-0.0849096700549125,0.6486905813217163,1.5516568422317505,-1.4901151657104492
1988-04-17,-1.4405263662338257,-0.1541564464569091,0.0460012517869472,-0.2983446717262268,-1.8642516136169436,0.4886921942234039
1992-08-25,0.0786303579807281,3.012984037399292,-0.2911620736122131,0.6036390662193298,0.612128734588623,-1.5810446739196775
1983-12-04,-0.2470273822546005,-1.4017467498779297,-1.4269224405288696,-1.1450167894363403,-1.1636698246002195,-1.013677000999451
1996-07-16,-2.192333221435547,-3.1185057163238525,-0.9124724268913268,-1.0821208953857422,0.7522556781768799,2.1769533157348637
1997-06-18,-1.1054295301437378,-0.6940407752990723,-2.918253898620605,-0.6665646433830261,-1.6115970611572266,-2.893594026565552
1988-10-24,-2.1748533248901367,-0.0432366766035556,-1.631535887718201,-1.62485933303833,-3.632590770721436,1.2674168348312378
2003-06-27,0.2780777513980865,-1.5927449464797974,-2.1189281940460205,-0.5555288195610046,2.3687539100646973,-2.0013577938079834
2005-10-05,0.256691962480545,1.2507201433181765,0.9723089933395386,-0.4781627058982849,-1.880865335464477,3.6354458332061768
2002-11-02,-0.3994742929935455,-2.954507350921631,-2.619785785675049,-0.7856307029724121,-1.6347914934158323,-2.3144094944000244
1986-04-11,0.2448590844869613,-1.4644792079925537,0.1246896609663963,0.4800324141979217,-1.343773365020752,-2.77588415145874
1995-08-15,2.782299518585205,2.208970069885254,1.8902587890625,1.5831177234649658,1.2550876140594482,-0.9571338891983032
1999-07-15,1.5323795080184937,-1.4034299850463867,1.928316354751587,0.9255697727203368,2.3200762271881104,0.8106895089149475
2004-10-06,-0.478211760520935,-1.5558154582977295,-1.466647744178772,-0.9280214905738832,-2.118981122970581,4.234978199005127
2003-01-13,0.6641042232513428,-1.5460644960403442,0.1945462226867675,0.6752126216888428,1.2752350568771362,-1.2145103216171265
1992-07-18,2.49423623085022,-1.712531328201294,-1.3416423797607422,-0.989022433757782,-1.0832297801971436,-4.405758380889893
1982-09-23,-1.5403820276260376,-0.963720977306366,-0.3043130040168762,-0.1324913948774337,-2.45313572883606,1.855202794075012
1993-08-31,0.9452088475227356,0.520832896232605,0.7665197253227234,2.0164341926574707,0.7761651277542114,-0.6634706854820251
2003-03-16,-0.1193107068538665,-1.2819015979766846,0.6066216826438904,0.664898157119751,0.288084477186203,-0.9523478150367736
1998-06-28,-1.8919357061386108,-0.2427693605422973,-0.3789074420928955,-0.0155202494934201,1.2687479257583618,1.308639645576477
1996-08-27,-0.0256904512643814,0.9155381917953492,2.5926241874694824,1.595476508140564,1.9424753189086916,1.8460992574691768
2004-12-23,0.4540340602397918,-0.213188961148262,0.94717937707901,0.7522175312042236,1.487794041633606,1.3185667991638184
1994-10-20,-0.8240717053413391,0.4589353799819946,-3.5962302684783936,-1.4708598852157593,-2.231445789337158,-0.7342971563339233
1986-02-02,1.465027093887329,-0.5591442584991455,0.9851325154304504,0.351737916469574,1.3240530490875244,0.1055529564619064
2005-08-10,2.1369879245758057,-0.071187600493431,2.562732696533203,2.0970568656921387,3.5674142837524414,2.160727262496948
1993-07-27,-1.2261302471160889,0.2613223493099212,-2.0873098373413086,-0.9342045783996582,-0.2261105477809906,-0.4720451235771179
2000-04-21,-0.4307255148887634,2.129568338394165,0.440475583076477,-0.5286210775375366,-1.3207809925079346,0.5093356370925903
1994-06-01,-0.7500752210617065,-0.8244667053222656,-2.790801525115967,-0.7038548588752747,-3.0559840202331543,-1.56912100315094
1982-10-01,-1.4311397075653076,0.7076971530914307,-0.5174025893211365,-2.2065672874450684,-1.7841466665267944,0.3996362388134002
1985-03-19,1.533230543136597,-1.9758824110031128,0.1432512402534485,0.415818989276886,0.3755148947238922,0.2068769484758377
1989-10-09,-2.2632970809936523,0.0907164365053176,-1.7476922273635864,-1.8081492185592647,-3.1008665561676025,-1.4945590496063232
1997-08-19,-0.0804496333003044,-0.2364896684885025,2.067051410675049,2.290783166885376,1.360607385635376,1.0129107236862185
1988-02-08,-0.2695092260837555,-1.0435223579406738,1.0514745712280271,0.5887690782546997,1.4504547119140625,-0.4140765964984894
1989-01-03,1.0430797338485718,-1.9441392421722408,-0.1406943202018737,0.6838818788528442,0.5801873803138733,-0.269959032535553
2000-01-19,1.701383113861084,1.7158821821212769,1.2179508209228516,0.6837019324302673,1.1852349042892456,1.2012790441513062
1985-05-01,0.5785830020904541,-3.465199708938598,-1.9307550191879272,-0.6634900569915771,-1.9027217626571653,-4.5468621253967285
1989-12-26,-1.072165846824646,-1.1858773231506348,-2.0901594161987305,-0.1087598428130149,0.3289567828178406,-2.74125599861145
2003-03-13,-0.3864593207836151,-1.4378880262374878,0.6700335741043091,0.7347825169563293,0.5135239958763123,-0.8189870119094849
1997-01-04,0.1169109344482421,-0.3762963116168976,0.741223931312561,0.5513932704925537,1.1772345304489136,0.2116113007068634
1987-07-03,0.392536997795105,-0.2225722074508667,-0.2553808391094208,-1.7132000923156738,1.0150831937789917,-0.9761595129966736
1991-10-10,-2.2382216453552246,-1.9358203411102293,-1.926639199256897,-1.2380189895629885,-2.528984785079956,-1.4650338888168335
1986-09-29,-1.5612651109695437,-4.263109683990479,-3.267852544784546,-0.2078851461410522,-2.8161938190460205,-0.6957318186759949
1996-09-02,-2.2687714099884038,-0.0411716774106025,2.0705678462982178,-1.213534235954285,2.572882652282715,2.390267133712769
1997-02-14,1.1808488368988037,0.5501388311386108,1.805733323097229,0.5640390515327454,1.5532957315444946,0.741032063961029
1986-04-22,0.4170216619968414,4.326141357421875,-0.3769351840019226,0.4065478146076202,-0.4536435008049011,-1.3904410600662231
2003-07-15,0.8876533508300781,2.6815125942230225,0.3275483250617981,2.417879104614258,1.6822788715362549,-0.4530514776706695
1985-08-26,2.373452425003052,1.2382797002792358,-0.7479634881019592,1.945044994354248,3.1905765533447266,-1.54717218875885
1985-06-06,-0.0730321779847145,0.0501692481338977,-2.5304479598999023,-1.249100685119629,-0.7687984108924866,-3.0373401641845703
1983-09-18,-1.1649638414382937,0.5562214851379395,-0.1534682661294937,0.045936930924654,-1.6172640323638916,-1.9217840433120728
1985-03-23,1.0835617780685425,-0.0279463361948728,0.1339227557182312,0.2965461015701294,0.1721549183130264,1.051281452178955
1996-12-16,-2.238109350204468,-2.9987850189208984,0.5599231719970703,-0.3932403326034546,0.2515766620635986,1.1026761531829834
2005-09-25,0.5888493061065674,0.6877081394195557,0.2025986611843109,-0.3765806555747986,-0.6541418433189392,2.0596399307250977
1995-03-18,-0.1992972791194915,1.5080764293670654,0.1166009530425071,0.3848993480205536,0.288084477186203,-0.0523539297282695
1993-11-02,-1.8096497058868408,1.6757957935333252,-1.68287992477417,-1.984843134880066,-2.6650662422180176,-1.4839071035385132
1987-11-04,-1.859668016433716,-0.5542152523994446,-1.082873821258545,-1.974863886833191,-1.3750576972961426,-2.1938984394073486
1991-05-14,-0.1133647784590721,2.2576797008514404,-1.37885320186615,-1.3538427352905271,-1.0008182525634766,-1.986003279685974
2005-03-29,-0.9864568710327148,-0.2422120571136474,0.6649744510650635,0.1864174455404281,-0.733415424823761,5.120250701904297
1997-09-04,0.3169775903224945,-0.1621686816215515,-1.7488977909088137,2.234830617904663,1.600009560585022,0.643503725528717
1999-06-15,3.400855779647827,-1.221687078475952,0.9544853568077089,-1.0724389553070068,0.8937143683433533,0.7373924255371094
1995-04-17,-1.0145164728164673,0.9148033261299132,-0.9174410700798036,-0.2236552089452743,-1.477181315422058,0.340524673461914
1999-01-06,0.757512629032135,3.321297645568848,-0.2906520068645477,0.3198005259037018,0.8818607926368713,-0.2945887148380279
1989-01-28,0.3440746665000915,-1.3849968910217283,-0.1086243391036987,0.748483419418335,1.0884599685668943,-0.0766756832599639
1999-08-10,0.2382148653268814,0.174129232764244,3.2437283992767334,2.1249265670776367,0.4002872407436371,3.804156541824341
2000-08-23,2.4986438751220703,1.822981595993042,4.378851413726807,4.0536208152771,1.682136058807373,3.5489602088928223
1988-08-20,0.932767689228058,2.5058341026306152,1.6013000011444092,1.737246036529541,2.132211923599243,-1.5759377479553225
2006-12-22,2.267830610275269,-0.6258798241615295,0.6998185515403748,0.6012316346168518,2.2089617252349854,3.288742780685425
1998-01-29,-0.9479824304580688,2.7537717819213867,0.5220984220504761,0.5772929787635803,1.4539777040481567,0.0893435850739479
2005-12-06,0.4888589978218078,-0.0313892140984535,1.6379469633102417,0.4185253381729126,1.007136344909668,1.6942427158355713
1985-05-10,-1.015412449836731,-3.742877960205078,-2.629646778106689,-1.3210492134094238,-2.257323980331421,-2.4822890758514404
1990-08-13,3.231769323348999,1.0407823324203491,2.102179527282715,2.680476427078247,1.5575129985809326,1.8117700815200808
1985-08-17,3.35227632522583,1.968979835510254,-0.6397399306297302,2.673114061355591,3.345083951950073,0.8228648900985718
1992-01-22,0.5088338851928711,-0.1650337725877761,0.6095332503318787,0.1269556581974029,0.9401546716690063,0.3392661213874817
1997-05-07,-1.895417332649231,-3.312885284423828,-1.979653000831604,0.1589618325233459,-3.327331304550171,0.1276962459087371
1994-07-28,5.114176273345947,4.778677940368652,3.3010315895080566,0.5972801446914673,6.062432765960693,-0.8237247467041016
1984-04-20,-0.4396100640296936,-2.5371909141540527,0.6875514388084412,-0.7296520471572876,-2.0014243125915527,-0.0287281405180692
1992-02-13,0.0687702000141143,1.2244971990585327,0.6934916377067566,0.5811616778373718,1.532788872718811,-0.0515799671411514
1993-11-13,-1.2400400638580322,3.584012985229492,-0.8775485157966614,-1.4582451581954956,-2.272876262664795,-0.6689581274986267
1983-06-04,-1.5200947523117063,-1.3244667053222656,-1.5507807731628418,-1.1038486957550049,-1.8259731531143188,-0.7691331505775452
1995-03-05,0.1969211399555206,1.8797894716262815,0.6724175810813904,0.7111703753471375,1.1098963022232056,-0.656347393989563
1982-12-29,0.2040340602397918,-0.6731804013252258,-1.6128181219100952,0.4122211933135986,-0.2022083699703216,1.8385558128356931
1982-12-04,-0.2570371329784393,-0.4017467200756073,-1.1269346475601196,-0.9450045824050904,-1.1136515140533447,-0.6236929297447205
2006-08-16,-0.0872518122196197,1.385808348655701,3.411297559738159,0.2072472125291824,2.142221689224243,2.8140769004821777
2001-04-02,-0.9458987712860109,-0.2807901203632355,0.007492653094232,0.3011981546878814,-0.7553202509880066,2.2162461280822754
2007-01-23,3.2251193523406982,1.4129624366760254,1.5806716680526731,0.8904280066490173,2.658250570297241,1.0522197484970093
2007-12-07,-0.4354827404022217,0.5089293718338013,-0.1638982146978378,0.3155659735202789,0.1080008968710899,1.2198342084884644
1985-07-09,1.8389891386032104,-0.5331178307533264,-0.7764832973480225,-0.2718745172023773,2.609462261199951,-1.803699612617493
1983-03-06,1.0376200675964355,0.9345712065696716,1.856262683868408,0.5865212082862854,1.1994670629501345,0.0224662441760301
1994-03-09,0.5453758835792542,1.4833524227142334,1.18800151348114,0.7584398984909058,0.9006615877151489,-1.771681785583496
1981-11-26,-1.2210854291915894,-1.9475185871124268,-0.5250934362411499,-0.5750591158866882,-0.99881112575531,0.0619195327162742
2001-06-10,1.9566386938095093,-2.2859554290771484,-1.6502512693405151,0.0112107330933213,-0.1111828237771987,3.1562790870666504
1991-06-21,-0.2063240110874176,-5.680530548095703,-4.131118774414063,-1.1905057430267334,0.269437313079834,-2.4165163040161133
2007-12-29,0.0431508533656597,-0.6617292761802673,-0.540452241897583,0.4967869520187378,0.8939266800880432,0.3746923804283142
1988-12-08,-0.4035531282424927,-0.5427977442741394,-1.529388427734375,-0.2862605452537536,-0.8876680135726929,-1.327362298965454
1997-01-19,0.2514014542102813,-3.6341238021850586,1.2479496002197266,0.3336957991123199,1.6552361249923706,-0.1786952912807464
1991-03-23,-0.0452697686851024,1.320716142654419,0.0687779411673545,0.2318937480449676,0.0757718309760093,1.8863279819488523
2006-06-29,-0.0588446334004402,1.3686575889587402,1.283102035522461,1.388818383216858,1.4960027933120728,2.5074377059936523
1996-04-12,-1.4453593492507937,-1.8568120002746584,-0.1931936740875244,-0.1462821960449218,-1.8937586545944212,-0.2934815883636474
1985-12-18,0.3695152997970581,-1.7864683866500854,-2.26467227935791,-0.2281395494937896,-0.2008547931909561,-3.8611693382263184
1997-09-12,1.136370301246643,0.4595816731452942,-0.1080780327320098,1.3979438543319702,1.527050495147705,0.9355509281158448
1990-10-25,-0.4131961762905121,4.044376373291016,1.2327805757522583,-1.0650633573532104,-1.9508572816848757,0.513269305229187
1984-02-29,1.2399848699569702,0.1369146406650543,1.531688570976257,0.54730224609375,1.3786687850952148,0.2435346394777298
1997-01-21,0.9349027872085572,0.6528930068016052,1.259340524673462,0.4493739008903503,1.7026759386062622,0.3961316347122192
2001-09-24,0.7700902223587036,-4.092701435089111,-1.4062963724136353,1.151674747467041,1.1837517023086548,-0.8797396421432495
1993-08-30,1.2698825597763062,0.4576606750488281,0.9763363003730774,2.2717819213867188,0.819015383720398,-0.6484430432319641
1998-01-05,0.7427453398704529,0.1279434114694595,-0.1940261572599411,0.475909024477005,0.3955773413181305,-0.5360608696937561
1996-03-16,-0.7167693972587585,-0.8858860731124878,1.2132281064987185,0.355821430683136,0.3655356466770172,0.9468671679496764
2002-04-28,-0.2278531491756439,-1.4668787717819214,-1.6919249296188354,-0.98603618144989,-2.7394673824310303,-1.4076786041259766
1985-03-21,1.336545467376709,-2.3492660522460938,0.047830831259489,0.3530362546443939,0.2183383107185363,1.0469588041305542
2007-11-09,-1.585249662399292,-0.1653203964233398,-1.001927375793457,-0.1056860387325286,-0.8463696241378784,0.3803322911262512
1983-02-28,1.0293687582015991,0.9751741290092468,2.014055728912353,0.5984426736831665,1.4067555665969849,0.8433051705360413
1987-06-19,0.5881869792938232,-1.5296138525009155,-0.2704191505908966,-1.0275132656097412,0.610599160194397,-0.7966260313987732
1982-01-19,0.0481532625854015,0.0984784290194511,0.804550290107727,0.5724972486495972,1.5819019079208374,2.8587276935577397
2002-08-27,4.306264877319336,0.3858903050422668,2.3983516693115234,-0.4618806838989258,2.434446334838867,1.368093967437744
1989-03-11,-0.5341575741767883,0.088254414498806,0.368855357170105,0.8152844309806824,0.8421728610992432,-0.1692339479923248
1983-08-03,0.8539832234382629,-0.3319121599197387,2.887439489364624,-0.6328794956207275,0.1631273329257965,2.318425416946411
1988-05-17,-1.1095551252365112,-0.6808010339736938,-0.3229234516620636,-0.9164650440216064,-1.5414835214614868,0.4211061000823974
2001-11-03,-0.7383953928947449,0.7811892032623291,0.2682092785835266,-0.7404835224151611,-0.4238539040088653,0.6514402031898499
1997-05-28,-0.9461191296577454,-3.338461637496948,-2.870839834213257,-1.9077696800231931,-2.6770856380462646,-2.6715190410614014
2006-07-17,3.4612812995910645,1.012679934501648,-0.485039621591568,1.4195690155029297,3.062706232070923,1.8618724346160889
1994-04-27,-0.621000349521637,1.4360696077346802,-1.7219446897506714,-0.9898367524147034,-1.7617340087890625,1.232186794281006
2004-08-12,0.5322995185852051,0.0189676433801651,4.120269775390625,3.203112840652466,2.405112028121948,1.2928661108016968
1989-01-24,0.6696062088012695,-1.770323634147644,0.2473964095115661,0.800940990447998,0.8927631378173828,-0.4281290471553802
1994-02-20,0.9310875535011292,0.3851605057716369,0.9325348138809204,1.0588680505752563,1.5079632997512815,0.7502661943435669
2000-12-03,0.202862873673439,-0.2651172578334808,-0.137854665517807,-0.3518834412097931,0.2736791670322418,-0.4493346512317657
1999-10-03,-0.0407170467078685,-0.6822705268859863,1.1660325527191162,0.1488903909921646,1.3183332681655884,1.5397249460220337
1999-03-27,-0.4202696681022644,2.2458972930908203,1.8346209526062007,0.2850722372531891,-0.2574217617511749,3.467071056365967
1990-12-18,0.231891855597496,-0.7387753129005432,-0.8200817108154297,-0.1132415458559989,-0.2984111309051513,0.9626614451408386
1996-07-17,-1.7257651090621948,-3.262519121170044,-1.1016216278076172,-1.0790187120437622,0.1767495274543762,2.6342196464538574
2006-04-24,-0.1610088795423507,0.1360818296670913,-0.6519373059272766,0.280152291059494,-0.4417266547679901,2.042184352874756
2005-11-26,-0.0428617671132087,1.2543377876281738,2.173059463500977,0.0877404958009719,0.8483458757400513,0.6743659973144531
1982-12-15,-0.3653084933757782,-0.081405684351921,-1.848832607269287,-0.3911381959915161,-0.70353102684021,0.0704569891095161
2000-04-28,-0.7778409123420715,0.6531162858009338,-0.0019224445568397,-0.7260264158248901,-2.0694844722747803,0.172338455915451
1986-05-09,-0.983428418636322,3.573596715927124,-0.860277533531189,-1.09536874294281,-0.9456785321235656,0.8345636129379272
2004-09-11,-0.2851066291332245,0.7622295022010803,0.503137469291687,1.7164562940597534,-0.0612865760922431,0.961142361164093
1990-08-15,1.1237998008728027,0.488219678401947,3.2354156970977783,1.784583568572998,0.4799209833145141,1.6511170864105225
1996-09-22,-1.3369643688201904,-1.5639346837997437,1.2904289960861206,-1.6544301509857178,1.6158291101455688,2.06646466255188
2004-12-20,0.5230754017829895,0.1568140983581543,1.0623109340667725,0.8277800679206848,1.3663504123687744,1.467506766319275
1997-05-17,-2.292137861251831,-1.7413803339004517,-2.465231418609619,-1.8425055742263796,-3.618943214416504,-3.433168411254883
1995-09-17,-0.809865415096283,-0.1817481517791748,-1.960186243057251,-0.7822400331497192,-0.9623674750328064,-1.743289589881897
1994-12-24,0.9608389735221864,-0.3692315816879272,-0.428462266921997,0.0997416675090789,0.3884595930576324,-1.6616082191467283
1984-01-22,0.9025821685791016,0.2156689465045929,0.6046063303947449,-0.0503604002296924,0.757943332195282,-0.2277732640504837
1991-06-13,-1.0633503198623655,-3.625951766967773,-3.7802560329437256,-1.6888015270233154,-0.011176717467606,-4.993714809417725
1999-12-09,2.0645172595977783,1.4089232683181765,-0.513904333114624,-0.0744486600160598,0.4080192148685455,1.0898293256759644
2006-01-28,1.735016107559204,1.8308398723602293,2.2151434421539307,1.9217453002929688,2.1440603733062744,1.305534601211548
1987-08-21,3.882749319076538,-0.3941903710365295,0.9913145899772644,2.977266788482666,3.532236337661743,1.4440512657165527
1992-09-21,-1.920786499977112,2.1482596397399902,0.0718465894460678,-0.0673801526427269,0.7543542981147766,-2.199136734008789
1996-06-19,1.6736809015274048,0.1294670104980468,-0.2811129093170166,-2.2205045223236084,0.539426326751709,-1.2465028762817385
1993-11-21,-1.1266560554504397,0.8391237854957581,-1.3228538036346436,-1.282543420791626,-1.984397053718567,-1.4571166038513184
2005-07-17,1.73127019405365,0.3126677572727203,1.3149787187576294,3.1495800018310547,1.0727158784866333,2.881891965866089
1984-06-09,0.185797318816185,-1.9338703155517576,-0.6888077259063721,-1.8330484628677368,-1.2243818044662476,-2.505511522293091
1993-06-30,3.574859857559204,1.526984691619873,-3.1127073764801025,-1.1846650838851929,-1.32400381565094,-5.019082069396973
1986-02-08,1.950492024421692,-0.9435467720031738,1.1314916610717771,0.5687495470046997,1.4504547119140625,-0.1140582785010337
1985-05-17,-1.3637745380401611,-6.390974998474121,-3.0776138305664062,-1.3887104988098145,-2.0578277111053467,2.222568988800049
1989-07-23,2.1836605072021484,1.0022778511047363,1.3683557510375977,0.5314029455184937,1.4280985593795776,-0.6462217569351196
1999-08-02,4.68731689453125,1.2687134742736816,5.191270351409912,2.0251882076263428,3.7567310333251953,4.351678371429443
1987-05-27,-1.0139117240905762,0.6394379734992981,-0.6022326350212097,-1.412479281425476,-0.1212628632783889,-0.9301398992538452
1984-05-06,-1.8011876344680786,-1.1301652193069458,-0.357722133398056,-1.5504440069198608,-2.363667249679565,4.680980205535889
1983-09-12,-1.3515121936798096,0.8026362061500549,-0.641133725643158,-0.8864660859107971,-1.6759002208709717,-0.3822793066501617
2005-01-24,0.7640575766563416,0.8350042700767517,0.6113768815994263,0.71848464012146,1.3184709548950195,0.7233120799064636
2001-04-23,-1.9040461778640747,2.5843822956085205,-1.39813494682312,-0.4981849789619446,-2.3342926502227783,-1.012363314628601
2002-03-14,0.5441902279853821,2.018795967102051,0.7877134680747986,0.5957828164100647,0.5706639289855957,-0.4953311085700989
2001-10-19,-1.555317997932434,-0.0759671553969383,0.7939399480819702,-0.8627604842185974,0.1770702600479126,3.548613309860229
2005-02-15,-0.1019756644964218,3.133351325988769,2.388401985168457,0.6879467964172363,1.530032753944397,1.8808565139770508
1988-08-17,0.8824216723442078,1.621098518371582,2.9572653770446777,1.2826712131500244,3.1529252529144287,1.8660426139831543
1991-02-16,0.8008438944816589,1.0901473760604858,0.805733323097229,0.5840585827827454,1.5433164834976196,-0.688991129398346
2005-08-26,-0.5337313413619995,1.5359147787094116,3.208349227905273,1.7981290817260742,2.934446334838867,0.6180939674377441
2005-03-28,-0.9927648305892944,-0.2183627933263778,0.6403215527534485,0.2298576086759567,-0.716505765914917,3.618957042694092
1985-05-23,-0.1031650751829147,-5.824188709259033,-2.907389640808105,-1.1776562929153442,0.3003308475017547,-3.0127217769622803
1989-05-02,-2.5050759315490723,2.290775775909424,-0.5642237663269043,-0.9690037965774536,-1.2069844007492063,-2.0492961406707764
1989-11-12,-0.1800394058227539,2.40575647354126,-2.525630235671997,-1.1329046487808228,-2.129722118377685,-0.4398444592952728
1994-07-21,2.04181170463562,2.9819111824035645,2.1608002185821533,-1.214929223060608,4.444224834442139,-2.4077134132385254
2004-01-21,1.2795915603637695,-1.460326075553894,1.5674036741256714,0.890937328338623,1.3827533721923828,1.4218770265579224
1992-07-29,1.1759772300720217,0.2472588568925857,-0.4187345504760742,0.4196634888648987,-0.0165182538330554,-3.2942371368408203
2005-07-03,3.395379066467285,-1.028441309928894,0.4089208841323852,1.4829875230789185,1.488822102546692,-0.750984251499176
1997-07-04,3.64281964302063,0.0571116581559181,0.0055930349044501,-0.721493661403656,0.7302020788192749,-1.0275027751922607
1995-08-09,2.3059511184692383,-0.9951660633087158,0.9932085871696472,1.8866949081420896,4.973711013793945,-2.4569754600524902
2006-02-04,1.502585530281067,0.6444753408432007,2.0903799533843994,1.086584448814392,2.2924203872680664,0.7130900025367737
1982-03-05,-0.2145194113254547,-0.5101203322410583,0.3598246276378631,0.9026932716369628,1.2404422760009766,0.1496435701847076
1985-12-30,0.8839275240898132,0.7001716494560242,-1.7210782766342163,-0.1973951309919357,-0.1696869134902954,-1.9535599946975708
1996-01-29,0.0575407147407531,-1.4845845699310305,0.9771299362182616,0.5519305467605591,1.451348900794983,3.581900358200073
1998-09-28,-0.7396031618118286,-1.190272092819214,-0.8649864196777344,0.925608217716217,0.009874003008008,-0.8336362838745117
1996-05-06,-1.1134332418441772,-0.5763971209526062,-1.000292181968689,-0.8353894948959351,-2.525695562362671,0.6745599508285522
1982-01-27,-0.1271294802427292,-0.8447010517120361,0.9536522626876832,0.8116218447685242,1.6704020500183103,1.2164736986160278
1999-06-03,1.7269556522369385,-0.3898331820964813,0.999550759792328,-1.539109230041504,-0.9288020730018616,1.27265727519989
1987-04-16,-2.215939283370972,0.7750559449195862,-0.0118614947423338,0.1003555804491043,-0.132499024271965,3.4717087745666504
1990-07-17,0.202362447977066,-0.5934324264526367,-2.401670217514038,-1.174405813217163,0.3500750958919525,-2.9993081092834477
2003-09-11,0.5363641977310181,0.5895560383796692,1.1419219970703125,0.7879279851913452,-0.7729372382164001,0.2755472660064697
1996-04-11,-1.3659651279449463,-1.83966064453125,-0.0961770415306091,-0.1936295330524444,-2.0064585208892822,-0.4298182129859924
1985-10-05,-1.1792690753936768,-1.0901901721954346,-0.4959562718868255,-2.417393207550049,1.3049758672714231,-1.36353600025177
2006-02-08,1.5747820138931274,0.4331851601600647,2.4151222705841064,0.6682183742523193,1.993992567062378,0.7781113386154175
2001-03-23,-0.3309987485408783,2.159018039703369,0.6009294390678406,0.3825083374977112,-0.0363852009177207,-0.2370447814464569
1993-01-28,0.7215389609336853,0.3958418369293213,0.1002157256007194,0.705650806427002,1.1461657285690308,-1.3968044519424438
1991-03-16,0.4435272514820099,1.6521083116531372,0.3200275003910064,0.3347886204719543,0.5135239958763123,1.59101665019989
1998-12-13,-0.3468912243843078,-1.9431554079055784,-1.2056678533554075,0.3010229766368866,-0.3297105133533478,-2.0298006534576416
1988-05-16,-1.2237598896026611,-0.5909568071365356,-0.2075882405042648,-0.7787250876426697,-1.3678251504898071,-0.0874286890029907
1999-01-21,1.0249296426773071,4.242889404296875,0.6593648791313171,0.5893580317497253,1.2526637315750122,-0.8638781309127808
1987-01-12,0.94509756565094,0.2358426749706268,-0.848831832408905,0.2972879111766815,0.2781817615032196,-1.0252267122268677
2003-06-14,-1.6491624116897583,-1.2717053890228271,-3.3455023765563965,1.6475622653961182,-0.2463003098964691,-2.12259292602539
1983-10-24,-1.645314335823059,-0.0559781454503536,-1.8460747003555296,-2.282773971557617,-1.0429309606552124,-1.4714062213897705
1983-03-13,0.9358436465263368,0.7282690405845642,1.238850474357605,0.7452771067619324,0.8421728610992432,0.4807599484920501
1983-07-21,3.2142374515533447,-1.212531328201294,2.708375930786133,2.8609836101531982,0.8867715001106262,3.0742220878601074
1996-05-03,-1.2711888551712036,-3.2801592350006104,0.0122729865834116,-0.7304671406745911,-1.873677134513855,1.1009936332702637
1989-07-18,-0.5223503112792969,0.6214845776557922,1.4175446033477783,0.857881486415863,1.8122532367706297,-2.3130369186401367
1985-01-28,1.8651034832000728,0.5929856300354004,0.3706496655941009,0.3004011511802673,1.0882737636566162,-1.4977985620498655
1988-12-20,-0.3451123237609863,-2.854799032211304,-1.2529194355010986,0.0554243512451648,-0.2476200461387634,0.6592673063278198
1982-03-29,-0.4459463357925415,0.7825666069984436,0.0475222431123256,0.7142327427864075,-0.2813566327095032,-0.4976352751255035
1987-05-12,-1.9810651540756223,2.412674903869629,-0.180965781211853,-0.7433224320411682,-0.3818053305149078,-0.2779753804206848
1992-05-12,-3.2287869453430176,-0.7335750460624695,-1.8054805994033811,-1.2767257690429688,-3.437565326690674,-5.356071472167969
2000-02-27,1.9960875511169436,1.0062384605407717,1.940221905708313,0.672026515007019,1.3047024011611938,0.2295434474945068
1994-06-11,-1.4682620763778689,4.103877544403076,-2.112739324569702,-1.6621465682983398,-2.3019320964813232,-2.8483991622924805
1982-07-09,-0.7446354627609253,-3.368437528610229,-1.8810876607894895,-0.3170002996921539,-0.1911706179380417,-0.3209916055202484
1993-04-03,-3.6480226516723633,3.4265730381011963,0.1585373282432556,-0.0929097309708595,-1.2428301572799685,-1.9011242389678955
1990-08-22,1.1079896688461304,-0.1773970425128936,2.534974336624145,1.285330295562744,0.4716485738754272,1.353229522705078
2004-05-26,-1.07612407207489,-1.1184604167938232,-1.6508387327194214,-1.4977660179138184,-2.637107610702514,0.0085041783750057
2005-04-26,-1.221404790878296,0.9948222041130066,-0.3307489156723022,-0.6535108089447021,-2.542736530303955,4.6631293296813965
2002-04-25,-0.3210125565528869,1.9060708284378047,-1.1819361448287964,-0.8398428559303284,-1.5917205810546875,-1.3078217506408691
2006-05-12,-0.5537770390510559,1.3390358686447144,1.1523971557617188,0.1412883102893829,1.162173628807068,3.492588520050049
2002-09-23,1.5329115390777588,-0.2810358703136444,-0.6927570104598999,-0.4379371106624603,-0.1042875275015831,-0.8123809695243835
1999-01-22,0.8395891189575195,3.929688692092896,0.6473903059959412,0.640937328338623,1.2527484893798828,-0.8281229138374329
1982-05-21,0.4178536832332611,-2.491380453109741,-2.185232639312744,-0.9225227236747742,-2.698929786682129,-0.673189103603363
2003-12-19,0.9853779077529908,-2.722896099090576,-0.2087022066116333,0.4824827909469604,0.4873836934566498,0.1742837727069854
1993-03-11,-0.975327968597412,1.4717693328857422,0.7874583601951599,0.6111341118812561,0.7812456488609314,0.2217471897602081
1983-08-07,3.398165702819824,1.2648048400878906,2.7531754970550537,-0.6769549250602722,0.6930654048919678,2.398634910583496
2000-12-18,1.3954758644104004,-1.8185796737670896,-0.7904245257377625,-0.0608228705823421,1.2006072998046875,-0.0779924690723419
1994-05-05,-0.7112956643104553,-2.995024442672729,-1.4742802381515503,-1.1050540208816528,-2.7738146781921387,-4.263772010803223
1997-08-01,-0.3919850885868072,-0.6560895442962646,0.2313650697469711,-0.3717699646949768,1.122961401939392,-1.7139899730682373
1994-03-06,1.0440301895141602,1.7402753829956057,0.492169052362442,0.6819643974304199,1.061327338218689,-0.6479559540748596
2005-04-20,-0.9607242941856384,0.6695464253425598,-0.1495207399129867,0.5313764810562134,-2.18079686164856,4.359341621398926
1989-11-26,-0.915132999420166,-0.0737505182623863,-1.416311740875244,-0.6574340462684631,-1.4745960235595703,-2.008039951324463
2003-10-06,0.126687079668045,-0.0092896679416298,2.772327423095703,1.7518483400344849,-0.7608702182769775,2.3954555988311768
1998-06-13,0.0677629932761192,-1.404583215713501,0.2360521703958511,-0.3112576007843017,0.8538303971290588,1.1963261365890503
1984-08-02,4.653971195220947,1.0780915021896362,2.627429723739624,0.8371217250823975,2.683146953582764,0.1684009283781051
1998-04-21,-0.6104701161384583,-1.244063377380371,-0.5172536373138428,-0.4096534252166748,-0.3406118154525757,2.4737355709075928
1994-05-31,-1.2521635293960571,-0.4524936974048614,-2.670774221420288,-0.6852368116378784,-3.1569724082946777,-1.5831526517868042
1999-03-15,-0.0357963591814041,2.218777656555176,1.4777159690856934,0.6457706093788147,0.4506688117980957,2.864684820175171
1989-12-12,-0.7401848435401917,-1.5011024475097656,-2.516158103942871,-0.7276520133018494,-1.0322048664093018,-1.1447327136993408
2005-08-07,1.1762750148773191,-0.4011954665184021,2.8374342918396,1.4003121852874756,3.375670909881592,0.7079150080680847
1985-02-19,1.7139575481414795,-0.429677277803421,0.7130097150802612,0.8209980130195618,1.5371055603027344,-0.0109931482002139
1999-08-27,2.1243338584899902,2.18555760383606,3.4226412773132324,0.8154776692390442,2.8224802017211914,2.976104021072388
2007-07-23,0.0449972450733184,1.5551642179489136,0.7861849069595337,2.7451837062835693,3.7678310871124263,5.540846347808838
1984-09-17,-1.2849589586257937,0.466225117444992,0.3965500295162201,-0.4840618371963501,0.9127347469329834,-0.6217657923698425
1984-02-11,0.8230372667312622,2.041194200515747,1.0472180843353271,0.4334688186645508,1.4817699193954468,0.7588663697242737
1996-02-02,0.1263972520828247,-0.3687749803066253,1.135324478149414,0.497852623462677,1.4765549898147583,2.804168939590454
1991-11-26,-1.205141544342041,1.3762617111206057,-0.6663118004798889,-0.5474181771278381,-0.8646107316017151,-0.1580337733030319
1983-11-11,-2.181609869003296,1.5213570594787598,-0.4123616218566894,-1.6730197668075562,-2.128342390060425,-2.527005434036255
2000-07-09,0.3344087600708008,2.6271615028381348,1.225539207458496,1.475372552871704,1.1226568222045898,1.0237581729888916
2002-12-22,1.6808401346206665,-1.6892083883285522,-1.268458604812622,0.6997478008270264,0.6784681081771851,-3.2916131019592285
1985-04-01,0.9395087957382202,-1.7157331705093384,-0.1362756788730621,0.1924424171447754,-0.3915158808231354,-1.353636622428894
1995-12-12,0.4546988308429718,-0.2714081108570099,-0.4588484466075897,-0.7911320924758911,-1.24350905418396,-1.7995381355285645
1999-01-07,0.6611600518226624,4.013745307922363,-0.1486292630434036,0.2829754054546356,0.8760771751403809,-1.3139324188232422
1997-05-15,-2.049557447433472,1.7491916418075562,-2.332902669906616,-1.6664650440216064,-2.9814858436584477,-3.5188658237457275
1987-10-22,-2.2140557765960693,-0.9210695028305054,-0.7562339901924133,-2.15085244178772,-1.8114324808120728,-0.4943068921566009
1997-07-26,-0.7061412334442139,-0.6086727380752563,0.1526804715394973,1.0957942008972168,0.823877215385437,-2.9720451831817627
1983-11-06,-1.7598943710327148,0.720355749130249,-0.4768255054950714,-1.7604405879974363,-1.9552210569381716,-3.229527711868286
1987-05-04,-2.323066473007202,0.3877415359020233,-0.5176805853843689,-0.7523918151855469,-0.5252305865287781,0.0982527360320091
2003-10-04,-0.2496437728404998,-0.5129923224449158,2.945559024810791,0.7338339686393738,-0.759660005569458,0.4800935983657837
2000-08-03,1.4705843925476074,-1.07780921459198,3.357099771499634,3.3218863010406494,4.131986618041992,0.9669011831283568
2007-04-05,-0.7306689023971558,-1.7415533065795898,-0.5751549005508423,0.2798018753528595,-1.412717342376709,0.4530145227909088
2005-04-08,-0.6378111243247986,-1.4135581254959106,1.4791443347930908,-0.381695419549942,-1.2706854343414309,3.45269775390625
1988-02-25,0.1231223493814468,-1.0025955438613892,1.4121267795562744,0.6776353716850281,1.455104112625122,3.4184749126434326
1984-10-19,-1.1841294765472412,-0.2910832166671753,-3.6079506874084473,-1.9015763998031616,-2.9497578144073486,-2.1468350887298584
2007-04-07,-1.0408554077148438,-3.1384880542755127,-0.5472109317779541,0.0595272742211818,-1.456434965133667,0.7039958238601685
1985-04-12,0.3391495048999786,-0.9385064244270324,-0.5972292423248291,-0.0004702833830378,-1.026442289352417,-4.116011619567871
1986-11-08,-1.2167176008224487,-2.3826053142547607,-2.682839870452881,-1.494979977607727,-2.462437152862549,-0.7320256233215332
2005-06-09,-0.7433735132217407,-3.865942001342773,-1.21027934551239,-0.5887953639030457,-0.9811779260635376,-0.4436965584754944
1993-07-16,0.6823734641075134,-1.3234434127807615,0.1983359307050705,0.3255942165851593,1.0600665807724,-3.819315433502197
1998-11-15,-1.7821606397628784,-2.726016044616699,-0.5707391500473022,-0.6247153878211975,-1.0518136024475098,-1.733884334564209
1984-05-27,-0.5439104437828064,-2.5305449962615967,-0.0622240826487541,-2.0324742794036865,-1.6312421560287476,3.33984899520874
1986-12-14,0.3246939480304718,-0.5814056992530823,-1.738847255706787,-0.1511174440383911,-1.103524923324585,-4.469521045684815
2004-12-13,0.2095116227865219,-0.0564574003219604,0.4653387665748596,0.0718787610530853,0.5791440010070801,1.278845191001892
1986-03-18,1.2641913890838623,-1.531222224235535,0.4377073645591736,0.9157596230506896,0.4406895637512207,-0.5353396534919739
2006-07-23,3.474989891052246,1.5951727628707886,1.7561861276626587,2.55518126487732,4.267830848693848,3.180830478668213
2005-03-20,-0.7856313586235046,-0.9118781685829164,1.361556887626648,0.3263291418552398,-0.1328029185533523,0.479939192533493
1994-05-10,-0.9510663747787476,2.332688331604004,-2.140987634658813,-1.583318829536438,-3.621795654296875,-3.84798264503479
1985-12-25,-0.0769307240843772,1.2768092155456543,-1.3776915073394775,-0.1022126153111457,0.3163625597953796,-3.3124921321868896
2003-04-14,-0.5105336308479309,-0.1541564464569091,-0.9740182757377625,-0.3183336853981018,-2.1642699241638184,3.908675193786621
1983-01-22,1.3425846099853516,1.5356762409210205,0.5346295237541199,0.1296322792768478,0.807931125164032,0.6522316336631775
1983-05-16,-0.3933635652065277,0.6376540660858154,0.7411419153213501,-2.0438451766967773,-1.6308231353759766,1.263996720314026
1997-04-17,-1.1896101236343384,-3.2271933555603027,-1.1824437379837036,-0.4396435022354126,-2.261403560638428,-0.9387317895889282
2007-06-21,-0.6930863261222839,0.7989692091941833,-0.9447546005249025,-1.0719975233078003,-0.631492555141449,-0.5338146090507507
1982-01-09,1.1827478408813477,-0.5320602655410767,0.3159530758857727,0.285906583070755,1.935555338859558,2.3839221000671387
1988-02-22,-0.0188941415399312,-1.4348163604736328,1.3525177240371704,0.7288509011268616,1.5079632997512815,2.6702492237091064
1984-03-12,1.0458595752716064,0.9282507300376892,1.74882972240448,0.4852673411369324,0.8421728610992432,2.620774507522583
1986-07-19,0.1576728969812393,-1.858495831489563,-0.942471206188202,1.3078937530517578,1.31225323677063,-1.5030392408370972
1992-01-28,-0.2159228771924972,-0.5150018334388733,0.1713744401931762,0.2084748893976211,1.1384782791137695,1.7033231258392334
1991-04-13,-0.2859784960746765,0.3903197944164276,-1.0361794233322144,-0.4736283123493194,-1.7064708471298218,-2.5298242568969727
1991-11-28,-1.0189675092697144,0.8302595019340515,-0.8668412566184998,-1.20976984500885,-1.302096605300903,0.8128451704978943
1990-07-03,-0.5688543915748596,-0.1413217037916183,-0.9668979048728944,-0.8411926031112671,2.1660163402557373,-1.7425622940063477
1997-02-20,1.08012592792511,1.2439783811569214,1.751274585723877,0.5928053855895996,1.4929732084274292,0.6377877593040466
1996-11-15,-1.9421643018722532,-0.1760283261537552,-0.6207574605941772,-1.1046959161758425,-0.0218147989362478,-0.1538672000169754
1987-08-11,3.4859437942504883,2.364819288253784,2.263228178024292,0.7566900849342346,2.563707113265991,2.7130379676818848
1982-08-12,0.1959353536367416,1.2448241710662842,1.4432207345962524,2.356696128845215,-0.806318461894989,2.5330452919006348
1987-11-30,-1.570887565612793,-0.9776843190193176,-1.3669270277023315,-0.9009860754013062,-1.8116012811660769,1.578561782836914
2007-04-25,-2.0958027839660645,-5.764205932617188,-1.6507421731948853,-0.3314286172389984,-2.296797513961792,-0.8569126129150391
2000-01-31,2.6364614963531494,1.4266624450683594,1.6662317514419556,0.7752519845962524,1.5215849876403809,1.220510959625244
1989-09-20,-0.3384504020214081,-0.6243839263916016,-0.5483994483947754,-2.696652412414551,-2.1084189414978027,-0.2790721952915191
2006-04-04,-0.2475182116031646,-1.319671392440796,0.7432156801223755,0.1588055938482284,-0.3432953953742981,0.8806985020637512
1999-04-30,-0.1350807100534439,0.7207684516906738,-0.6742396354675293,-0.0889988914132118,-3.086989164352417,0.960683047771454
1998-07-22,0.6868936419487,0.4637786448001861,1.2576463222503662,1.7985901832580566,2.0943939685821533,1.466341257095337
1995-06-20,0.3336845338344574,1.4294548034667969,-2.5211336612701416,-0.7404935359954834,-0.070559024810791,-3.8465089797973633
1987-07-05,2.0207269191741943,0.2106674313545227,0.6127292513847351,-0.978571116924286,0.3988166153430938,-1.2282716035842896
1999-02-09,1.0791603326797483,3.900552749633789,1.1645888090133667,0.9242720007896424,1.5425519943237305,6.05640172958374
2006-10-31,-0.4398870766162872,-2.329662561416626,0.673168420791626,-0.1604344546794891,-0.5652063488960266,-1.049504637718201
1996-07-04,-1.61719012260437,-5.252885818481445,-0.6644203662872314,-2.011502265930176,0.4401935040950775,0.9924861788749696
2002-11-10,-0.1252582520246505,0.7347040176391602,-3.421910285949707,-0.7456701397895813,-1.4063671827316284,-3.389656782150269
1995-06-14,0.2477861791849136,3.215411901473999,-0.7839368581771851,-1.7412502765655518,0.4738254845142364,-2.6336910724639893
2006-01-17,1.691403865814209,2.5358896255493164,2.3679447174072266,0.7736982703208923,1.7852410078048706,0.7312778234481812
1996-06-11,0.5366252660751343,-1.0659542083740234,-0.9002512097358704,-1.2487990856170654,-0.1211620718240737,-0.7236953377723694
1992-10-16,-2.5986673831939697,-2.542600154876709,-3.0321590900421143,-1.8272384405136108,-2.443321704864502,-3.00553822517395
2002-03-01,1.1876139640808103,-0.2254019230604171,1.3562626838684082,0.8465309739112854,1.2794536352157593,1.3524528741836548
2007-10-04,0.6528721451759338,-0.0816802382469177,0.673037588596344,-1.5575562715530396,-0.2110953480005264,2.397148847579956
2004-05-29,-1.7100971937179563,-0.7244606018066406,-1.5207819938659668,-1.4238560199737549,-2.0559840202331543,0.1008619591593742
1984-11-06,0.3405464589595794,0.6554780602455139,-2.129795551300049,-2.195634365081787,-1.0947829484939575,-3.1043875217437744
1994-10-22,-1.2755597829818726,0.4999958276748657,-3.1944828033447266,-1.0040851831436155,-2.333299160003662,-1.2874994277954102
1989-12-22,-1.0846294164657593,-0.812892496585846,-2.268699884414673,-0.5175172090530396,-0.1226016506552696,-2.295717477798462
1983-11-17,-1.124419093132019,1.3836830854415894,-0.2525366544723511,-1.560563564300537,-1.989243745803833,-1.6977249383926392
1990-03-29,-0.5802733302116394,0.8759020566940308,0.0646014064550399,0.1050795689225196,-0.3273985683917999,-0.9929202795028688
2003-09-02,0.8832820057868958,0.6976162791252136,3.6297359466552734,1.255143165588379,0.3701944053173065,1.5911262035369873
1990-08-25,3.3034451007843018,3.2682783603668213,2.1620402336120605,1.135047435760498,-0.0094357635825872,0.0728229284286499
1985-05-09,-0.903411328792572,-3.866405725479126,-2.5902886390686035,-1.28537118434906,-1.715698003768921,-2.525421619415283
1986-05-18,0.3004485368728637,3.2791905403137207,-1.5929124355316162,-0.5964882373809814,0.688497006893158,-0.3788816928863525
1996-10-26,-1.7527583837509155,-1.1881842613220217,-1.536529541015625,-1.5825847387313845,-0.9597461819648744,-2.723563432693481
1993-10-10,-2.531869411468506,3.258737802505493,-0.1938750743865966,-1.3371676206588743,-2.7955353260040283,-3.6343157291412354
2007-05-06,-1.4179643392562866,-3.039863348007202,-1.7399117946624756,-1.3670258522033691,-1.6393886804580688,0.2901979684829712
1993-07-02,3.59114933013916,-0.6713204979896545,-2.436899185180664,-1.241186499595642,-1.3039849996566772,-4.032570838928223
1984-09-11,-0.9015000462532043,1.2126399278640747,1.0188699960708618,0.2435082644224167,0.5341217517852783,0.1477194726467132
2004-07-09,-1.2863852977752686,-1.902935266494751,-0.5128973126411438,0.8839513063430786,1.2237192392349243,-2.0247228145599365
1986-09-27,-1.9270799160003664,-4.701049327850342,0.2872539758682251,1.1020714044570925,-2.944283962249756,0.5876129269599915
1988-08-01,0.943979561328888,1.6280792951583862,2.307422399520874,1.3371217250823977,3.8531298637390137,2.798405885696411
1990-05-13,-1.1787992715835571,-0.5935909152030945,-2.775481939315796,-1.1767501831054688,-2.857548236846924,-2.086082220077514
1998-04-15,-0.4105275273323059,-3.174145460128784,-0.2240182757377624,-0.5083361268043518,-1.6542601585388184,1.3986958265304563
1989-10-08,-2.267110824584961,-0.0316924415528774,-0.956967294216156,-1.8475342988967896,-3.321080684661865,-1.4828253984451294
2004-08-08,1.2782233953475952,0.3441121578216553,4.5137481689453125,4.424914360046387,2.060290813446045,-0.2158325165510177
1982-08-09,0.0445375442504882,0.7908992767333984,1.1430439949035645,1.851643681526184,-1.106519103050232,2.426453828811645
1997-11-13,-0.9244374632835388,1.3936928510665894,-0.0225256662815809,-0.9005904793739319,-0.839249849319458,-0.5077224969863892
1989-05-24,-0.1382440328598022,3.002917051315308,-0.4241827726364136,-1.4449347257614136,-2.6559998989105225,-0.830840528011322
2004-05-12,-0.8137562870979309,-0.6109763383865356,-1.4575881958007812,-0.5187153220176697,-2.6078155040740967,-0.0974079370498657
1993-01-27,0.7540783286094666,0.4549993872642517,0.5713683366775513,0.82846999168396,1.0984697341918943,-1.5566866397857666
1993-02-26,0.0699714794754982,1.586926817893982,1.141673922538757,0.56732177734375,1.3786687850952148,-1.3564714193344116
1993-07-18,-0.5857809782028198,-1.662513017654419,0.1383686512708664,0.820975124835968,-1.3932273387908936,-2.2757534980773926
1986-12-25,0.4230692684650421,-0.3031773567199707,-1.3476927280426023,-0.1422211676836013,-1.2736337184906006,-3.3324811458587646
1986-06-05,-0.5355690121650696,-0.8081600666046143,-2.3706555366516118,-0.6108193397521973,-1.131945252418518,-0.9112609624862672
1996-09-07,0.4481326341629028,-0.0331577844917774,1.5886019468307495,-0.7601377964019775,2.2144017219543457,3.699472188949585
1982-02-06,0.0547874271869659,0.1145004555583,1.2124003171920776,0.8494892120361328,1.6489137411117554,0.1265640705823898
2001-10-27,-0.681522786617279,1.9737775325775144,0.1734818071126938,-0.7284632325172424,0.2221233695745468,0.2963448166847229
2001-07-25,0.7038624286651611,0.6613467931747437,-0.3073109686374664,0.4458003044128418,1.733880877494812,0.1279609650373459
1991-03-24,-0.2456533312797546,1.5781121253967283,0.0715788900852203,0.2063340246677398,-0.0328273363411426,1.9899489879608157
2005-11-10,-0.3600351810455322,1.3540019989013672,-0.4175265431404114,-0.6782463788986206,0.4371456503868103,-1.768933653831482
1997-11-10,-1.540024757385254,1.5857491493225098,-0.2356217056512832,-0.8529058694839478,-0.2397379726171493,-0.7998603582382202
2006-03-01,0.7081217169761658,-0.1321249455213546,2.170471668243408,0.8193612694740295,1.2059351205825806,0.9638144969940186
2003-08-05,2.020090818405152,3.5308823585510254,2.6110546588897705,3.142364740371704,2.1876089572906494,4.227317333221436
2002-12-13,1.1465694904327393,-1.0145963430404663,-1.9098657369613647,0.2166041433811187,-0.3546523749828338,-2.305320501327514
2007-07-17,-0.6687237024307251,-0.1073151528835296,0.1549750417470932,1.86958122253418,2.162712335586548,-0.2881214618682861
1994-07-30,4.919218063354492,4.357048988342285,4.753382205963135,1.1629279851913452,5.107058525085449,4.366493701934815
1994-09-06,-1.707617998123169,1.4594570398330688,0.884705662727356,0.0355227887630462,-0.1176611483097076,1.6473441123962402
1990-09-06,1.497000813484192,1.847841024398804,3.5111119747161865,0.6548439860343933,0.9200168251991272,-1.2765096426010132
1983-11-26,-0.5511025190353394,-0.3075344562530517,-0.6550983190536499,-0.9350749850273132,-1.368836760520935,-1.3780828714370728
1998-10-28,-2.311497211456299,1.0337750911712646,-1.41651451587677,-0.5584498047828674,-1.197890043258667,-0.7436637282371521
1983-07-05,4.431145668029785,-1.6713204383850098,1.393087387084961,0.6288086175918579,0.6560064554214478,4.477438926696777
1999-02-19,0.8911095261573792,2.045164108276367,1.7025238275527954,1.0488582849502563,1.5079632997512815,5.840262413024902
1987-08-02,3.313974618911743,0.6780976057052612,3.107440710067749,2.207116842269897,2.4831347465515137,1.5384265184402466
1993-10-15,-2.65208101272583,2.346810340881348,-0.6448443531990051,-1.2722440958023071,-3.67557692527771,-0.5431719422340393
1991-01-02,1.3631582260131836,5.968275547027588,0.2095477283000946,0.6267918348312378,0.2539425492286682,-0.8953271508216858
2004-07-13,-0.7276301980018616,-2.6034421920776367,0.4383261501789093,2.045595407485962,0.2900775372982025,-1.0193275213241575
1985-05-06,-0.5211887955665588,-2.8401567935943604,-3.087733030319214,-0.7704451680183411,-2.0236709117889404,-3.1590161323547363
1987-10-28,-1.927114963531494,-1.2081000804901123,-1.6646921634674072,-1.8238946199417116,-1.3243839740753174,-2.072197198867798
2005-06-12,-0.3659526705741882,-3.673339366912842,-1.1500244140625,0.6729915738105774,-0.3018778562545776,-0.8882802724838257
2005-03-06,-0.7946204543113708,1.8133389949798584,2.0680062770843506,0.6884325742721558,0.9006615877151489,0.4383096098899841
1986-01-17,0.4340932071208954,-1.5860730409622192,-0.2454562187194824,0.1952016204595565,0.455227792263031,0.0554787330329418
1996-08-20,0.9680055379867554,1.9425981044769287,1.9249584674835205,0.7653412818908691,2.6116631031036377,2.263233184814453
2007-03-16,0.566556453704834,4.270729064941406,0.8078405857086182,0.7430509328842163,0.3283541798591614,1.2069624662399292
1999-04-16,0.1654762476682663,2.954811811447144,1.1625455617904663,-0.4136576652526855,-1.927193522453308,1.740518569946289
1986-02-09,1.022574543952942,-1.335505127906799,1.2503836154937744,0.6165832281112671,1.4724130630493164,0.313065618276596
1996-07-02,0.2307183593511581,-5.029322624206543,-0.7372768521308899,-1.928552865982056,-1.1211724281311035,0.3117369711399078
1991-05-24,-0.5282281637191772,-0.3670780956745147,-2.594196081161499,-1.7049444913864136,-2.6260011196136475,-2.860839366912842
1993-10-01,-1.212214469909668,2.6774001121521,-0.1642969995737075,-1.2575334310531616,-1.3763281106948853,-0.0662066712975502
1992-09-29,-2.569589853286743,1.239720582962036,-0.334987610578537,-1.3744100332260132,-0.0101150106638669,-0.6736326217651367
2002-02-08,1.6291481256484983,-0.7194423675537109,1.2645949125289917,0.9342817664146424,1.6425275802612305,-0.1036019548773765
2004-06-02,-0.670323371887207,-2.221360683441162,-2.1300950050354004,-1.2772514820098877,-3.0548417568206787,-2.9434399604797363
1985-10-10,-0.8633031249046326,-0.9492921233177184,-1.0476800203323364,-2.0981578826904297,0.6091554164886475,-2.5045382976531982
1998-06-06,-1.6441892385482788,-4.173891067504883,-1.198786973953247,-0.6330667734146118,-0.3543867468833923,0.7945067882537842
1997-06-14,-1.075944185256958,2.046661853790283,-2.8900146484375,-1.0870182514190674,-1.4818705320358276,-2.688298463821411
1982-02-21,0.728010892868042,-1.326640009880066,1.338383674621582,0.9079480171203612,1.550021767616272,0.4508638083934784
2006-03-05,0.4632786810398102,0.1170504242181778,1.844927668571472,0.7906027436256409,0.9766835570335388,1.0343658924102783
1999-02-21,0.8774756789207458,1.641399383544922,1.707811713218689,0.9357293844223022,1.4753516912460327,5.363852024078369
2006-10-02,-0.3008433580398559,0.94681978225708,1.2598974704742432,-0.3140330910682678,0.1834672391414642,1.4642802476882937
1981-12-31,0.143937274813652,-0.1898124665021896,0.5389314889907837,0.3026048541069031,1.6103118658065796,-0.6435624957084656
2005-02-17,-0.0188941415399312,3.895170211791992,1.9725128412246704,0.6688533425331116,1.5079632997512815,1.660269856452942
1981-12-02,-0.7028654217720032,-1.7556719779968262,-0.3269404768943786,0.3177514672279358,-0.5816773176193237,0.7243843078613281
1985-07-01,-1.2119430303573608,-2.412752389907837,-2.8889172077178955,-1.7655202150344849,0.488749086856842,-3.4413602352142334
1982-06-25,-2.0361151695251465,-1.821934700012207,-2.9545886516571045,0.1928575783967971,0.0159013494849205,-1.361095666885376
1989-04-11,-0.950828492641449,1.7915045022964478,-0.3772280216217041,-0.2604800462722778,-1.806441068649292,-0.7060078382492065
1984-01-23,0.971402645111084,0.4558724462985992,0.6879215240478516,-0.0262895505875349,0.7952508330345154,-0.078719712793827
1986-05-14,-0.7387968301773071,3.2264163494110107,-1.2454830408096311,-0.556724488735199,-0.2075544148683548,0.1939164698123932
1998-09-21,0.4903564155101776,-1.8884884119033811,-2.2299013137817383,2.018632173538208,0.5740230083465576,-0.362050861120224
1984-04-12,-0.2708358466625213,-2.048491716384888,1.002776861190796,-0.3704653978347778,-1.286421537399292,-0.3860005140304565
1999-03-11,0.261818379163742,2.613913059234619,1.8338924646377563,0.585995614528656,0.7178980112075806,2.421283721923828
1988-07-13,1.3736183643341064,1.567065954208374,1.8170892000198364,0.4139500856399536,0.7537484765052795,2.025264978408813
1985-01-13,1.7253084182739258,2.02543568611145,0.4388885796070099,-0.0216555576771497,0.7460135221481323,-1.457208514213562
2002-11-16,0.3813307881355285,2.615377426147461,-2.6668856143951416,-0.8482055068016052,-1.004475235939026,-2.298286199569702
1984-08-25,2.6999588012695312,0.9249752163887024,1.8774765729904173,1.9874752759933472,2.0016276836395264,2.058168172836304
1992-12-07,-0.1535531431436538,-0.6027953028678894,-1.599395751953125,-1.0962581634521484,-1.0876802206039429,-0.6173402667045593
2006-06-30,0.4007012844085693,1.3206833600997925,3.062711000442505,0.8714349865913391,1.9288153648376465,2.1417236328125
1989-12-11,-0.9254729747772216,-1.2410706281661987,-1.573901891708374,-0.9544230103492736,-1.181977152824402,-1.2301474809646606
1987-08-16,3.2938132286071777,-1.5917973518371582,1.4754059314727783,1.034583568572998,3.9999403953552246,0.1411072909832
1998-01-18,0.0525760911405086,1.0756847858428955,-0.0053790179081261,0.1396420449018478,1.1279383897781372,0.6422218680381775
2005-08-29,0.0521823950111866,3.665432929992676,2.898967742919922,0.6420999765396118,3.855841636657715,2.282942771911621
2007-01-10,3.252173662185669,2.6217174530029297,0.4998193979263305,1.308283805847168,3.1650876998901367,0.8660539984703064
1989-10-20,-2.2218120098114014,-3.465315103530884,-2.294956684112549,-1.6483763456344604,-3.9987480640411377,-0.9462094902992249
1981-09-07,1.183269739151001,-0.9423678517341614,0.949712872505188,2.365159034729004,0.5501870512962341,3.4311530590057373
1998-10-18,-2.381785154342652,-2.775312662124634,-1.2449382543563845,-0.6883848905563354,-1.6987602710723877,-0.2361874878406524
1990-10-17,0.3513448536396026,2.487398624420166,1.7878178358078003,-0.4072250425815582,0.506659984588623,-1.1455529928207395
1988-09-30,-1.9395848512649536,-1.880274534225464,0.1350135952234268,-0.504384458065033,-3.910108804702759,-0.5536375045776367
1998-07-29,-0.2807635962963104,1.457054853439331,2.0833992958068848,2.5729315280914307,1.1570465564727783,1.526497483253479
1986-03-17,1.2435455322265625,-1.4278782606124878,0.4800311625003814,0.9247849583625792,0.5135239958763123,0.1710032224655151
1992-11-15,-1.76847505569458,0.513664960861206,-2.276922702789306,-1.832732915878296,-2.9455294609069824,-3.856016635894776
1989-10-15,-2.004382610321045,-1.332794427871704,-2.405909538269043,-1.4866105318069458,-3.766448974609375,-0.8596946001052856
1986-08-27,0.1086291372776031,-0.0070355325005948,0.7788452506065369,2.7836318016052246,-0.607872486114502,0.2689614295959472
2004-10-24,-1.8927425146102903,-0.9582037925720216,0.0934752896428108,0.0374409109354019,-0.3497302830219269,3.986428022384644
1996-06-10,-0.418274313211441,-1.1561322212219238,-2.932716131210327,-1.2921514511108398,-0.0419222526252269,-0.8083905577659607
2005-12-14,0.4619028270244598,1.8612308502197263,1.659929275512695,0.6267791986465454,1.4915974140167236,-0.007339752279222
1984-10-17,-1.03208589553833,-0.2331762164831161,-2.2648394107818604,-1.742245316505432,-3.05558180809021,-2.8731889724731445
1992-10-31,-2.457070589065552,-1.831515073776245,-3.1519055366516118,-1.8824965953826904,-1.562854528427124,0.4396210610866546
1990-11-02,-0.6287305951118469,1.30181884765625,-0.1479184031486511,-1.2388821840286257,-2.7742927074432373,-0.8575240969657898
1996-09-01,-1.3191109895706177,0.0714213103055954,1.9836652278900144,1.3087815046310425,2.4380993843078613,2.240878105163574
2006-04-26,-0.4714047610759735,-0.3951924443244934,-0.1907342672348022,-0.4534986019134521,-0.9027218222618104,2.003125667572021
1997-04-03,-0.5058963298797607,-2.550779104232788,0.007492653094232,0.2711993753910064,-0.9053141474723816,0.5262437462806702
1998-12-23,0.3008353114128113,-2.039214611053467,-0.8084671497344971,0.6997478008270264,0.4984754621982574,-1.6316094398498535
1997-12-18,0.1149096563458442,-2.0948197841644287,-1.5829365253448486,0.0154463239014148,-0.1676334738731384,-1.7507058382034302
1996-01-14,-0.8312601447105408,-0.3316687643527984,-0.0270145591348409,0.5271197557449341,0.9162981510162354,-0.6287411451339722
1992-11-25,-1.185122013092041,-0.1237383112311363,-2.576315402984619,-1.717431664466858,-2.1246204376220703,-2.858046054840088
1982-03-11,-0.4967432916164398,0.7670443058013916,0.5849484205245972,0.9006186127662659,0.9566945433616638,-0.3756377696990967
1984-09-01,1.8498691320419312,1.407672882080078,2.0463130474090576,-0.3582229018211365,2.769027709960937,1.6815741062164309
2003-04-10,-1.0759871006011963,0.500335693359375,-0.2361916899681091,-0.3336441814899444,-1.7064708471298218,1.2901830673217771
1995-12-11,0.3798102438449859,-0.0210914276540279,-0.1961507499217987,-0.6676544547080994,-1.4521877765655518,0.0352599658071994
1982-05-25,-0.0606032237410545,-2.125547409057617,-1.685599446296692,-0.8062655329704285,-0.8729385733604431,-2.126622676849365
1995-04-25,-0.5740290880203247,0.0143750123679637,-0.3881251811981201,3.911818742752075,-2.0242950916290283,0.4876366555690765
1999-09-09,2.410489082336426,0.4098026752471924,2.491323471069336,-0.4518443346023559,3.406259059906006,1.3474713563919067
2006-10-16,0.0981952399015426,-2.265302896499634,0.995051920413971,0.4116212427616119,0.5012519955635071,2.773791790008545
2003-11-07,-0.3182284235954284,1.3990658521652222,-1.0108824968338013,-0.2565694451332092,-1.265764236450195,-1.6185277700424194
2006-12-30,2.7730906009674072,-0.2641465663909912,0.7193215489387512,0.8338757753372192,2.6001763343811035,1.5600274801254272
2002-12-18,1.5254502296447754,-1.1785650253295898,-1.3504220247268677,0.3591600358486175,0.3006134629249573,-1.7880144119262695
1997-03-04,0.5269076824188232,0.029783384874463,0.9524163603782654,0.7011606097221375,1.1098963022232056,-0.476324200630188
2000-11-29,0.06297018378973,-0.2317332774400711,0.2130617201328277,-0.3050204515457153,0.1563374400138855,-1.2436879873275757
1993-07-12,2.653617143630981,-0.7929193377494812,0.9670831561088562,2.173959970474243,1.8037363290786743,-0.3147313892841339
2001-09-01,-0.3687776029109955,-0.961185097694397,1.1805838346481323,2.516476631164551,0.3228826522827148,0.2302634865045547
2001-11-24,-1.4170712232589722,0.4782423377037048,0.2933506369590759,-0.6085822582244873,-0.8331175446510315,1.6573317050933838
1998-04-07,-0.4006823003292084,-0.2415533363819122,0.7248328924179077,-0.1901993453502655,-0.1527075171470642,0.4730340540409088
1990-11-23,-0.9689509868621826,-0.6192513704299927,-1.66412615776062,-0.6338304877281189,-1.8714476823806765,-2.0627455711364746
2007-06-25,-1.5278329849243164,0.5082449913024902,-2.3740828037261963,0.2941282987594604,1.1032719612121582,0.1569767594337463
1982-07-27,1.6715232133865356,-0.3035855293273926,0.5886752009391785,0.6965969204902649,0.9030911922454834,1.7600404024124146
1997-06-26,2.0671370029449463,-0.6200787425041199,-2.6181957721710205,-2.055660963058472,-0.5604556202888489,-1.4640538692474363
1986-12-21,0.4549059867858886,0.995207130908966,-1.2129414081573486,-0.5145524740219116,-1.4376225471496582,-3.77072548866272
1992-06-20,-1.3062995672225952,-2.140552520751953,-0.0211336463689804,-2.9105069637298584,1.459439754486084,-0.4465150833129883
1983-04-05,-0.2915515303611755,-0.1972411721944809,0.7977181673049927,-0.0678425282239914,-0.2522107064723968,0.6102163791656494
1992-06-23,-1.024968504905701,-2.056790828704834,-0.9150967597961426,-0.019801553338766,1.8114292621612549,0.3273118138313293
2001-08-07,1.7559329271316528,0.4648253917694092,0.8932330012321472,-0.1532830744981765,4.023698806762695,0.3430429399013519
1988-02-10,-0.8769444227218628,-1.798832654953003,1.137214422225952,0.6034517288208008,1.4817699193954468,0.298874944448471
2000-08-21,2.759956359863281,2.2549617290496826,4.427464485168457,2.4774656295776367,2.351633787155152,4.008180618286133
1991-07-12,-1.3455839157104492,-0.3128409087657928,-3.044449806213379,-1.264617681503296,-0.0273675974458456,-5.066237926483154
2000-10-16,-0.4884758591651916,-0.348638504743576,-0.0321900695562362,-0.8552872538566589,-2.504891872406006,-0.607033371925354
1982-09-30,-1.4612590074539185,0.6468938589096069,-0.4578549563884735,-2.157897472381592,-1.88620126247406,0.5942767262458801
1997-12-15,0.1995018571615219,-1.4564512968063354,-1.8046808242797847,-0.4781395494937897,-0.4508547782897949,-2.2611632347106934
2001-06-03,-0.980351448059082,-3.361344814300537,-1.740110993385315,-0.4372551143169403,0.2951337099075317,2.7065539360046387
1997-07-01,4.051140785217285,-2.86132287979126,-1.096902847290039,-1.071173071861267,3.2660224437713623,-1.7325525283813477
1987-04-28,-2.737086296081543,1.2356120347976685,-0.3043982684612274,-0.5687529444694519,-0.3775302469730377,3.1903557777404785
2003-05-14,-1.1195648908615112,-1.3208156824111938,-2.602922201156616,-1.0364601612091064,-4.261484622955322,-1.3288938999176023
1999-01-19,0.891385555267334,4.765870094299316,0.5379276275634766,0.5037092566490173,1.1552361249923706,-1.0187221765518188
2003-05-08,-1.4210675954818726,2.712662696838379,-1.780971884727478,1.156671404838562,-2.40179443359375,-0.5179656147956848
1982-02-17,0.2817983627319336,-0.3670294284820556,1.3238050937652588,0.8540875911712646,1.5724517107009888,1.2048978805541992
1993-08-05,0.2005648612976074,2.7621870040893555,3.167097330093384,1.3218863010406494,2.691984176635742,0.1768926233053207
1990-01-12,-0.4446745216846466,-0.0345618166029453,-1.1311187744140625,0.07835054397583,0.0460318438708782,-1.617212176322937
2007-02-28,1.7076334953308103,-0.3054190278053283,1.3462529182434082,0.7165260910987854,1.2094463109970093,0.47244793176651
2006-04-28,-0.5050758123397827,-0.9392352104187012,-0.4642481505870819,-0.2989903390407562,-0.1669758558273315,1.360707402229309
1983-03-04,1.0716350078582764,0.883743941783905,1.9211465120315552,0.6178817749023438,1.278861165046692,0.3553265929222107
2000-11-21,-0.0110939797013998,0.2024753242731094,0.3048931658267975,-0.4450542628765106,-0.3888257443904876,2.4919121265411377
1985-09-27,-2.017076253890991,-1.0010371208190918,-0.7627643346786499,-0.2779334485530853,0.7157198190689087,-0.7523834109306335
2002-02-13,2.1408708095550537,-1.1398636102676392,1.385719895362854,0.9140451550483704,1.5832945108413696,0.3310283720493316
2007-04-11,-1.1059232950210571,-3.7749319076538086,-0.5818383097648621,-0.1396346539258957,-1.6425087451934814,-1.758302092552185
1993-07-26,-0.6950235366821289,-2.524822235107422,-2.0037930011749268,-0.9547979235649108,-0.3121861219406128,-0.4891524612903595
2003-04-20,-1.4104883670806885,-0.3840779662132263,-1.7672536373138428,-0.1596534252166748,-2.000615358352661,5.483745098114014
2007-01-17,2.831387996673584,1.6958626508712769,1.0279483795166016,1.0536969900131226,2.635247230529785,1.0713046789169312
1991-08-08,0.8900858759880066,0.6508774161338806,-2.6289660930633545,-0.1876218467950821,0.8576222658157349,-2.8226704597473145
1987-10-26,-1.8831974267959597,-1.1156271696090698,-1.3972243070602417,-1.9350584745407104,-1.8808499574661253,-2.2167415618896484
1990-01-29,0.3615535795688629,-1.4941728115081787,-0.0798074677586555,0.4156727492809295,1.1261767148971558,-1.7867885828018188
1995-04-09,-1.2751299142837524,-0.934480369091034,-0.7653250098228455,0.030020197853446,-0.893761157989502,1.4941352605819702
1984-09-19,-0.979878842830658,-0.0017249522497877,-0.2002070248126983,-0.2222424745559692,0.347630113363266,-0.543307900428772
1984-11-28,0.5329409837722778,2.7582411766052246,-3.3166346549987797,-0.9186103343963624,-1.6231260299682615,-2.542680501937866
1998-05-30,-0.5421721339225769,-0.4625034630298614,-1.390775442123413,-0.4152172803878784,-0.4469504654407501,0.516853392124176
1991-09-23,-1.159637451171875,-0.4484860301017761,-1.9499025344848635,-1.3813616037368774,-2.6759769916534424,-2.092031240463257
1995-04-20,-0.582978367805481,0.8761292099952698,-0.6669437289237976,-0.4034497439861297,-1.5536495447158811,-0.1004325151443481
1983-10-05,-2.096425771713257,-0.2869956493377685,0.3439289629459381,-2.1528570652008057,-1.5065958499908447,0.2944883704185486
1981-09-14,0.8841542601585388,-1.9616329669952397,0.7959951162338257,1.7637853622436523,1.150802493095398,1.268695592880249
1992-06-24,-1.3530900478363037,-2.131053924560547,-0.9347448348999025,-0.3319767415523529,1.8184890747070312,-0.6238414645195007
1987-03-15,-0.752643346786499,-0.8953129053115845,0.448136568069458,0.6298879981040955,0.6521487832069397,1.4593167304992676
1990-08-17,1.702398419380188,0.1011095643043518,3.0972495079040527,2.1826651096343994,0.8529070019721985,1.8760523796081543
1986-01-03,1.0831594467163086,0.0582719445228576,-1.020463228225708,0.136801615357399,0.0439511016011238,-1.365328311920166
1999-02-10,1.1347795724868774,3.543200969696045,1.1351234912872314,0.8682000637054443,1.543980360031128,5.888096809387207
2004-05-07,-2.231065034866333,0.1126870065927505,-0.860988974571228,-1.123327374458313,-1.5718077421188354,-0.0579741522669792
1985-10-23,-0.7253009080886841,-3.1759731769561768,-1.9860588312149048,-2.442777633666992,-1.7229236364364624,-2.481385469436645
1985-04-09,0.2824805676937103,-0.2096860408782959,-0.6267794370651245,0.1688153594732284,-0.9332917332649232,-0.3792807459831238
1988-03-04,0.0876384004950523,0.2545785307884216,1.3962407112121582,0.5965309739112854,1.1994670629501345,3.77246618270874
1991-11-24,-1.1010903120040894,1.7924716472625732,-0.9250873327255248,-0.5350505709648132,-0.8188184499740601,-1.2180792093276978
1988-10-05,-2.750739097595215,-1.3722729682922363,-0.1639539748430252,-0.4411059319972992,-3.701686382293701,-0.5702604055404663
2000-04-13,0.0423481091856956,5.035941123962402,0.9578555226325988,-0.143644779920578,-0.91270512342453,2.975754737854004
1986-05-27,-0.5339006781578064,2.4794342517852783,-2.2222278118133545,-0.6324804425239563,-1.4712690114974976,-0.3901618719100952
1995-10-30,-0.0346639230847358,-0.7442039251327515,0.245225191116333,-0.6856898069381714,-0.5607374310493469,-1.0524415969848633
1985-01-14,1.794338583946228,1.8940668106079104,0.5150964260101318,0.0987027660012245,0.7316495180130005,-1.4901151657104492
1984-12-08,1.0498000383377075,1.1461637020111084,-1.268481969833374,-0.5039754509925842,-0.4115344882011413,-1.2733067274093628
1991-08-19,-3.362371921539306,2.269541025161743,-1.532239317893982,-0.8652733564376831,-0.0435217283666133,-1.1233744621276855
2007-05-17,-1.3858925104141235,-7.183028221130371,-1.4595860242843628,-1.8791624307632449,-2.0462100505828857,-1.1791646480560305
2000-12-25,0.8394008278846741,-0.1911475956439972,-0.0864389538764953,0.332683116197586,1.8149179220199585,0.1877886801958084
2003-09-29,3.507786750793457,-0.4925828576087951,2.935708999633789,1.7324568033218384,1.3836816549301147,0.873795747756958
1984-05-02,-1.9378446340560915,-0.3868617117404938,-0.0419309884309768,-1.33601176738739,-2.2094686031341557,0.322332352399826
1997-02-18,0.5903973579406738,1.6449655294418335,1.6915699243545532,0.5839183330535889,1.520317792892456,0.7413010597229004
2006-09-01,-0.2067143321037292,-1.2323764562606812,3.0297298431396484,2.525162696838379,1.550187110900879,-2.8788750171661377
2004-01-16,1.1624362468719482,-0.905648946762085,1.5295952558517456,0.8047226667404175,1.358250856399536,0.9920985102653505
1986-02-27,1.7293809652328491,-0.8048551678657532,0.844072699546814,1.1684194803237915,1.4067555665969849,0.9133124947547911
2005-07-29,-0.5997616052627563,1.2003766298294067,2.123410940170288,4.1722025871276855,3.771787166595459,2.3115715980529785
2005-04-07,-0.780845582485199,-2.068511247634888,1.592773199081421,-0.3404666185379028,-1.256422758102417,3.703995943069458
1994-05-21,-1.0531467199325562,2.0657951831817627,-1.977396845817566,-1.6576672792434692,-4.199669361114502,-1.2527118921279907
1981-11-15,-1.645247220993042,-1.90531063079834,-1.461918830871582,-1.025668978691101,-1.5563915967941284,-0.8296591639518738
2005-10-26,-0.761509358882904,0.2037884891033172,-1.006510853767395,-0.7484522461891174,0.292130708694458,1.766346096992493
1990-08-09,3.357215166091919,-0.4178183376789093,1.741097331047058,2.6240479946136475,3.304356336593628,0.5895041823387146
2007-04-30,-2.2417662143707275,-0.8059037923812866,-1.6521762609481812,-0.6962308883666992,-2.294137716293335,-1.3050066232681274
2000-03-17,1.316556453704834,-1.0592575073242188,0.9578344821929932,0.5030606985092163,0.3583529591560364,5.516960144042969
2002-04-12,-0.0559355057775974,5.095063209533691,0.0781348422169685,0.1803726702928543,-1.6725075244903564,-0.0282911378890275
2005-12-07,0.3945343494415283,-0.2810792028903961,1.426098108291626,0.4455708563327789,0.988005757331848,1.5098427534103394
2006-09-30,-0.4792568385601043,0.1298110783100128,1.634048581123352,-0.8773845434188843,0.0649550780653953,1.32646644115448
1994-11-23,0.2089072465896606,-0.9875271320343018,-2.7050859928131104,-0.7650615572929382,-0.0388196520507335,-3.7280890941619873
2000-01-11,2.4843409061431885,1.6540765762329102,0.9750878810882568,0.7386869192123413,0.9516507387161256,0.489895761013031
1981-11-07,-1.859465718269348,-3.194528102874756,-0.8797956109046936,-1.155656337738037,-1.8147841691970823,-0.6244070529937744
2003-02-06,1.0330592393875122,-2.218815565109253,1.277229070663452,0.7934541702270508,1.5917552709579468,-0.2811116278171539
1993-04-23,-1.9307254552841189,4.239553928375244,-0.3895109891891479,-0.1486162096261978,-2.2307846546173096,-4.360659599304199
1998-09-01,0.9408682584762572,1.1714273691177368,2.44365668296814,2.648777723312378,1.3781017065048218,3.380862236022949
1998-06-01,-0.7779030203819275,-1.5963608026504517,-1.4207755327224731,-0.4523905813694,-0.634316086769104,0.0748478919267654
1985-07-07,-0.2371851950883865,-1.35289204120636,-1.2643959522247314,-1.3214997053146362,1.220192313194275,-2.5275027751922607
1989-06-20,0.3545618951320648,0.3759360015392303,-0.3682660162448883,-1.286559820175171,1.3984127044677734,-1.5935758352279663
2002-07-06,2.4336941242218018,0.8230999112129211,0.9894508719444276,-0.3061041831970215,1.4821364879608154,1.3944203853607178
1988-12-14,-0.8208610415458679,-0.6221102476119995,-1.1420009136199951,-0.1449104845523834,-0.7960026264190674,-0.3245328664779663
1986-07-22,0.6112750768661499,0.1726836264133453,-0.8350456953048706,-0.2404346913099289,1.5827256441116333,0.3918712139129638
1982-06-24,-2.336538314819336,-1.9464969635009768,-2.7932467460632324,-0.0140223037451505,0.1519307196140289,-1.499024510383606
2001-08-31,0.3308829069137573,-0.5185750126838684,1.0936505794525146,2.568791151046753,0.6581004858016968,-0.7991304993629456
1994-01-25,1.7847007513046265,0.4297165274620056,0.9180940985679626,0.2614672183990478,0.9955671429634094,-0.1200579926371574
1993-12-17,0.6718943119049072,2.041223526000977,-0.240095168352127,-0.7932342290878296,-0.8084208965301514,-0.487320214509964
1986-01-23,1.278853416442871,-1.0850472450256348,-0.2404728382825851,0.3269678652286529,0.7901607751846313,-0.0607277862727642
1986-07-07,-1.3271815776824951,-1.1928883790969849,-1.3044044971466064,-0.0115021876990795,0.0801776424050331,-0.5875003933906555
1998-05-27,-0.2180310189723968,0.0935816839337349,-1.2509465217590332,-0.1789541393518448,0.053664069622755,0.3741211891174316
1998-07-09,1.676361918449402,-0.9317856431007384,-0.1245431154966354,0.5175187587738037,2.193692445755005,2.0730972290039062
1997-07-24,-0.3824541568756103,-0.4797932505607605,-0.1284634470939636,0.7754510641098022,0.57423996925354,-2.4751296043396
1994-10-09,-1.27823007106781,2.9141857624053955,-0.516666054725647,-0.9880190491676332,-1.8789910078048704,0.3449636697769165
1985-04-27,0.1959599405527115,-4.4156174659729,-1.3581264019012451,-0.7981727719306946,-2.5643036365509038,-4.322360992431641
1983-11-30,-0.4989785254001617,-1.6097429990768433,-0.6668290495872498,-0.6997905373573303,-0.9920990467071532,-1.6771451234817505
2001-02-21,0.7531272172927856,-0.2626053690910339,1.2321341037750244,0.8476487994194031,1.515101671218872,-0.991528868675232
1988-12-27,0.4940120875835418,-1.6531914472579956,-0.37282794713974,0.3422138690948486,0.4077769815921783,0.5685667991638184
1984-12-31,1.5076024532318115,2.790825843811035,0.1032248064875602,0.6120107173919678,0.7739661931991577,-1.425510048866272
1995-06-25,0.1395194083452224,-0.994684100151062,-1.7634974718093872,-1.813690423965454,0.5471881628036499,-2.984459400177002
2005-05-08,-1.114690899848938,1.104749321937561,-0.1928548812866211,-0.0698869451880455,-1.284547209739685,-0.1867249310016632
2001-05-23,-0.9139055609703064,-1.2105375528335571,-2.1622302532196045,-0.6724889874458313,-0.4212506413459778,2.3998465538024902
1996-07-27,-1.6458337306976318,-4.261300086975098,0.2410339713096618,-0.1927283853292465,0.142449676990509,1.7462825775146484
2003-02-21,0.0531150251626968,-2.9026200771331787,1.1421377658843994,0.6876451373100281,1.455104112625122,-0.5915349721908569
1999-11-24,0.0548682026565074,0.8862409591674805,-1.9063324928283687,-0.4474426209926605,-0.6446095108985901,2.441972255706787
1994-09-03,-0.1187776029109954,1.878811240196228,1.8605765104293823,0.5064669847488403,-0.1471185684204101,2.3102500438690186
1984-05-23,-0.2531589567661285,-2.2341926097869877,-0.5073956251144409,-2.487653970718384,-2.229667901992798,3.9272806644439697
1981-11-12,-1.7182527780532837,-2.1409425735473637,-1.6108886003494265,-0.7865682244300842,-1.565752029418945,-1.0085424184799194
1991-08-22,-2.602001905441284,4.282594203948975,-0.245024487376213,-0.964669704437256,-1.1283575296401978,-1.336772918701172
1999-06-28,2.848085165023804,-1.8227559328079224,1.4310901165008545,1.2144602537155151,4.688761234283447,1.288650631904602
1989-11-19,-0.4386765360832214,0.0753689259290695,-2.2068941593170166,-0.9482116103172302,-1.634480118751526,-1.4783095121383667
2001-11-19,-1.4866414070129397,0.5591250061988831,-0.6928488612174988,-0.312542200088501,-1.244376301765442,0.122869998216629
1988-07-09,1.1236964464187622,1.4531047344207764,1.8794654607772827,0.9639153480529784,2.7221267223358154,1.934398412704468
2001-11-11,-0.9700205326080322,0.5740032196044922,0.1324612647294998,-0.2282341569662094,-1.3228641748428345,-0.6389593482017517
2004-03-31,-2.5480165481567383,-1.6334246397018433,1.0785508155822754,0.6270914673805237,-0.8328569531440735,0.4388721585273742
1983-03-26,0.1443613171577453,0.4581169784069061,1.031570315361023,0.3063401281833648,0.1871738880872726,-1.0800583362579346
1989-01-02,1.0531606674194336,-2.061723232269287,-0.1804669201374054,0.6468113660812378,0.5639401078224182,-0.2853112816810608
1982-01-20,0.1809449642896652,0.2019498646259308,0.7828903794288635,0.5790091156959534,1.5862454175949097,2.610912322998047
1998-07-21,0.293676346540451,0.4622693657875061,1.2783594131469729,1.8314212560653689,2.088102102279663,1.5637696981430054
1995-02-11,-0.1752179563045501,0.8531985878944397,1.0450966358184814,0.6582086086273193,1.543980360031128,0.2580918073654175
2006-07-25,4.084177494049072,2.2087013721466064,2.131048679351806,4.027272701263428,3.4924252033233643,2.826269149780273
1983-12-27,0.1108328551054,0.4607855081558227,0.0215194206684827,0.2097575366497039,0.4684766829013824,-0.8116021752357483
1994-07-13,4.13397741317749,5.487951755523682,1.900105595588684,-0.7867618799209595,2.366992473602295,-2.5422964096069336
1998-01-16,0.0109620578587055,0.9219510555267334,0.5129013657569885,0.4590139985084533,1.1362332105636597,0.9109305739402772
1993-11-23,-1.0010842084884644,0.9124667644500732,-1.3551105260849,-1.045060396194458,-1.83883798122406,-1.5980840921401978
2000-03-26,0.6997254490852356,0.6659106016159058,1.3246111869812012,0.1550673693418502,-0.2474119961261749,1.8370968103408811
1984-03-04,1.2254830598831177,0.3298760056495666,2.2498087882995605,0.6027054786682129,1.2404422760009766,0.64964359998703
2006-01-22,1.9047263860702517,1.7297348976135254,2.6980929374694824,0.4914476871490478,1.5055769681930542,0.4199200272560119
1983-08-02,0.719236433506012,-0.0729439109563827,3.0433907508850098,1.5229438543319702,2.1970551013946533,2.006478071212769
2002-10-01,0.890738308429718,1.5797927379608154,-0.835952639579773,-2.247379779815674,-1.2750412225723269,0.4864701330661773
2003-01-28,-0.3679653406143188,-3.9662294387817374,0.6621130704879761,0.9272990822792052,1.5039654970169067,-1.040661334991455
2005-09-07,1.7805145978927612,0.6598026752471924,4.191335678100586,0.0381764210760593,3.916238307952881,3.187498092651367
1989-03-19,-0.659319281578064,4.058094501495361,0.3366021811962127,0.4249078929424286,0.358061283826828,-0.7623453736305237
1999-06-24,4.239525318145752,-2.884698867797852,2.576498746871948,0.926299810409546,3.667183160781861,1.635566234588623
1997-01-29,1.2820285558700562,0.0637693405151367,1.152103304862976,0.4973064363002777,1.5939618349075315,-0.2106747329235077
1983-11-04,-1.8487317562103271,0.2818298637866974,-0.2379147410392761,-2.15889573097229,-2.0043036937713623,-1.747538685798645
1993-08-09,-0.0840634182095527,2.854840040206909,0.3132159113883972,4.476691246032715,3.903703451156616,3.3530526161193848
1987-04-22,-1.742982029914856,0.9761353135108948,-0.1869327425956726,-0.1234509572386741,-0.7436520457267761,5.149567604064941
1982-04-25,-1.1304895877838137,-1.224074363708496,-0.8672597408294678,-0.4896399974822998,-1.560613036155701,-1.2762340307235718
1999-06-05,2.092599630355835,-2.0227198600769043,1.6204502582550049,-1.3352385759353638,-0.8300592303276062,1.2505004405975342
1989-03-15,-0.4887377023696899,0.2240655869245529,0.0901592969894409,0.5528136491775513,0.5840173959732056,-0.6141017079353333
2006-09-08,0.9041432738304138,-1.6716244220733645,2.765996217727661,3.8037633895874015,0.5408172011375427,-2.441295862197876
2002-05-12,-0.8483520746231079,-3.161483764648437,-2.04291033744812,-1.3911563158035278,-3.164232015609741,-2.6164445877075195
1997-12-21,0.1645877510309219,-1.7377538681030271,-1.1077642440795898,0.515373170375824,-0.0473627708852291,-1.353856325149536
1999-01-02,0.2420612871646881,-0.9673497080802916,-0.5221197605133057,0.8803418278694153,0.3145076930522918,-0.8253424763679504
2003-05-12,-1.228356957435608,-0.571457028388977,-2.34289813041687,-1.0511599779129028,-4.094255447387695,-1.916462779045105
1992-10-25,-2.100597620010376,-1.9372577667236328,-2.941591262817383,-1.8147326707839968,-2.3280880451202397,-3.0599405765533447
1989-02-25,0.3571033775806427,-0.1480304151773452,0.8642153143882751,0.6385300755500793,1.4322364330291748,-1.2183674573898315
1998-07-18,0.2620892524719238,-0.3454640507698059,0.7308294773101807,1.494884967803955,2.84358024597168,-0.0974613800644874
1987-01-11,1.013693928718567,0.1252503842115402,-1.0080089569091797,0.2554965615272522,0.1782168895006179,-1.414120316505432
1984-08-17,3.55228853225708,1.558976173400879,3.51025390625,1.8131287097930908,3.0551059246063232,1.2028697729110718
1999-01-16,0.9009461998939514,2.1119534969329834,0.3228989243507385,0.5590201020240784,1.1562527418136597,-1.159076690673828
2005-05-22,-1.6939043998718262,-3.1305510997772217,-1.42220938205719,-0.4424780011177063,-3.781266450881958,1.0398613214492798
1999-09-15,1.876794457435608,0.7815834879875183,3.962103366851807,-0.3836395144462585,3.2790181636810303,1.536736011505127
1998-06-07,-1.7107088565826416,-4.2948150634765625,-1.057769775390625,-0.6906775236129761,-0.4977766871452331,0.668584942817688
1994-05-22,-0.9305983185768129,1.9944477081298828,-2.3456032276153564,-2.046255826950073,-4.302931308746338,-1.0666252374649048
1995-05-16,-1.6295441389083862,-3.4008021354675293,-0.942918598651886,0.1735312938690185,-1.7914835214614868,-1.8888914585113523
2000-04-29,-0.6650794744491577,0.4607586860656738,0.0457616075873374,-0.8190099000930786,-2.006972074508667,0.1606952399015426
1995-07-01,1.212544322013855,1.0574265718460083,-2.165354013442993,-2.103214740753174,3.165076971054077,-1.9861692190170288
1996-07-31,-0.4497677087783813,-1.7996233701705933,0.4034096300601959,1.492209792137146,1.441770076751709,2.1215691566467285
1987-12-11,-1.1711446046829224,-0.4613818824291229,-1.1220628023147583,-0.4014819860458374,-0.7428635954856873,0.5442488789558411
1994-06-10,-0.8027969598770142,3.76404333114624,-1.924787759780884,-1.465213656425476,-2.2215914726257324,-3.8028721809387207
1982-06-27,-1.0130937099456787,-1.6110343933105469,-2.3747472763061523,0.0080195814371109,-0.1215133070945739,-1.4938366413116455
1993-04-06,-1.925641655921936,3.401065826416016,-0.5002083778381348,-0.1729460060596466,-1.5855551958084106,-1.1028623580932615
1997-08-03,-0.2418184280395507,-0.2051963955163955,0.2431963086128235,0.2230695188045501,1.1430470943450928,-1.4113625288009644
2003-05-22,-0.3760060966014862,-2.3787434101104736,-1.4330682754516602,1.966289758682251,-2.3587746620178223,-1.4453574419021606
1993-06-19,-0.2354344427585601,-2.5140480995178223,-2.1882429122924805,-0.3265683352947235,2.2384090423583984,-1.8435758352279663
1991-01-24,1.0696001052856443,0.3196727335453033,0.0374049507081508,0.560920238494873,0.9027423858642578,-0.7081277966499329
1999-11-08,0.0417569391429424,0.2090634256601333,-2.760882377624512,-1.346565842628479,-1.195756912231445,-2.55853009223938
1990-02-07,1.450492024421692,-1.0235333442687988,0.1914892494678497,0.6287471055984497,1.4404754638671875,-1.614058256149292
1984-02-26,1.3631125688552856,0.197386085987091,1.2621328830718994,0.5676500201225281,1.455104112625122,-0.1115239635109901
1992-04-15,-2.4376628398895264,-1.9940577745437624,-1.5721431970596311,-0.323637455701828,-2.1327064037323,-1.264235496520996
2005-05-07,-0.8310712575912476,-0.9673300981521606,-0.100979208946228,-0.0933285653591156,-1.0217894315719604,-0.017965605482459
1999-12-25,1.5540401935577393,1.3468085527420044,0.38718181848526,0.4922077655792236,0.697785496711731,1.9385619163513184
2007-05-14,-1.3756738901138306,-5.480950355529785,-0.0388116277754306,-1.624427318572998,-0.955211579799652,-0.7508196830749512
1984-04-24,-1.0104944705963137,-1.854079246520996,0.1927377879619598,-0.9296424388885498,-2.190617799758911,0.223766028881073
1989-10-23,-1.5255597829818726,-1.3600200414657593,-2.3544864654541016,-1.5540729761123655,-3.583299160003662,1.0625066757202148
1995-01-15,0.6041066646575928,0.6739367246627808,0.5745511054992676,0.2851979434490204,1.1052216291427612,-0.3245261609554291
2004-06-17,-0.0763191282749176,-0.7305488586425781,-1.9111177921295168,0.3394930362701416,-0.910555362701416,-2.1164979934692383
1989-08-14,-0.1530205607414245,1.1788123846054075,2.762714385986328,1.3070483207702637,2.1274118423461914,0.4007481038570404
2007-01-06,3.0136938095092773,1.7852540016174316,-0.0480174832046031,1.6454806327819824,2.608209609985352,1.265872359275818
1995-08-08,2.007209062576294,1.212186574935913,0.8510826826095581,1.914056420326233,4.324345588684082,-1.7704811096191406
1986-02-18,1.768242597579956,-2.324054479598999,0.6554520130157471,0.7230336666107178,1.5415338277816772,-0.5942755341529846
1987-10-18,-1.6386454105377195,-0.3225990235805511,-0.3021785616874695,-0.9872421622276306,-2.233330249786377,-1.7655481100082395
2007-11-04,-1.6444352865219116,-0.0558681823313236,-1.0130378007888794,-0.2891573011875152,-1.8105838298797607,-0.7848368883132935
1993-10-29,-2.091495990753174,1.8637616634368896,-1.54651939868927,-1.5884486436843872,-2.487868070602417,-1.6936453580856323
1988-10-15,-2.41438627243042,-1.352783441543579,-1.2059279680252075,-1.2366105318069458,-3.30645751953125,-0.0896750465035438
1984-07-27,2.717551946640014,1.7001993656158447,1.891525626182556,0.3854669034481048,1.87422776222229,2.4048752784729004
1999-09-20,-0.2607828080654144,1.308232665061951,3.6518635749816895,0.4226100742816925,1.2443749904632568,1.5308741331100464
2003-10-01,2.670737028121948,-0.8902084827423096,2.9240572452545166,1.4226032495498655,1.3849624395370483,1.546467661857605
1990-08-30,3.31624436378479,1.2759050130844116,3.3883724212646484,0.1381254196166992,1.8344401121139529,0.0580963864922523
2000-07-30,0.9602359533309937,0.6403790712356567,3.783414602279663,3.572227001190185,3.091763973236084,2.091570377349853
1994-12-12,0.8347036838531494,-0.0514069013297557,-1.648850917816162,-0.4211369752883911,0.4064848721027374,-2.3395161628723145
2005-03-07,-0.9541404843330384,1.938260555267334,2.0688371658325195,0.6452710032463074,0.8421728610992432,0.5207685232162476
1994-01-07,1.6774954795837402,0.3212976455688476,0.2893650829792022,0.1998053938150406,0.6818791031837463,-0.7845789790153503
2003-02-20,0.1374549120664596,-2.908618927001953,1.317797064781189,0.6857293844223022,1.4853309392929075,-0.286141961812973
2000-11-24,0.0629397556185722,-0.0617662109434604,-0.3366542458534241,-0.5885932445526123,-0.5431089997291565,2.107313394546509
1993-04-08,-1.4606798887252808,3.788445472717285,-0.7051597833633423,-0.2102188766002655,-1.822690486907959,-0.6169622540473938
1981-12-21,-0.386292815208435,-1.3315315246582031,0.7538554072380066,0.4412867724895477,1.3926784992218018,-0.2638452649116516
1992-04-05,-2.4751100540161133,2.3107190132141118,-0.2454521656036377,0.1945088505744934,-1.4395500421524048,-1.7876598834991455
1993-09-19,-0.7984418272972107,1.8456172943115237,0.6315932273864746,-0.7066622972488403,-1.4484457969665527,-1.7090648412704468
1984-12-13,1.9998358488082888,2.5389060974121094,-0.7961568236351013,-0.1776337176561355,-0.1321804970502853,-1.3547546863555908
1989-04-12,-1.1278012990951538,-0.5335532426834106,-0.2808654606342315,-0.261700302362442,-1.5006659030914309,-0.517303466796875
1981-12-27,0.0108267525210976,-0.1992181539535522,0.8215377330780029,0.5697429180145264,1.568482756614685,-0.5816217064857483
1989-01-23,0.8149076700210571,-1.9071046113967896,0.2493612319231033,0.6693751215934753,0.8426600694656372,-0.7338732481002808
1993-11-12,-1.185255765914917,3.504693031311035,-1.031926155090332,-1.495670199394226,-2.376368522644043,-0.8496481776237488
1988-04-13,-1.0259687900543213,0.600311279296875,0.5138083100318909,-0.2036392986774444,-1.2064708471298218,1.1501989364624023
1983-12-31,0.5239421725273132,0.1801826506853103,0.1589266061782837,-0.0173719376325607,-0.0496917963027954,-0.8835527300834656
1992-07-13,1.2739923000335691,-2.2020506858825684,-2.059885740280152,-0.8767582178115845,-0.5229916572570801,-1.652281641960144
2001-10-31,-0.899645984172821,1.5558006763458252,0.5571103096008301,-0.7348431944847107,0.04495570063591,0.3860880434513092
1994-03-16,0.0141914337873458,-2.271212577819824,1.1677184104919434,0.3257632851600647,0.4406895637512207,-1.325317621231079
2000-06-02,0.0969507321715354,-2.139833211898804,-0.6804724335670471,-1.889115333557129,-2.418792247772217,-2.7773609161376958
1991-07-07,0.7553645372390747,-5.978423118591309,-3.481093645095825,-1.4070271253585815,-0.6911706328392029,-4.480995178222656
1991-11-25,-0.9831555485725404,1.5143320560455322,-0.8558059334754944,-0.5262601971626282,-0.766526460647583,-1.243180751800537
1986-06-23,2.123453140258789,2.4434871673583984,-2.2732272148132324,-1.0040431022644043,-0.8780680894851685,-2.4090282917022705
2006-03-14,0.5332306027412415,0.5640956163406372,1.5032366514205933,0.595811665058136,0.4355124533176422,0.3468915820121765
2004-07-18,-1.15820050239563,-2.5280680656433105,0.6708100438117981,2.6450865268707275,1.3142200708389282,0.4722915589809418
1986-09-23,-2.1407876014709477,-4.67174768447876,0.511849045753479,1.4626185894012451,-2.295633554458618,1.3008631467819214
2007-08-27,1.4298862218856812,1.277667999267578,1.7663143873214722,1.0517808198928833,0.999008059501648,2.281580209732056
1981-10-10,-2.667104721069336,-3.5417022705078125,-0.516964852809906,-0.6275330781936646,-1.2811026573181152,0.7271660566329956
1990-07-16,0.1183368936181068,-0.9773243069648744,-2.40929913520813,-1.1359442472457886,0.5401310324668884,-2.844595670700073
1994-07-14,3.005552291870117,5.449803352355957,1.8446427583694456,-0.0167355015873909,2.692456007003784,0.5010870099067688
1989-06-13,-1.0033527612686155,0.8340396285057068,-0.5502756237983704,-0.9887892603874208,-2.181159734725952,-1.2137161493301392
1993-09-11,-0.8958445191383362,0.9283512234687804,-0.0840097665786743,0.0137854125350713,0.3208159804344177,-1.321300745010376
1989-08-13,-0.1382256895303726,1.0608018636703491,2.842169761657715,2.080500841140747,0.8775203824043274,-0.0982336327433586
1985-05-29,-0.0399336628615856,-5.784396648406982,-2.661204099655152,-1.0901296138763428,0.1849328428506851,-2.8104496002197266
1997-04-27,-0.5457844138145447,-2.804183959960937,-2.200730085372925,-0.881446897983551,-1.816786527633667,-1.706918716430664
1983-08-06,3.417327642440796,-0.0912718325853347,3.031266927719116,-1.4148141145706177,0.2567310333251953,1.9116759300231931
1984-01-13,0.3251024484634399,0.1358365714550018,0.2211449891328811,-0.2627401649951935,0.4081866443157196,-0.4152107834815979
2003-11-09,-0.4600381851196289,1.0757393836975098,-1.705622911453247,-0.3028875589370727,-1.999717235565185,-1.3298591375350952
1997-11-17,-0.9086777567863464,0.9853726029396056,-0.7968905568122864,-0.8882140517234802,-0.944477677345276,-0.8882826566696167
1988-03-12,0.0846695750951767,-0.018220942467451,1.1074656248092651,0.5811353325843811,0.7812456488609314,0.5617435574531555
1986-08-08,0.7845582962036133,2.3308773040771484,1.5830464363098145,2.021656990051269,0.7534967064857483,1.2264416217803955
1995-03-07,0.0894796922802925,2.109369993209839,0.6896654367446899,0.6817888617515564,1.0102550983428955,-0.2610412538051605
1984-12-20,1.603697419166565,2.888469696044922,-0.466145783662796,0.1113002002239227,0.1626674532890319,-2.123830556869507
2002-02-14,2.168236494064331,-0.5040776133537292,1.365473985671997,0.8530080318450928,1.5715326070785522,0.425743967294693
2001-05-17,-1.2288827896118164,-1.012086272239685,-1.9121731519699097,-1.2807657718658447,-2.19260573387146,3.94403076171875
1992-05-11,-3.3546812534332275,-0.735247015953064,-1.922865867614746,-1.3399064540863037,-3.2045302391052246,-3.326739549636841
2007-02-05,2.3630459308624268,2.491175889968872,1.517219305038452,0.8434419631958008,1.9617503881454468,1.1688700914382937
2007-07-15,0.054233681410551,0.1274955868721008,0.1383686512708664,1.2609776258468628,1.5667641162872314,0.0242342967540025
2006-04-15,0.9204058051109314,-2.5971884727478027,0.5975551009178162,-0.3396373987197876,-0.1114097833633422,2.101246118545532
1982-01-24,0.2788534164428711,-0.1950325518846511,0.9695186018943788,0.8269678354263306,1.6201473474502563,2.219270944595337
1999-06-17,2.926079034805298,-2.127064943313598,1.6953184604644775,-0.622238278388977,0.1588136255741119,0.2597197890281677
1994-01-21,1.688857078552246,-0.0550484247505664,0.9195308089256288,0.3569666445255279,0.8101497888565063,-1.310727834701538
1987-11-11,-1.8482271432876587,-0.5809451341629028,-1.3308898210525513,-1.616585373878479,-2.9157581329345703,-1.4985326528549194
2000-02-11,2.588759183883667,0.3444923162460327,1.6735025644302368,0.7911531329154968,1.562787652015686,1.8784432411193848
1998-10-21,-2.615556001663208,-0.3100017309188843,-0.6044864654541016,-0.6340900659561157,-1.0233017206192017,0.0425176918506622
1990-05-30,-1.44611918926239,3.0015347003936768,-3.270833730697632,-1.0877623558044434,-4.4370951652526855,1.5685017108917236
1998-04-16,-0.4545188546180725,-3.265189409255981,-0.1374422758817672,-0.4436564445495605,-1.467171549797058,3.090524673461914
1986-11-21,-0.4115507304668426,-1.3035651445388794,-2.1292641162872314,-0.8797537684440613,-1.6609416007995603,-2.034918546676636
1999-05-27,1.7219713926315308,-1.8664097785949707,-0.4609379768371582,-0.9389638900756836,-1.9463359117507932,-0.7058959007263184
1987-03-16,-0.7587572336196899,-0.195917323231697,0.4801739454269409,0.5728026628494263,0.5840173959732056,-0.7940943837165833
1982-08-25,-1.6118658781051636,1.0430699586868286,2.205118179321289,1.200899958610535,-0.3446651995182037,1.8249684572219849
1998-02-18,-0.4396014213562011,-0.0950551852583885,0.7815662622451782,0.9338939189910888,1.530297040939331,1.8012986183166504
2001-08-27,0.1062528043985366,-0.4440962672233581,-0.481653094291687,2.258120536804199,3.874448776245117,-1.0218901634216309
2004-08-24,-1.0859380960464478,2.2666056156158447,3.0991299152374268,4.35385799407959,2.083102226257324,1.065569281578064
1992-01-21,0.4913916885852813,-0.2641287744045257,0.6479434967041016,0.1337141096591949,0.9152459502220154,0.6512912511825562
1989-07-04,2.3307244777679443,0.7806747555732727,1.432705998420715,1.6014459133148191,1.9288153648376465,-0.3982544839382171
1988-11-13,-0.9352558255195618,-0.0152959832921624,0.0580702051520347,-1.035678744316101,-2.026392936706543,2.1203529834747314
1988-01-05,-1.0279582738876345,-2.1673619747161865,-0.6621038913726807,0.4303296208381653,-0.0054996209219098,-0.2353461384773254
2006-01-10,1.482154130935669,1.88172709941864,2.049807071685791,0.608271598815918,1.3451107740402222,1.0660662651062012
1985-09-28,-1.7199000120162964,-1.1426893472671509,-0.2963109910488128,-0.268338680267334,0.1237541660666465,-0.8097323179244995
1998-04-13,-0.7259184122085571,-2.934935569763184,-0.291860282421112,-0.4596419930458069,-0.0125039042904973,1.73171865940094
2001-07-19,0.2017848342657089,-0.3980936110019684,0.0207856073975563,-0.2549377977848053,2.4642140865325928,0.9322829842567444
1985-03-04,1.425464749336243,-1.2201117277145386,0.8698039054870605,0.6526932716369629,1.2404422760009766,-0.3703759610652923
1996-03-06,-0.7805154323577881,0.5293527841567993,1.729673981666565,0.5118059515953064,1.0102550983428955,0.9189513921737672
1984-06-15,1.3319799900054932,-2.3954527378082275,-1.0273369550704956,-1.845179796218872,-1.8092756271362305,-3.2188050746917725
1992-08-14,0.0838217437267303,2.948211193084717,0.1754181087017059,0.1845774352550506,-0.6600631475448608,-2.8888914585113525
1989-12-29,-1.0960530042648315,-1.409813642501831,-1.5810636281967163,0.1326219588518142,0.000326512788888,-2.0035479068756104
1985-04-25,0.2992854714393616,-3.52042555809021,-1.299514651298523,-0.6586259603500366,-2.7007858753204346,-4.530642509460449
2003-06-17,-1.4854344129562378,-2.4040627479553223,-3.4482526779174805,0.3434450924396515,-1.3615970611572266,-2.523598909378052
2003-02-09,0.7247759699821472,-2.00681734085083,1.3651039600372314,0.7182061672210693,1.593968152999878,-0.3518935441970825
1983-02-06,1.2947776317596436,0.2644943594932556,1.1723917722702026,0.3894977271556854,1.3889344930648804,2.7165603637695312
2005-05-01,-1.7011815309524536,-0.5101701021194458,-0.127711147069931,-0.6304610371589661,-2.7036635875701904,0.2209887951612472
1984-03-09,0.919496774673462,1.029352784156799,1.919676423072815,0.5317949652671814,1.0102550983428955,0.2489379793405532
1990-05-31,-1.7441579103469849,2.79950213432312,-3.420778751373291,-1.036538004875183,-4.3373188972473145,-0.9672728180885316
1983-03-07,0.9781107306480408,0.8478860259056091,1.8404544591903689,0.5993600487709045,1.1559473276138306,0.1138084232807159
1992-07-03,-0.8692877292633057,-2.269343614578247,-2.687288999557495,-0.6585637927055359,-0.1111931428313255,-0.4682618081569671
1984-07-23,0.3118006885051727,2.321907520294189,2.1608002185821533,-0.5349365472793579,3.0642201900482178,3.5022902488708496
2002-08-05,4.520090579986572,-2.5991225242614746,1.30105721950531,2.132385492324829,1.50761616230011,-0.7026754021644592
1999-09-14,2.125044584274292,0.5262227058410645,3.876560926437378,-0.5140606164932251,3.0827176570892334,1.5682367086410522
2005-03-19,-0.755261242389679,-0.7192619442939758,1.3887852430343628,0.3718778789043426,-0.0442232824862003,-0.0336853973567485
2007-06-11,0.3677813112735748,-0.9645807147026062,-1.58395516872406,-3.2812588214874268,-0.7461757063865662,-1.3736811876296997
1993-04-26,-2.717066764831543,2.285599708557129,-0.57438725233078,-0.7187773585319519,-2.937527894973755,-3.3996405601501465
1987-07-28,3.644972801208496,0.5651740431785583,1.7061983346939087,-0.0348150394856929,2.7578213214874268,0.3608231246471405
2004-12-10,0.2891243100166321,-0.9720858335494996,-0.1719997227191925,0.555101752281189,0.453997403383255,2.305471897125244
1996-02-01,0.0564748272299766,-0.3133278489112854,1.1162134408950806,0.5052629709243774,1.4816069602966309,3.170492649078369
1987-11-22,-2.024188756942749,-1.3923152685165403,-1.8212454319000244,-1.361207365989685,-2.677549123764038,-1.5211931467056274
1993-08-24,0.8034449815750122,2.8282759189605717,1.4520487785339355,3.365027904510498,1.550561785697937,0.1428302526473999
1992-07-21,1.03180193901062,-1.798087477684021,-3.0092132091522217,-0.8749328851699829,0.4542347490787506,-4.1977219581604
2003-07-08,1.186371684074402,0.7082290053367615,-0.7845467925071716,0.6975114345550537,1.6536837816238403,0.7831191420555115
1992-06-14,-0.7322248220443726,-1.314586877822876,-0.1139539405703544,-2.241250276565552,0.5138340592384338,-0.2436763644218444
1988-04-02,1.8435602188110352,-0.9522035121917723,1.0649683475494385,0.3464211225509643,-0.0734117478132247,2.420238494873047
2002-10-04,0.9403586983680724,1.7869954109191897,-1.204434871673584,-2.646170854568481,-1.079667329788208,0.1000887304544448
1983-04-11,0.3593274652957916,-0.7515325546264648,0.7148231267929077,-0.3002152144908905,-0.7727026343345642,2.163036584854126
1983-04-28,-0.8540278673171997,0.6043713688850403,0.5418674945831299,-1.0781714916229248,-0.9842864274978638,3.16762924194336
2003-09-26,3.0888493061065674,1.8276922702789309,1.6025925874710083,1.2234253883361816,1.5358606576919556,-0.0103674251586198
2007-02-20,2.313124895095825,0.427397072315216,1.1921255588531494,0.7276231646537781,1.505091905593872,0.3884760439395904
1987-03-08,0.3840265870094299,-0.9497269988059998,0.472149521112442,0.6719851493835449,1.061327338218689,0.1120537966489791
1985-01-11,2.1136999130249023,1.6252503395080566,0.3519764244556427,-0.144527867436409,0.7582034468650818,-1.424130082130432
1993-04-25,-2.11403751373291,2.3843700885772705,-0.5181300640106201,-0.5881813168525696,-3.1142914295196533,-3.5623817443847656
2005-08-16,0.8527505993843079,1.805821776390076,4.74131441116333,-1.162747859954834,3.922220468521118,2.5540671348571777
2007-03-14,0.5032318234443665,4.274117469787598,0.5432451367378235,0.785814106464386,0.4855307638645172,1.2668745517730713
1995-01-08,0.2211575955152511,-1.3362609148025513,0.0813512057065963,0.4529888331890106,1.046090602874756,-0.933927595615387
2007-02-01,2.741597414016724,3.406447172164917,1.3474547863006592,0.7801979780197144,2.028702735900879,1.0776677131652832
1999-02-27,0.4861083030700683,3.856214046478272,1.730230450630188,0.292021632194519,1.3147121667861938,3.399526357650757
1987-03-07,0.3568942844867706,-1.0902117490768433,0.6424188017845154,0.6711618304252625,1.1098963022232056,0.0636538341641426
1989-12-23,-0.9854061603546144,-0.7377538084983826,-2.03775691986084,-0.454628050327301,-0.0273432396352291,-2.213872194290161
2007-12-27,0.1603826135396957,-0.3892683386802673,-0.943550169467926,0.2808444797992706,0.6757813096046448,0.3819009661674499
1986-04-18,0.2094675898551941,1.3858520984649658,-0.3740121722221374,1.1516674757003784,-0.8242735862731934,-1.9313212633132932
1989-06-08,0.3757997751235962,0.2461223751306533,-0.7087967395782471,-1.1030679941177368,-4.194383144378662,-0.3455078601837158
2007-07-12,-0.7316691875457764,-0.6673267483711243,-1.5792819261550903,0.7640496492385864,1.2101445198059082,-0.794607937335968
1986-12-30,0.6039287447929382,0.5101692080497742,-0.8210843801498413,0.2726060748100281,-0.9196869134902954,-2.7735369205474854
1999-10-20,-1.185322880744934,0.6840426325798035,-1.6660820245742798,-1.4627666473388672,-2.552940607070923,-0.4913952946662903
2002-11-24,0.7529422044754028,1.008241057395935,-2.5866541862487797,-0.2286078929901123,-0.6431151032447815,-2.502671957015991
2007-01-15,3.0924289226531982,2.25435471534729,1.0396050214767456,1.0047348737716677,2.788274049758911,1.0520961284637451
2006-11-06,-0.3182284235954284,-2.7509279251098637,0.2791260480880737,0.0134195610880851,-0.6757373809814453,2.29144549369812
1986-11-17,-0.8784604668617249,-0.856330156326294,-2.116919040679932,-1.002715826034546,-2.0755343437194824,-0.2960190773010254
1983-12-21,0.4136949777603149,-1.2315559387207031,-0.086171418428421,-0.0787022411823272,0.0326930955052375,-0.5838220715522766
1982-06-07,0.5869409441947937,-1.899842977523804,-0.8104467988014221,-2.349106788635254,1.4711918830871582,-2.8273487091064453
1985-02-06,2.0315754413604736,0.4264666140079498,0.7174498438835144,0.5502175092697144,1.3986979722976685,-1.0823359489440918
1995-06-26,0.6729174256324768,0.1522979736328125,-2.211347818374634,-1.5849223136901855,0.5875280499458313,-2.9945390224456787
1985-02-23,1.8301259279251096,-0.1460057944059372,0.4212880134582519,0.7027907371520996,1.4929732084274292,-0.9421988129615784
1996-03-27,-0.5302855372428894,-1.2641125917434692,1.1746172904968262,0.0750807896256446,-0.6073973774909973,1.6570736169815063
1993-07-08,4.983681678771973,0.3031108975410461,-1.6405235528945925,-0.0460944138467311,0.3021437525749206,1.4343984127044678
1992-10-05,-3.4008495807647705,1.93681001663208,-0.6901147961616516,-1.6340404748916626,-1.4565473794937134,-0.2657001912593841
1989-01-06,0.9668865203857422,-1.3562767505645752,-0.558763861656189,0.4613664448261261,-0.0027886573225259,-1.018369197845459
1986-08-07,1.0705904960632324,2.2421979904174805,-0.0829026401042938,1.4118826389312744,0.4619732499122619,1.086896300315857
2005-08-14,0.7941976189613342,1.404633641242981,3.3764169216156006,1.6031875610351562,3.5233800411224365,1.0206180810928345
1996-12-29,0.5003789663314819,-1.329270839691162,1.1164474487304688,0.5308444499969482,1.6557923555374146,0.3519021868705749
1988-07-19,0.4942361116409302,-0.2325202822685241,1.0583515167236328,1.2909764051437378,1.3667519092559814,4.294223308563232
1997-10-31,-1.298713445663452,0.1618347465991974,-1.4379268884658811,-1.2488919496536257,-1.1442877054214478,-3.067546129226685
1986-04-25,0.1892696022987365,3.609548807144165,-0.539535403251648,0.2413984388113021,-0.5908004641532898,1.3893405199050903
1998-01-21,-0.2850984334945678,0.7828978896141052,0.2393514662981033,0.2893702387809753,1.2026759386062622,0.3061352968215942
1988-05-08,-1.2634271383285522,-1.5463982820510864,-0.2202934026718139,-1.065369963645935,-1.925689458847046,1.2645562887191772
1981-11-06,-1.6898870468139648,-3.249645471572876,-0.786823034286499,-1.1604344844818115,-1.7852076292037964,-0.5795034170150757
2004-06-26,-1.1319259405136108,-3.972749948501587,-0.9189159870147704,0.5144785046577454,-1.3312581777572632,-3.2313687801361084
1983-12-17,-0.1069009825587272,-1.6631566286087036,-0.1656592488288879,-0.3589806854724884,-0.1296982914209365,-0.7397921681404114
2000-12-14,0.989510416984558,-1.7064512968063354,-0.2446527034044265,0.0018714378820732,0.7991452217102051,-0.1311584264039993
1989-11-10,-0.3182284235954284,0.4690732061862945,-1.8308898210525515,-1.236580491065979,-2.8157520294189453,0.7414576411247253
1990-11-14,-2.5100290775299072,0.4540081024169922,-2.7075350284576416,-1.0582207441329956,-3.632861614227295,-4.408948421478272
1982-04-23,-1.402985692024231,0.7261353135108948,-0.8569461703300476,-0.4734570682048797,-1.6336361169815063,-1.8104239702224727
1982-03-27,-0.8075549006462097,0.7142219543457031,0.5622614622116089,0.7298537492752075,-0.1435455530881881,-0.9578552842140198
1995-08-19,1.9327677488327024,1.6058095693588257,1.7713134288787842,-0.5727515816688538,1.5522253513336182,-0.8759254813194275
1983-09-05,2.040874481201172,0.3214213252067566,-0.5963518023490906,-0.1012221723794937,0.8281139135360718,0.070864625275135
1984-11-04,0.2403381466865539,0.5057823061943054,-2.55287504196167,-2.314860343933105,-1.6850552558898926,-3.143910646438598
1997-03-30,-0.5627721548080444,-3.308359146118164,-0.1796857565641403,0.3998405337333679,-0.736494779586792,-0.5710452795028687
1988-12-13,-0.3953072726726532,-0.3214264214038849,-1.098832607269287,-0.0811406299471855,-0.70353102684021,-0.4695210456848144
2001-05-24,0.1580901592969894,-1.322458267211914,-2.561611652374268,-0.6613025069236755,-0.693358302116394,1.7048275470733645
1999-05-21,0.2493943274021148,-1.8555583953857424,0.7743919491767883,-1.3462740182876587,-0.3029312193393707,-0.1466117650270462
1983-08-19,1.832403302192688,-0.9188794493675232,3.4472556114196777,-1.0773446559906006,0.8329179883003235,1.2060389518737793
1982-05-16,-0.2533489167690277,-4.212321758270264,-0.2288592755794525,-0.7738256454467773,-1.890802383422852,-0.4860032498836517
1989-01-19,0.362417995929718,-1.695626974105835,0.0496148169040679,0.5947312116622925,0.6382496356964111,-0.9878819584846495
1996-04-26,-2.191007614135742,-2.6739156246185303,-0.3619592785835266,-1.1598501205444336,-2.641708374023437,-0.6778169274330139
1995-05-04,-1.0211888551712036,-0.7201615571975708,-1.2377270460128784,-0.6104415059089661,-0.823689341545105,-0.4490246176719665
2004-09-28,0.0777635425329208,0.0074171372689306,-0.2343043237924575,-0.307551771402359,-1.2263036966323853,1.073777437210083
2002-01-12,1.698738694190979,0.1483422070741653,1.1529780626296997,0.3971149027347564,1.0763018131256104,0.8212710618972778
1985-09-24,-0.7496337890625,-0.7485043406486511,-0.1399049907922744,-0.2913652956485748,0.2540156841278076,-0.1120508536696434
1993-06-10,-0.7627884149551392,-2.7759652137756348,-1.9747755527496336,-2.3352391719818115,-2.9816012382507324,-0.6828769445419312
1995-05-26,-0.7719025015830994,-2.562448501586914,-3.2116055488586426,-1.2313097715377808,-1.313353419303894,-2.7751834392547607
1984-10-22,-1.9140679836273196,-1.7110780477523804,-3.166237592697144,-2.3208658695220947,-2.241425037384033,-1.5243057012557983
1988-12-11,-0.4454619884490967,-0.3910950720310211,-1.413898229598999,-0.2244425565004348,-0.6319893598556519,-0.5701743960380554
2001-12-31,1.3530772924423218,0.2158644199371338,1.2193214893341064,1.0938855409622192,1.290178894996643,0.300017774105072
2005-01-04,1.1474967002868652,0.7212915420532227,1.78936505317688,0.8397895097732544,1.4718571901321411,0.7854283452033997
1983-05-20,-1.3256860971450806,-0.340965986251831,0.3812018036842346,-1.774421215057373,-1.9652214050292969,-0.020808707922697
1983-12-19,0.1795128434896469,-1.7264708280563354,-0.0346612446010112,-0.1981407701969146,0.0291256811469793,-0.3211608529090881
2006-04-17,0.3570241034030914,-1.6638792753219604,-0.2869388461112976,-0.6734692454338074,-0.6036373972892761,1.4795540571212769
2004-05-22,-0.7039141058921814,-0.920559585094452,-1.412230134010315,-2.0124852657318115,-2.081254243850708,3.69983434677124
2005-05-04,-0.493438184261322,-1.0864068269729614,0.769727349281311,-0.7453626394271851,-2.325683355331421,0.2245782613754272
2000-11-23,0.0648779720067977,-0.1137590631842613,-0.4663301110267639,-0.5574279427528381,-0.2746143937110901,2.111955165863037
1996-07-18,-1.6278948783874512,-4.90546178817749,-1.1891534328460691,-0.8251224160194397,0.3035717308521271,2.822521448135376
2004-03-03,0.0740290209650993,-0.9497269988059998,1.9621702432632449,0.8819766044616699,1.071306586265564,0.332055002450943
2006-08-30,-0.109119527041912,-0.1685689240694046,3.4236676692962646,2.568791151046753,2.4580883979797363,1.2008695602416992
1994-01-18,0.932425320148468,-0.4156281948089599,0.8196038603782654,0.5147141218185425,0.7082569599151611,-1.0578892230987549
1990-04-01,-0.6127599477767944,0.7716274261474609,-0.1396772116422653,-0.0001533745526103,-0.546492338180542,-1.851044058799744
1985-07-08,0.7453852891921997,-1.318419337272644,-1.0610803365707395,-1.1870259046554563,2.958823204040528,-2.350990295410156
2005-08-06,1.0459414720535278,-0.4851562976837158,2.623213529586792,2.566718101501465,3.373704671859741,0.3530527055263519
1998-10-05,-2.5696206092834477,-1.0729899406433103,-0.4444251358509063,-0.0061562652699649,-2.699662446975708,-0.7798856496810913
1983-07-31,1.1341955661773682,0.0086891055107116,2.971045017242432,1.9672752618789675,1.9424374103546145,2.4262752532958984
1996-04-27,-1.215797781944275,-3.0241851806640625,-0.1707312017679214,-1.2214432954788208,-2.266798734664917,-1.106912612915039
2005-03-05,-0.5867396593093872,1.917068719863892,2.0949275493621826,0.7206259369850159,0.9566945433616638,0.3943817615509033
1992-10-26,-2.467123508453369,-2.1581122875213623,-2.7746775150299072,-1.7239190340042114,-2.2643558979034424,-3.002189874649048
1985-03-27,0.8489938974380493,-1.4309784173965454,-0.0690840110182762,0.2225046902894973,-0.2063986361026764,-1.0770411491394043
2005-10-17,-0.2840631604194641,1.2889219522476196,-0.3862388730049133,-0.4108622968196869,-0.1614385545253753,2.945695638656616
1982-12-24,-0.0246318634599447,0.377109944820404,-1.8186875581741333,0.072479136288166,0.0273922439664602,2.894284963607788
1997-12-27,0.4139262735843658,-0.8698051571846008,-0.7510770559310913,0.6026231646537781,0.2603362798690796,-1.0035477876663208
1984-01-12,0.3236914575099945,0.1652589291334152,0.1519642025232315,-0.2845119833946228,0.3982180953025818,-0.7041288614273071
1998-04-14,-0.3776653110980987,-3.0740747451782227,-0.2221371382474899,-0.443663090467453,-1.6327062845230105,1.705765724182129
1989-10-28,-1.1527522802352903,1.7418084144592283,-2.37652587890625,-1.3925822973251345,-2.079741239547729,0.4864279627799988
1996-04-29,-1.3378690481185913,-2.386861801147461,-0.0419309884309768,-1.08601176738739,-2.3094747066497803,-1.0076541900634766
1997-06-05,-1.00740647315979,-4.762710094451904,-3.53955340385437,-0.4952422082424164,-3.110058069229126,-3.459491014480591
1990-01-13,-0.4056736528873443,0.0240717250853776,-0.9348852634429932,0.1086820140480995,0.1216641962528228,-1.5701017379760742
2000-01-01,1.8730968236923216,1.1158583164215088,0.1893227696418762,0.7538892030715942,0.6301751732826233,0.450042188167572
1999-02-17,1.118025541305542,2.4633378982543945,1.748387336730957,1.047962665557861,1.540012001991272,5.990872383117676
1993-10-08,-2.0833044052124023,3.6507139205932617,-0.277690976858139,-1.21815288066864,-2.370855569839477,-1.0945346355438232
2007-12-30,0.0630992650985717,-0.4941270351409912,-0.4506918787956238,0.5938855409622192,0.9901910424232484,0.350036084651947
2002-07-10,0.5836098790168762,0.2870672345161438,0.7470819354057312,-0.046041365712881,0.7037301659584045,0.7352868914604187
1995-08-28,-0.3056892454624176,0.3455613851547241,2.1626315116882324,1.815477728843689,-2.6475210189819336,-1.8139044046401975
2000-01-13,2.2487568855285645,0.8883324265480042,1.0329829454421997,0.7471209764480591,0.9863054752349854,0.9512759447097778
1996-08-19,1.0895333290100098,2.543509006500244,2.137028217315674,2.180797815322876,2.710613489151001,2.322938919067383
2002-06-25,-0.0228592958301305,-0.1200787499547004,-1.408204436302185,-0.5156523585319519,-1.7004398107528689,0.7159388661384583
1985-11-30,-0.6609144806861877,-1.0577014684677124,-3.206923484802246,-0.9609836339950562,-2.111619472503662,-2.601461410522461
1994-12-18,1.08370840549469,-0.2915534675121307,-1.0361530780792236,-0.0887120068073272,0.0826808884739875,-2.043843984603882
1991-06-25,0.8269026875495911,-4.761028289794922,-2.8047399520874023,-2.1019961833953857,2.8685073852539062,-4.793824195861816
1995-09-07,-0.2105898410081863,-0.9875282645225524,0.4805546998977661,-0.2927955985069275,-0.9828452467918396,-2.4873499870300293
1986-05-26,-0.5160207152366638,2.6312358379364014,-2.073052406311035,-0.573688268661499,-0.9387916922569276,-0.485366016626358
1987-06-22,-0.2263130247592926,-2.400531768798828,-0.1611177772283554,-0.8505094051361084,0.629422664642334,-1.2265138626098633
1991-10-03,-2.656423330307007,-2.9769675731658936,-1.8360637426376345,-1.3328801393508911,-3.79660439491272,-0.8255372643470764
1983-01-10,1.1575064659118652,-0.4587011337280273,-0.2406336963176727,-0.1402214616537094,0.3618718087673187,0.5854161381721497
1991-09-10,-1.4914963245391846,0.1426325589418411,-2.5911459922790527,-1.656485676765442,-1.125881910324097,0.0877219140529632
1994-12-06,0.8997755646705627,-0.2938387095928192,-2.178485631942749,-1.043984055519104,-0.0115405907854437,-2.793295860290528
1999-12-22,2.0030863285064697,2.1668238639831543,0.6723268032073975,0.2677825093269348,0.8363515734672546,2.1175005435943604
2002-01-19,1.868849754333496,-0.1650337725877761,1.3195247650146484,0.5969568490982056,1.4101558923721311,1.169252634048462
1984-03-03,1.2216289043426514,0.2437597960233688,2.19113564491272,0.6178817749023438,1.278861165046692,0.7953290343284607
1987-08-27,1.1886461973190308,-1.657029390335083,1.648840308189392,0.6336378455162048,-1.247856616973877,0.0889382511377334
1992-01-05,-0.2400243133306503,0.5086097121238708,-0.7747876048088074,0.2161883562803268,-0.2331298887729644,0.8785334229469299
1994-12-09,0.5988443493843079,-0.7213916778564453,-1.9920579195022583,-0.7514880895614624,-0.0428513959050178,-2.5957353115081787
1988-03-22,-0.2664442956447601,-0.2979658544063568,0.7739068865776062,0.5165473222732544,0.2621817886829376,0.3712887167930603
2002-06-24,-0.2870740294456482,-0.1777191162109375,-1.6613293886184692,-1.2049479484558103,-1.532467007637024,0.8354781270027161
1991-01-06,1.0769023895263672,4.663712024688721,0.2912422716617584,0.4413774311542511,0.4072149991989136,-0.7483801245689392
2000-06-29,1.30254065990448,3.3674240112304688,0.6746423244476318,0.2967791855335235,1.4950941801071167,-0.8961729407310486
2000-10-30,-0.5587232708930969,-1.328155517578125,-1.0779110193252563,-1.5188809633255005,-1.884277939796448,-1.40754234790802
1986-09-04,-0.5891305208206177,-1.0185750722885132,0.8836591839790344,2.008793592453003,-0.6818958520889282,2.280856132507324
1997-05-20,-1.813156485557556,-0.5242010951042175,-3.1074018478393555,-1.6176587343215942,-2.819664239883423,-1.7127033472061155
1991-03-21,0.1508396714925766,1.532054424285889,-0.0430586151778698,0.2602691352367401,0.1563817709684372,2.244842052459717
1995-08-13,1.3469793796539309,2.0388283729553223,1.5927315950393677,1.5070605278015137,1.787415623664856,-0.9292689561843872
2007-09-21,-0.4327603578567505,1.651879072189331,0.8628334403038025,-0.9066130518913268,-1.5502777099609375,2.5363528728485107
2006-05-07,-0.0710614696145057,1.1526650190353394,1.289004921913147,-0.5933285355567932,0.4581910073757171,4.262032985687256
1985-01-15,1.662146806716919,1.68171489238739,0.5898157358169556,0.1082716062664985,0.7650937438011169,-1.2539410591125488
1990-09-17,0.2567993402481079,1.3315712213516235,2.0021119117736816,-0.8036224246025085,0.5590169429779053,-0.7532725930213928
1985-09-26,-0.7827664613723755,-0.7981330752372742,-0.5771690011024475,-0.2666289508342743,0.7297210693359375,-0.693658173084259
1990-02-02,0.9964772462844848,-1.3633155822753906,0.5262171626091003,0.4852739572525024,1.2916045188903809,-2.039498805999756
2007-06-08,-1.8482669591903689,-3.936131000518799,-2.372718572616577,-2.92215633392334,-0.9319369196891784,-0.5483807921409607
1983-06-20,0.5281894207000732,1.1703983545303345,-0.3504057228565216,1.4624769687652588,2.4705846309661865,-1.2466076612472534
1994-07-08,1.2336817979812622,1.0030925273895264,0.3994545042514801,-0.5960822105407715,0.5721327662467957,-1.1355783939361572
1986-06-11,-1.0069246292114258,-2.315521717071533,-2.1664514541625977,-1.3380707502365112,-2.4302000999450684,-1.017223834991455
2001-06-16,-0.1039197146892547,-2.2970783710479736,-1.7346742153167725,-0.532241940498352,2.378814935684204,2.089706420898437
2000-01-05,2.2127466201782227,2.217939853668213,0.6459701657295227,0.5759151577949524,0.7255638837814331,0.7839159369468689
1985-09-29,-1.4512492418289185,-0.9831110239028932,-0.2178341895341873,-1.1078790426254272,0.2337938845157623,-0.3057171404361725
2002-05-06,-1.715394139289856,-0.0828743204474449,-1.799660325050354,-1.3010296821594238,-3.857330083847046,-1.9522902965545652
1990-10-08,-1.7571009397506714,0.9483185410499572,0.773043692111969,0.1724547445774078,0.8889107704162598,0.2671746015548706
2004-08-07,1.8962762355804443,0.1988106518983841,3.6574416160583496,3.1203134059906006,3.085662364959717,0.2979113757610321
1987-12-30,-1.2860554456710815,-0.9398124814033508,-0.4410794973373413,0.5626146197319031,0.7703155279159546,-0.0335466191172599
1998-12-27,0.2639323770999908,-1.599816083908081,-0.4110807180404663,0.7526170611381531,0.4003204107284546,-1.1935502290725708
1986-10-06,-1.5907353162765503,-2.5122570991516118,-3.063947916030884,-1.5611010789871216,-2.361659526824951,-1.8502591848373413
1994-01-06,1.7127466201782229,-0.2320419400930404,0.3059738278388977,0.26591756939888,0.6755760908126831,0.1439318209886551
1994-12-02,0.6806962490081787,-0.759903073310852,-2.6269960403442383,-0.8665354251861572,0.0043362891301512,-3.4376204013824463
1990-10-30,-0.631504476070404,3.1137616634368896,0.2634781301021576,-1.5084620714187622,-0.977888822555542,-1.043651461601257
1985-11-22,-0.3842045962810516,0.0876957029104232,-2.5212576389312744,-1.52121102809906,-1.357572317123413,-2.571181058883667
2005-10-12,-0.3720822036266327,2.4368066787719727,0.1851727664470672,-0.7722441554069519,0.354421854019165,3.7968244552612314
2005-05-02,-1.76128351688385,-0.5250231623649597,0.0157100223004817,-0.8050662875175476,-2.853801250457764,0.3162451684474945
1984-08-13,3.1082100868225098,2.2941243648529053,5.0137481689453125,0.5649289488792419,3.410266399383545,2.174151659011841
1994-10-02,-0.7064417004585266,0.2130043357610702,-0.0260661523789167,0.5371149182319641,-0.9065897464752196,2.1244750022888184
1990-05-24,-1.4182428121566772,-1.4770939350128174,-1.7741888761520386,-1.1849554777145386,-3.8959901332855225,-0.740844190120697
1983-03-02,0.8288869857788086,0.8772906064987183,2.157071828842163,0.5851763486862183,1.3479846715927124,1.7222775220870972
1994-02-27,1.4088735580444336,0.4772967100143432,0.9870889186859132,0.9451617002487184,1.3479846715927124,-0.9977236986160278
1988-03-21,-0.2691432535648346,-0.5079541206359863,0.8369462490081787,0.5102691054344177,0.456369549036026,0.1948541551828384
2005-02-28,-0.332375019788742,2.4045724868774414,2.106262683868408,0.7865334153175354,1.1994670629501345,2.5524649620056152
2007-07-10,-0.9160101413726808,-0.3820433914661407,-1.699900507926941,0.1632503122091293,0.8170046806335449,-0.5622853636741638
2003-07-30,0.9102481603622437,5.160367965698242,2.453428030014038,3.0022196769714355,-0.858217716217041,1.3415703773498535
2003-01-22,0.272864431142807,-0.5246937274932861,0.4436425268650055,0.8416206240653992,1.4103922843933103,-1.5335263013839722
2004-03-23,-2.355919361114502,-2.547420024871826,1.1575075387954712,0.6742241978645325,-0.2313383221626281,-0.2076267153024673
1983-01-26,1.8795976638793943,1.329682469367981,0.6873988509178162,0.2109141051769256,0.9727497100830078,2.621858835220337
1994-12-03,0.6982901096343994,-0.5081528425216675,-2.457134246826172,-0.8181843161582947,-0.0084189511835575,-3.2515182495117188
2001-09-25,0.9987323880195618,-4.2931084632873535,-0.9378353953361512,1.2421270608901978,1.38381826877594,-0.7557293772697449
1997-02-01,1.1263972520828247,0.1412347853183746,1.285318374633789,0.467853844165802,1.5465623140335083,0.8241885304450989
1990-04-28,-1.6010112762451172,-0.4839133024215698,-0.8719385266304016,-1.0898427963256836,-0.6317290663719177,-3.607809543609619
1997-07-28,-0.5040459036827087,-0.5727484822273254,0.4612703323364258,0.8796549439430237,1.693473219871521,-3.0742359161376958
2003-07-31,1.1780222654342651,4.323921203613281,2.9013478755950928,3.128230094909668,-0.1370484083890915,2.626006364822388
2004-01-25,1.2640576362609863,-1.8349785804748533,1.6913634538650513,1.02848219871521,1.4884538650512695,1.2233121395111084
1994-11-10,-0.0543798431754112,-2.722813606262207,-2.038616895675659,-0.2098669409751892,-1.9228761196136477,-2.219491481781006
1999-06-10,3.151732921600342,-3.536106586456299,0.977287530899048,-1.9321355819702148,-0.1519381254911422,0.011616782285273
2001-07-13,0.1383564174175262,0.2526866495609283,0.2307155728340149,-0.3359564542770386,0.7401432394981384,0.655404269695282
2006-01-18,1.938857078552246,2.3549551963806152,2.4795284271240234,0.7769495248794556,1.8501583337783811,0.6592734456062317
2003-11-29,0.1629457622766494,-3.2717418670654297,-0.6669126152992249,0.3049954175949096,-0.4536479115486145,-0.0236868057399988
1992-04-06,-2.4456307888031006,2.2210731506347656,-0.3402047157287597,0.1570405662059784,-1.5555564165115356,-1.2828550338745115
2001-09-16,-0.2549521028995514,0.2262772917747497,1.529633402824402,0.1100777387619018,-0.031538113951683,0.488102912902832
2001-10-20,-1.3555768728256226,2.5199849605560303,0.4855099022388458,-0.8740803003311157,0.3166946768760681,1.9825201034545896
1988-10-17,-2.3286478519439697,-1.5426002740859983,-1.4021846055984497,-2.1572251319885254,-3.523338794708252,-0.2855370640754699
1995-09-27,-0.6012431979179382,-0.4431025087833404,-1.657836675643921,-0.3478997945785522,-0.1861890256404876,-0.0057293553836643
2007-11-11,-1.704436182975769,1.0336769819259644,-0.7425268888473511,-0.2805648148059845,-0.699235200881958,0.9422591924667358
1994-06-19,2.7545862197875977,4.315938472747803,-0.1782635748386383,-2.016570806503296,-0.4415836930274963,-3.003579378128052
1995-05-17,-1.7956873178482056,-3.100945234298706,-0.5988091826438904,-0.0544199794530868,-1.9051933288574217,-2.040797710418701
1996-02-22,-0.9425316452980042,-0.8286018371582031,1.787798285484314,0.5757135152816772,1.4753516912460327,0.9738678336143494
2007-06-28,-0.59748375415802,0.0474473237991333,-2.175363779067993,0.706782877445221,0.5350722074508667,-0.1161436215043068
2005-02-02,0.7068356871604919,-0.8628786206245422,1.4304859638214111,0.6899668574333191,1.4658890962600708,-0.0825223252177238
1995-04-27,-0.851011335849762,-0.2039145082235336,-1.1719568967819214,1.2601633071899414,-1.2217254638671875,0.1621794402599334
2000-10-11,-0.1255523860454559,-0.4214237034320831,-0.0453999191522598,-0.4302855432033539,-0.695940375328064,-0.0050772330723702
1985-10-24,-0.6455548405647278,-3.1500284671783447,-1.914484024047852,-2.384089946746826,-2.113297939300537,-2.797478675842285
1984-07-26,1.9915305376052856,1.5464205741882324,1.8786836862564087,0.5865810513496399,1.9231107234954836,2.630035638809204
2006-02-10,1.5511078834533691,0.2144239693880081,2.499715805053711,0.6731078624725342,1.9689360857009888,1.2073639631271362
1982-12-25,-0.1054317727684974,0.4122706055641174,-1.6577825546264648,0.1853560656309127,0.1426396667957306,2.516138792037964
1992-03-17,-1.446749925613403,1.5040980577468872,0.5132463574409485,0.505815327167511,0.3655356466770172,-1.3031327724456787
2001-09-21,0.7330428957939148,-0.8739627003669739,-1.6495734453201294,0.925556480884552,-0.7241672277450562,-1.2735315561294556
1993-11-06,-1.5366944074630735,3.987420320510864,-1.0628446340560913,-1.704971432685852,-2.782444477081299,-2.092041492462158
1984-06-01,-0.5041677355766296,-1.610501408576965,0.3992286622524261,-2.6565330028533936,-1.4873130321502686,2.3327455520629883
1991-03-18,0.3732269406318664,2.184090614318848,-0.0067731710150837,0.275804340839386,0.3655356466770172,2.9968855381011963
2001-06-18,-0.0163215678185224,-2.040546417236328,-1.1711275577545166,-0.5504910945892334,2.219449520111084,1.5534849166870115
1986-09-12,-1.5394927263259888,-0.8201777935028076,1.4513150453567505,2.8281545639038086,-1.413748264312744,0.8674908876419067
1994-06-13,-1.6380212306976318,3.964532613754273,-1.927361369132996,-2.245173692703247,-2.819254875183105,-3.628808736801148
1989-12-01,-0.714917778968811,-0.5236557722091675,-1.3969138860702517,-1.0435951948165894,-0.992343544960022,-2.2397031784057617
2005-12-09,0.6046926975250244,-0.6214142441749573,1.241163730621338,0.3388727903366089,0.80647873878479,1.3304667472839355
1988-03-24,-0.2256338000297546,-1.1818671226501465,0.7315825819969177,0.5363205671310425,0.4071750938892364,0.6599318981170654
1991-10-31,-1.0546834468841553,-0.3342002928256988,-1.664778470993042,-1.2856959104537964,-1.5907362699508667,-0.8624390959739685
1995-01-25,0.7547019720077515,1.4797348976135254,0.9380831122398376,0.5714647769927979,1.4055708646774292,-1.3000811338424685
1983-12-01,-0.4208937287330627,-1.5476917028427124,-0.8669270873069763,-0.6710056066513062,-1.3015915155410769,-1.561452865600586
1989-09-03,0.5108755826950073,-2.938588380813598,1.2536542415618896,0.1287888139486313,-3.3718981742858887,1.9408597946166992
1983-04-06,-0.3480348885059356,0.2165815085172653,0.8185409903526306,-0.1129292622208595,-0.3928545415401459,0.7088611721992493
2006-12-19,2.1045901775360107,-0.9377354979515076,0.0322199240326881,0.595359742641449,2.282654285430908,1.3561351299285889
2006-07-11,2.835538864135742,1.6898239850997925,2.3946306705474854,-0.6267208456993103,2.282452344894409,1.2210882902145386
2002-11-01,-0.159888282418251,-3.069652795791626,-2.576831579208374,-0.8504368662834167,-1.9252222776412964,-0.7295278310775757
2007-03-06,1.5353965759277344,2.1033475399017334,0.98798930644989,0.6984423398971558,1.190639615058899,0.6183022856712341
1991-04-04,-0.8180360794067383,0.0565778464078903,-0.5814529061317444,-0.1229085102677345,-0.5428484082221985,-1.9311230182647705
1997-08-28,-0.2637422978878021,-2.004093885421753,0.998357892036438,1.9081144332885744,2.324460983276367,0.6281037330627441
1983-02-02,1.3320163488388062,0.6137571334838867,1.022098422050476,0.3272930085659027,1.2439862489700315,2.649341106414795
2001-12-09,1.1498297452926636,1.1789207458496094,0.6138468384742737,0.0023589639458805,0.1277987509965896,2.985241651535034
1987-09-08,0.682366132736206,-0.8705600500106812,2.0646982192993164,1.1555179357528689,-1.3576513528823853,0.4073539078235626
1985-01-10,2.2511563301086426,1.7237366437911987,0.2813633978366852,-0.1470172852277755,0.7461028099060059,-1.4139385223388672
1994-02-16,0.498253583908081,0.7059443593025208,0.8254654407501221,0.6230275630950928,1.5415338277816772,2.115715980529785
2005-08-31,0.0812346041202545,3.3688318729400635,2.9505727291107178,0.9364596605300904,4.092902183532715,2.260262250900269
1989-07-19,-0.5957602262496948,0.6174858212471008,1.988374710083008,1.0409764051437378,1.5467751026153564,-1.9857754707336424
1993-12-15,0.5565731525421143,2.535391569137573,-0.1798852384090423,-1.0133763551712036,-0.7746352553367615,-1.0953289270401
2001-02-22,0.6970996856689453,-0.3880206644535064,1.214221477508545,0.8185532689094543,1.4922339916229248,-1.0283650159835815
2007-04-21,-1.5518975257873535,-2.167633533477783,-1.5831421613693235,-0.2681381106376648,-2.002027988433838,-0.7960346937179565
1996-07-24,-1.4324419498443604,-4.569789409637451,-0.108474425971508,0.4854730069637298,-0.0257661286741495,1.5848679542541504
2004-03-18,-2.136439323425293,-2.6779706478118896,1.213909387588501,0.6465216875076294,0.0521598011255264,0.0012936035636812
2007-08-30,2.990886688232422,2.8114116191864014,2.593650579452514,0.5287827253341675,1.1581004858016968,0.080874390900135
1986-07-05,-0.9392950534820556,-1.5693312883377075,-0.8672817349433899,-0.198572352528572,0.6388068795204163,-0.5982666611671448
1984-10-30,-0.4275286197662353,-1.6475505828857422,-3.047125816345215,-2.980741500854492,-2.154231071472168,-3.1240451335906982
1989-05-04,-1.9117796421051023,2.074100971221924,-1.4221652746200562,-0.9662199020385742,-0.4541412591934204,-1.7050005197525024
1991-10-28,-1.8027461767196653,0.4318108558654785,-1.6865234375,-1.4225810766220093,-2.0497424602508545,-1.693564772605896
1989-10-02,-2.312220573425293,1.647401213645935,-0.8142908811569214,-2.257533550262451,-3.246323108673096,-1.666212797164917
1996-12-20,-0.4146465063095093,-1.9128680229187007,0.7713087797164917,0.0324705876410007,0.6073788404464722,0.954282522201538
2000-04-09,0.6521974205970764,3.046433210372925,1.2591431140899658,-0.301708847284317,-1.0006659030914309,3.95269775390625
1996-12-14,-0.5034244060516357,-1.9346097707748413,0.7001196146011353,-1.0033971071243286,0.2353439778089523,1.124672293663025
2004-03-02,-0.0230800844728946,-1.1002215147018433,1.9824151992797847,0.8411752581596375,1.1198755502700806,0.453668475151062
1992-02-29,-0.6738953590393066,1.1662116050720217,1.200231671333313,0.612028956413269,1.3147121667861938,0.2795312404632568
2006-06-06,-0.3869295418262481,-2.415527820587158,-0.436440497636795,-0.1680573225021362,0.9298158288002014,0.5927920341491699
2007-07-13,-0.5876155495643616,-0.8534421920776367,-0.2116677314043045,0.7855856418609619,1.4500812292099,-1.0793250799179075
1985-09-11,-0.4415085911750793,0.0426569692790508,-1.0111287832260132,2.1835107803344727,-1.1658904552459717,-1.8022621870040891
1995-01-22,0.8549162149429321,0.5928954482078552,0.919344127178192,0.4393641352653503,1.2426844835281372,-0.2738817930221557
2006-04-05,-0.0806749910116195,-1.2715520858764648,0.6748450994491577,0.0897994339466095,-0.5126928687095642,1.1330376863479614
2007-01-16,2.9025821685791016,1.9556896686553955,1.1046063899993896,1.0396358966827393,2.7879421710968018,1.0722450017929075
1984-10-13,-1.144321084022522,0.5943266153335571,-1.8993998765945437,-1.855576753616333,-3.1405138969421387,-1.1724025011062622
1992-07-27,1.6238453388214111,-0.2986752092838287,-1.077299952507019,0.7358088493347168,0.0838870033621788,-2.5920403003692627
2007-11-13,-1.5421704053878784,0.893979012966156,-0.6407464742660522,-0.3347068428993225,-0.6318001747131348,1.226137638092041
1990-05-23,-1.6606093645095823,-1.4555644989013672,-1.855612874031067,-1.2162691354751587,-3.932936191558838,-0.55661541223526
1982-04-02,-0.7804924249649048,-0.4457136988639831,-0.0762781202793121,0.3224472999572754,-0.4115048944950104,0.0063487058505415
1993-02-10,0.4891639947891235,0.980539321899414,0.4745863080024719,0.4842695593833923,1.5125532150268557,-0.9735970497131348
1987-03-20,-1.099291205406189,1.4680984020233154,0.5465936064720154,0.4948846995830536,0.298063725233078,-0.2023478299379348
1989-09-01,0.295184463262558,-0.849162220954895,0.9465429186820984,-0.0835719853639602,-3.293842315673828,1.746532917022705
1986-10-14,-2.095525026321411,-1.719048023223877,-2.313227653503418,-2.363265991210937,-3.343956708908081,-2.5193121433258057
1982-07-18,1.7783405780792236,-0.067320667207241,0.1707180142402649,0.1440545320510864,2.060150623321533,1.4054043292999268
1992-07-14,0.5155619978904724,-1.8201857805252075,-2.18535590171814,-0.9667477011680604,-0.7275574803352356,-4.128917694091797
1985-03-05,1.3976359367370603,-0.9854117035865784,0.936249315738678,0.6165199875831604,1.1994670629501345,-0.427545964717865
1998-10-06,-2.547109603881836,-1.751693606376648,-0.746945321559906,0.3024596273899078,-2.4210867881774902,-0.6328498125076294
1993-01-07,0.1375174820423126,-0.4486913681030273,-0.0106532210484147,0.1097785457968711,0.4118596017360687,-0.7145716547966003
1993-07-09,5.259472370147705,-0.3497837781906128,-1.6032434701919556,-0.0296310391277074,0.6768805384635925,3.743329763412476
1992-12-21,0.0653644725680351,0.317112386226654,-0.8886948823928833,-0.1575013399124145,-1.5426150560379028,-1.275697946548462
2001-12-17,1.4949145317077637,-0.0347916260361671,0.4070842564105987,0.2154280096292495,0.5823665261268616,1.4192770719528198
1994-05-18,-1.0821462869644165,1.1886123418807983,-1.4552520513534546,-1.5425177812576294,-2.908921241760254,-2.313173294067383
1995-05-13,-1.76335871219635,-3.8223373889923096,-1.218849539756775,0.5961694717407227,-1.3508243560791016,-1.5860093832015991
1991-05-22,0.2568508088588714,-0.6542059779167175,-2.8274030685424805,-1.8676587343215945,-1.169670343399048,-1.8127094507217407
1999-02-24,0.8093675374984741,4.6451568603515625,1.634050726890564,1.2084280252456665,1.4067555665969849,4.283307552337647
1985-09-16,-0.945110321044922,-0.297768086194992,-0.696844220161438,0.6764477491378784,0.5487293004989624,-1.3888331651687622
1987-02-14,-0.0512249171733856,-0.6255089044570923,0.8635050654411316,0.6411592364311218,1.532788872718811,0.4584298133850097
1994-12-25,1.557839035987854,-0.3258920311927795,-0.3601790070533752,0.1812181919813156,0.2789689898490906,-1.4412682056427002
1982-03-01,0.51998370885849,-1.133074402809143,1.521678805351257,0.9873046875,1.3886480331420898,0.1635175496339798
1998-04-08,-0.4351335763931274,-0.2644974887371063,0.6946664452552795,-0.2199798077344894,-0.523766040802002,0.5641120672225952
1985-10-29,-0.7027400732040405,-3.648206233978272,-2.12652587890625,-2.02255654335022,-1.3297412395477295,-0.8435586094856262
1997-02-13,1.0017995834350586,0.9929559230804444,1.803816080093384,0.5540692806243896,1.5524321794509888,1.1849088668823242
1982-06-22,-0.5554417967796326,-3.4840493202209477,-1.128245234489441,-0.1165768802165985,0.5083979964256287,-1.8435758352279663
1991-05-19,-0.7321402430534363,-0.2314011454582214,-2.695242404937744,-1.8525153398513796,-1.538926124572754,-2.083192825317383
1982-04-26,-1.1507266759872437,-1.180429220199585,-0.839523196220398,-0.5986284017562866,-1.4607956409454346,-1.3506497144699097
2003-09-23,2.322920083999634,1.1789555549621582,1.347251534461975,0.7620751261711121,1.1256929636001587,0.1776092946529388
2005-07-15,1.3542214632034302,0.2374809384346008,1.8883686065673828,1.4709995985031128,1.7367470264434814,2.8342318534851074
1986-07-15,-0.8160345554351807,-1.2820372581481934,-1.109873652458191,-0.0167728811502456,0.5970034599304199,-0.1822804659605026
1982-08-30,-0.945923388004303,-1.2033956050872805,0.7391446232795715,0.6838444471359253,-2.026913642883301,1.205583930015564
1985-12-21,0.0348925665020942,-1.4648147821426392,-1.9429218769073489,-0.0445512346923351,-0.0476383604109287,-3.6107218265533447
2006-12-15,1.783690094947815,-1.061542510986328,-0.0261433459818363,0.4812953174114227,1.7626736164093018,1.1961766481399536
2003-01-08,1.86508047580719,-1.4041719436645508,-0.2788549959659576,0.5972757339477539,1.448195219039917,-1.5652047395706177
1999-10-13,-0.6143985986709595,1.507201910018921,0.0540818460285663,-1.6165848970413208,-1.30645751953125,0.3703164160251617
2007-04-15,-1.7296186685562134,-2.4971823692321777,-1.3124486207962036,-0.2096325159072876,-2.3214011192321777,-0.8587452173233032
1982-07-04,-1.51746666431427,-0.8325575590133667,-2.435373544692993,-1.2232098579406738,-2.114921808242798,-1.6761716604232788
1995-01-27,0.8340649008750916,1.2150092124938965,0.7513915300369263,0.818490743637085,1.4784746170043943,-1.6967012882232666
2006-02-14,1.0539538860321045,0.330332487821579,2.033017158508301,0.6909931302070618,1.8070945739746092,0.7690056562423706
2000-06-16,0.0160754043608903,-2.487080812454224,-0.6346680521965027,-1.732223629951477,-1.7711790800094604,-4.3302764892578125
2007-11-07,-1.5343602895736694,-0.0228014234453439,-1.1086242198944092,-0.1998571753501892,-1.3628785610198977,0.3005280792713165
2000-09-21,1.2330429553985596,1.2460628747940063,2.470452070236206,0.925556480884552,0.4758144915103912,0.3964513540267944
2007-12-08,-0.480175107717514,0.028896365314722,-0.4061422049999237,0.2723479866981506,0.2578036189079284,1.3652465343475342
1999-05-07,0.8345935940742493,0.4971122443675995,-0.1796651631593704,-0.191044270992279,2.962677240371704,1.7677109241485596
1987-12-14,-0.8452889919281006,-0.6514130234718323,-0.8488325476646423,-0.3011418581008911,-0.523507833480835,0.5904765129089355
2001-06-28,2.384857416152954,1.576972484588623,-1.072698950767517,-0.7546418905258179,-0.2339770048856735,-1.8490991592407229
2004-03-14,-1.336764574050903,-1.5359104871749878,1.3132342100143433,0.795823872089386,0.3655356466770172,0.1368696242570877
1998-07-08,1.23948335647583,-0.6898106336593628,0.0767492055892944,0.5503860712051392,1.8368841409683228,2.233319997787476
2000-03-03,2.2668979167938232,1.0797711610794067,4.03243350982666,0.6111642718315125,1.1898828744888306,1.273675799369812
1994-06-24,1.3569014072418213,2.728961944580078,-0.6947546005249023,-1.2919987440109253,-1.1115036010742188,-2.983826875686645
1985-04-30,0.6642070412635803,-3.6742095947265625,-1.9007421731948853,-0.581428587436676,-2.776808500289917,-4.376901626586914
2002-12-26,1.8339396715164185,-0.6498039364814758,-1.0210660696029663,0.5926133990287781,0.6803191900253296,-3.1235430240631104
1994-10-29,-0.2915081679821014,-0.5462115406990051,-2.016520738601685,-0.0984583646059036,-1.507887601852417,0.1263314038515091
2004-05-05,-2.3954174518585205,0.3271293342113495,-0.6996541619300842,-0.891056478023529,-1.677337408065796,-0.4522903263568878
1995-02-07,0.4025794565677643,0.9044851064682008,0.9904043674468994,0.7265990972518921,1.5024118423461914,-0.6969136595726013
2005-09-15,-0.0649496689438819,-0.0537214875221252,0.3196419477462768,0.8800667524337769,1.5484789609909058,4.048100471496582
1994-05-15,-1.133763551712036,-0.6709738969802856,-1.6976089477539062,-1.4687275886535645,-3.5878264904022217,-2.167415142059326
2005-03-18,-0.7864332795143127,-0.6279524564743042,1.483928918838501,0.3665229082107544,0.0421805530786514,0.6912960410118103
2007-05-16,-1.5488901138305664,-7.842103481292725,-0.2521694600582123,-1.81076455116272,-1.5026034116744995,-1.285980224609375
1991-09-11,-1.2594939470291138,0.2198002487421035,-2.728677749633789,-1.481843113899231,-1.1237397193908691,0.1774884313344955
1985-10-20,-1.2684746980667114,-2.4986629486083984,-2.3421876430511475,-2.1352860927581787,-2.204873561859131,-2.377053022384644
1988-05-03,-1.183051824569702,-1.7322535514831543,0.3923231065273285,-0.4723930358886719,-1.785209894180298,0.9582380652427672
1999-05-19,1.9940818548202517,-2.793043851852417,0.6604396104812622,-1.7691465616226196,-0.5861881971359253,0.3008462786674499
1990-12-15,0.4631063342094421,-0.9331456422805786,-1.1056617498397827,-0.3490014374256134,-0.8097214698791504,1.1702114343643188
2002-03-04,0.9340448975563048,-0.2097367793321609,1.3521543741226196,0.7319827079772949,1.191301703453064,0.302056223154068
2002-12-12,1.063112497329712,-1.2031346559524536,-1.8956702947616575,0.1610083431005478,-0.5497117042541504,-2.329788446426392
2003-08-16,0.0476316772401332,4.009531497955322,2.8777642250061035,3.1747047901153564,0.2064782679080963,2.7366414070129395
1992-10-29,-2.401524066925049,-1.9062273502349851,-3.17652440071106,-1.6584559679031372,-1.417891263961792,1.086353421211243
1989-08-21,1.5395455360412598,0.0835176557302475,2.237034320831299,0.630779504776001,2.570629358291626,-0.2770673036575317
2003-10-19,-0.5953265428543091,0.3340364992618561,2.1739447116851807,0.8772297501564026,-0.6929248571395874,0.0585924983024597
2000-11-20,-0.0189387518912553,0.3007315695285797,0.2258884757757187,-0.4738268256187439,-0.4914732873439789,2.6572556495666504
1988-12-29,0.6739360690116882,-1.479820966720581,-0.2610868215560913,0.4926072955131531,0.5603240728378296,0.4664533734321594
1991-11-08,-1.1944230794906616,-0.4558620750904083,-0.4930182099342346,-0.9691500067710876,0.2994320094585418,2.305159568786621
1984-12-17,1.8265621662139893,3.1454074382781982,-0.9898828268051147,-0.1034031808376312,-0.0046462612226605,-2.78533148765564
2004-05-23,-0.7318939566612244,-0.8224582076072693,-1.461605668067932,-1.8112963438034055,-2.313353538513184,1.0748226642608645
2001-02-07,1.851901650428772,0.1865432262420654,1.321968913078308,0.6393658518791199,1.7384682893753052,0.803320050239563
2001-03-13,-0.0764617696404457,0.3721095025539398,0.8300372362136841,0.7247727513313293,0.5935105681419373,-0.0589772425591945
2003-07-06,1.4536830186843872,-0.2568866610527038,-0.8105369210243225,0.3439202308654785,2.2221267223358154,-0.0255930926650762
2000-01-12,2.372168779373169,1.2817209959030151,0.9998193979263306,0.758296012878418,1.0050839185714722,0.7260698676109314
1993-04-27,-2.421018600463867,2.12607216835022,-0.7319543957710266,-0.279845267534256,-2.3717193603515625,-3.237814426422119
1988-02-02,-0.7549741268157959,-1.2191479206085205,0.7151435017585754,0.441734254360199,1.2940542697906494,1.3355333805084229
2004-06-24,-0.0028702826239168,-4.1100687980651855,-1.398194670677185,1.044345140457153,-0.6604617238044739,-3.0940587520599365
1987-06-11,0.3030728995800018,-1.3755193948745728,-0.5164270997047424,-1.8380707502365112,1.0198122262954712,-1.887218952178955
1987-01-10,1.0211758613586426,0.0237244106829166,-1.0886317491531372,0.3129741847515106,0.0561003983020782,-1.5139446258544922
1998-04-03,-0.6258914470672607,1.859224557876587,1.0774694681167605,0.0312091372907161,-0.7753092646598816,-0.1537489295005798
2004-09-20,-0.8569534420967102,-0.3939517140388489,-0.1795722842216491,0.515552818775177,-1.3641818761825562,4.026456356048584
1997-07-07,2.983681917190552,-0.4868976473808288,-1.2305504083633425,-0.5561041831970215,1.7221267223358154,-0.1055796667933464
1994-02-24,1.5870838165283203,0.3519695699214935,1.014209270477295,0.9585373997688292,1.4322364330291748,0.3716288208961487
1999-07-13,1.7455425262451172,-1.8301955461502075,2.3946306705474854,0.4432559609413147,2.272442579269409,0.2210882604122162
1994-05-27,-0.9999556541442872,0.0955775156617164,-2.2411906719207764,-1.9701344966888428,-3.225070714950561,-1.5004520416259766
1986-01-05,1.2020527124404907,-2.927341222763061,-0.9321234226226808,0.0203564707189798,0.174493059515953,-0.8553412556648254
1991-12-13,0.0647146925330162,1.8885955810546875,-1.898850917816162,-0.1711369752883911,-0.1435334533452987,-1.1595234870910645
1991-05-20,-0.7189035415649414,-0.48208749294281,-2.832186460494995,-1.9107706546783447,-1.7026156187057495,-1.855987548828125
1999-07-06,3.819000005722046,0.8268980383872986,1.5035154819488523,-0.0718928277492523,3.349452495574951,-0.6336861848831177
1997-08-22,0.1099318489432334,-0.9250308871269226,2.067479133605957,1.9274777173995967,2.3116252422332764,1.2881792783737185
1987-04-04,-2.3415393829345703,-0.5372375249862671,0.0677072033286094,0.4821452498435974,0.1078051626682281,0.470201700925827
2001-06-23,-0.3204720318317413,-1.054681658744812,-1.2634974718093872,-1.183716058731079,1.257179617881775,-0.0044484487734735
2005-02-05,0.4130336344242096,-0.5088241100311279,1.287238836288452,0.6334505081176758,1.5117686986923218,0.0788737162947654
2004-01-12,1.358742356300354,-1.441654086112976,1.3829585313796997,0.3471271097660064,1.2762835025787354,1.7512637376785278
1989-11-28,-0.8589639067649841,0.2702619135379791,-1.166828989982605,-0.5497661232948303,-1.252108812332153,-1.8671475648880005
2005-03-02,-0.3931057155132293,1.8497906923294067,2.302422523498535,0.7511789202690125,1.1098963022232056,2.543664932250977
2005-02-22,-0.110615387558937,2.5051729679107666,2.3140740394592285,0.7784353494644165,1.4067555665969849,1.253308892250061
2001-03-29,-0.7627538442611694,-0.5683689117431641,-0.1496869772672653,0.3398429751396179,-0.436506986618042,3.438964366912842
1987-09-06,0.7732661366462708,-0.9323580861091614,1.829717755317688,1.165146827697754,-1.459792137145996,0.5111396312713623
1987-09-11,0.5984999537467957,-0.6473454833030701,0.548868715763092,0.7335290312767029,-0.0058867656625807,0.5877218842506409
1995-10-04,-1.1207340955734253,-1.1122632026672363,-1.0539686679840088,-1.4411059617996216,-0.8816789388656616,-1.8002713918685913
1987-07-04,1.5111321210861206,0.0486502200365066,1.023092269897461,-1.171179175376892,1.0859991312026978,-1.0625696182250977
1991-08-10,0.8959475755691528,0.3248412609100342,-1.9867719411849976,-0.3633050620555877,0.583696186542511,-3.0669608116149902
1997-06-27,2.5221853256225586,-0.5317635536193848,-2.5740644931793213,-2.135864496231079,-0.1467279940843582,-1.4630184173583984
1994-12-14,0.9730855822563172,-0.2831517457962036,-1.3656715154647827,-0.3889794647693634,0.4402785003185272,-2.599807977676392
1990-06-04,-1.6955422163009644,2.881842374801636,-3.5206799507141118,-0.9708046913146972,-3.9319329261779785,-1.941259741783142
1991-08-20,-3.767244577407837,2.8658194541931152,-0.3886902928352356,-0.9027381539344788,-0.5677697658538818,-0.7959389090538025
1997-12-29,0.8203862905502319,-0.8092817664146423,-0.693550169467926,0.7008578777313232,0.1557923108339309,-0.37810879945755
1987-05-14,-2.1287808418273926,2.686407804489136,0.2445071339607238,-0.726737916469574,-0.6075482964515686,0.5139237642288208
2005-11-07,-0.4243749678134918,1.157191276550293,-0.6586424708366394,-0.9298681616783142,0.8071349263191223,-0.9994902610778807
1995-12-04,-0.0843199491500854,0.0734504833817482,0.1526012867689132,-0.5699575543403625,-0.301954835653305,-0.1354193389415741
1995-09-28,-0.9311397075653076,-0.3523004353046417,-2.3473892211914062,-0.1565794497728347,-0.8141455054283142,-0.4903478920459747
2004-12-22,0.3978354036808014,-0.3058724999427795,0.9198197722434998,0.7812243103981018,1.4189531803131104,2.168747663497925
2001-05-30,-0.5100849866867065,-3.2344703674316406,-1.880797863006592,-0.6438573002815247,0.7040256261825562,4.55087423324585
2005-01-01,0.8699915409088135,0.5986060500144958,1.1952135562896729,1.0061968564987185,1.596856713294983,0.3885126411914825
2006-02-09,1.598768949508667,0.4044898748397827,2.4835002422332764,0.7111665606498718,1.992780327796936,1.1484322547912598
2007-02-13,2.488243818283081,0.6159175038337708,1.125453233718872,0.7130239009857178,1.6815179586410522,2.195733070373535
2002-06-06,0.0492703430354595,-0.774826169013977,-1.8477783203125,-2.4206578731536865,-1.2577863931655884,-3.131402969360352
2006-05-05,-0.6253978610038757,0.8971366882324219,0.5903543829917908,-1.0110516548156738,1.802673578262329,2.4076950550079346
2007-09-05,-1.1718624830245972,1.5668482780456543,1.0085848569869995,0.8398683071136475,-1.1255944967269895,0.7794587016105652
1990-05-17,-1.1395539045333862,-1.9108120203018188,-2.392900228500366,-1.3864662647247314,-2.4014992713928223,-1.9888670444488523
1995-12-16,0.4695214033126831,-0.7364500761032104,-0.6946648955345154,-0.3681236803531647,-1.69087553024292,-1.471154808998108
2007-03-21,0.6124280095100403,1.184223175048828,0.6122797727584839,0.4598647356033325,-0.0235504284501075,1.9021605253219604
1997-05-11,-1.998776078224182,-0.8635799288749695,-2.885497808456421,-0.936729371547699,-3.077549457550049,-0.6160811185836792
2000-08-02,1.3581876754760742,-1.0351829528808594,4.483186721801758,3.233048677444458,4.313060283660889,0.9786520600318908
2004-06-05,-2.2307283878326416,-0.694839596748352,-2.89776611328125,-1.340671420097351,-3.167790174484253,-2.981409072875977
1986-03-22,1.1208409070968628,-1.217945575714111,0.3469255268573761,0.7602691054344177,0.1263829916715622,0.0148309683427214
1996-04-14,-2.287668943405152,-2.6840600967407227,-0.2421261519193649,-0.393644779920578,-1.6226965188980105,-0.1042318195104599
1996-04-18,-1.365778923034668,-1.990070462226868,-0.908951699733734,-0.6462470889091492,-2.266897201538086,-1.0890499353408811
1992-04-08,-2.110673666000366,0.038445446640253,-0.8051658868789673,-0.0402054488658905,-1.602689266204834,-0.6369817852973938
1986-06-18,-0.2491380274295807,-0.2116772830486297,-1.2955145835876465,-1.2724206447601318,-1.7662893533706665,-1.5726051330566406
2001-11-04,-0.6467103362083435,0.8574154376983643,0.5971590280532837,-0.694992184638977,-0.282444566488266,0.7179560661315918
1994-09-22,-0.94964599609375,0.2915042042732239,0.4900999069213867,-1.5813738107681274,-2.0359623432159424,0.5379735827445984
1999-06-08,0.173068031668663,-3.025543689727783,1.3435583114624023,-1.4380463361740112,-0.8901914954185486,1.552783489227295
1992-01-18,0.5209413170814514,0.5519559383392334,0.4929123520851135,0.2090139985084533,0.8762234449386597,0.5209159255027771
2001-10-01,-0.539254367351532,-2.68018651008606,-0.875961184501648,-0.2773784697055816,-0.245042473077774,-0.0135298743844032
2003-12-22,0.9008414149284364,-1.7692254781723022,0.2515304088592529,0.5297648906707764,0.5384839773178101,0.5883917212486267
1997-02-04,0.7068356871604919,0.047125045210123,1.650487184524536,0.4699656069278717,1.5358964204788208,0.1174593642354011
1994-12-26,1.3640377521514893,-0.2631767690181732,-0.212824285030365,0.2422077804803848,0.2177745401859283,-1.3414368629455566
1984-09-18,-1.093206763267517,0.3615700304508209,0.5021119117736816,-0.4036285281181335,0.5790364742279053,-0.5532603859901428
1997-06-28,2.4080827236175537,-1.5327473878860474,-0.9789135456085204,-1.62553608417511,-0.3412374854087829,-1.241378664970398
1997-12-17,-0.11630380153656,-1.761554718017578,-1.7061665058135986,-0.1587193310260772,-0.427328884601593,-1.9138392210006716
2000-12-19,1.4853779077529907,-1.5728716850280762,-0.6487046480178833,-0.0075074383057653,1.3573788404464722,0.1142862141132354
1984-03-27,0.7790170907974243,-0.0309844929724931,0.9709245562553406,0.1625071316957473,-0.3163839876651764,0.9329686164855956
1999-04-19,-0.1229868829250335,3.246124267578125,0.8030574917793274,-0.2434460669755935,-0.3536373972892761,1.4195564985275269
2005-05-30,-2.8978981971740723,-2.396378993988037,-1.500762104988098,0.7676106691360474,-2.274300336837769,0.2548405528068542
1994-08-15,0.7722897529602051,2.208970069885254,4.1302490234375,2.193133592605591,1.2151095867156982,3.0628855228424072
1984-11-02,-0.0870753526687622,-1.2615077495574951,-2.2719006538391118,-2.5724990367889404,-2.282855749130249,-2.650375366210937
1994-04-01,-0.4464483261108398,-0.0522096157073974,0.1949732303619384,0.2164162248373031,-1.0233933925628662,1.270244598388672
2004-05-15,-1.7621389627456665,-1.4514023065567017,-1.7452300786972046,-1.1225043535232544,-2.798935890197754,-0.393190324306488
1991-03-10,0.7253990769386292,2.1433560848236084,0.6980112791061401,0.7084521055221558,0.9006615877151489,-0.3716879487037658
1982-10-25,-2.375565767288208,-1.9500163793563845,-1.1144962310791016,-1.9740864038467407,-2.513322353363037,1.8825139999389648
1993-02-27,-0.0411386378109455,1.3872698545455933,1.217069387435913,0.5651873350143433,1.3479846715927124,-1.3677188158035278
1985-01-31,1.9075467586517332,-0.39458829164505,0.2271299362182617,0.3819171190261841,1.211328148841858,-1.2481168508529663
1985-08-09,1.1000773906707764,2.2608933448791504,0.3710339963436126,1.722381830215454,4.30760383605957,1.087302565574646
2002-05-03,-0.9012981057167052,-1.3050220012664795,-1.3442753553390503,-0.6850711703300476,-2.4038195610046387,-1.833779215812683
2000-02-04,2.346819877624512,1.1971189975738523,1.9404957294464111,0.8099619746208191,1.5358964204788208,1.6574679613113403
2004-08-10,1.3369696140289309,-0.091176614165306,4.022724151611328,4.947032451629639,1.777405858039856,1.1807469129562378
2005-06-01,-2.9330480098724365,-3.0298173427581787,-0.2904577851295471,0.5408773422241211,-1.1488032341003418,0.0926341339945793
1986-12-03,-0.1270322650671005,-0.8617381453514099,-2.086925983428955,-0.4150058031082153,-1.6236612796783447,-2.243688106536865
1981-12-08,-0.3971432447433471,0.1848949491977691,0.8221672773361206,0.1781153380870819,0.0136999264359474,0.8406738638877869
2003-11-10,-0.4452350735664367,0.5147027969360352,-4.421910285949707,-0.1856726109981537,-2.386378288269043,-1.0896689891815186
1987-01-18,0.998165488243103,0.0184613373130559,-0.0654448345303535,0.5625180006027222,0.5819019675254822,-0.2512882649898529
1982-07-29,-1.705002784729004,-0.5348320603370667,0.6061922311782837,0.8751886487007141,1.1578150987625122,1.740828037261963
2000-10-19,-0.3953143358230591,-1.0459684133529663,-0.1860710382461547,-0.8327617049217224,-2.852928400039673,-0.9013989567756652
2007-12-13,-0.3604956865310669,-0.8764647245407104,-0.2246636897325515,0.3818763196468353,0.6291317939758301,0.9388183951377868
1983-05-30,-1.999955654144287,-1.8944127559661863,-1.0611978769302368,-1.2801320552825928,-2.095065832138061,-0.6304264068603516
2001-12-04,0.6597853302955627,2.1861722469329834,0.521496057510376,-0.0839925482869148,0.0484569668769836,1.5566798448562622
2002-10-06,1.3866968154907229,2.470721244812012,-0.407695859670639,-2.1381664276123047,-1.1508543491363523,2.8554470539093018
1982-06-13,-1.2128006219863892,-2.12597131729126,1.3352220058441162,1.774776577949524,0.5884062051773071,-2.5328831672668457
1987-08-18,3.2424070835113525,-0.5089063048362732,2.127248287200928,-0.0773445963859558,3.172914266586304,1.3460536003112793
2007-11-28,-0.5870542526245117,0.4582691490650177,0.1630739271640777,-0.0050021484494209,0.4963337779045105,2.11632776260376
1998-01-01,0.6830943822860718,-0.6941392421722412,-0.4806906580924988,0.6838818788528442,0.2001825124025344,-0.729981005191803
2007-06-26,-0.4219344556331634,1.0872477293014526,-2.1489269733428955,0.6344736218452454,0.988749086856842,0.1986238211393356
1987-08-15,3.4069769382476807,-1.4811912775039673,1.502735257148743,0.6770433783531189,3.967408180236816,0.8607395887374878
2003-09-25,2.868727445602417,1.596875548362732,1.432159662246704,0.5221258401870728,1.43380606174469,-0.2257305830717086
1988-10-27,-2.117117404937744,0.0418999306857585,-1.3746836185455322,-1.4239007234573364,-2.7843754291534424,1.047797918319702
2004-01-13,1.1540944576263428,-1.2960644960403442,1.3945584297180176,0.4152028262615204,1.2052277326583862,1.6854835748672483
2007-08-26,0.9262601137161256,1.6259111166000366,1.218359112739563,1.5781278610229492,0.9944438338279724,2.338095188140869
1996-09-30,-1.342219352722168,-3.0225815773010254,-2.374288558959961,-2.127528667449951,0.3936914801597595,0.673783540725708
1997-12-26,0.3293910622596741,-0.7511757016181946,-0.8264291882514954,0.6326709389686584,0.3549264371395111,-1.192216157913208
1992-04-01,-2.12644100189209,1.0477964878082275,-0.1650121212005615,0.1864174455404281,-0.963395893573761,-1.939746856689453
1996-06-01,-1.7479041814804075,-1.1763778924942017,-2.8107597827911377,0.9176045656204224,-2.444313764572144,0.9748417735099792
1996-04-06,-0.9675194025039672,-1.749694585800171,0.0432034507393837,-0.2511980533599853,-1.3233063220977783,0.19069604575634
1996-11-29,-1.924909234046936,-2.963658332824707,0.1530739217996597,-0.6136025786399841,0.1176723018288612,-0.3396787047386169
2002-04-10,-0.2859784960746765,5.15032958984375,0.1138144135475158,0.0763594880700111,-1.3964732885360718,-0.6498194336891174
2001-12-26,1.6239482164382937,0.6201850771903992,0.7889314889907837,0.9426195025444032,1.1703094244003296,-0.5635454058647156
2003-08-04,2.0945558547973637,3.850896835327149,2.8330464363098145,3.70164966583252,2.1335015296936035,4.4664626121521
2001-05-12,0.4616454541683197,-2.031478881835937,-2.03290057182312,-0.9711733460426332,-2.034257650375366,2.843546867370605
2001-11-29,-0.7770261764526367,0.5582752823829651,0.2730592787265777,-0.2850009202957153,-0.7836650013923645,1.356318116188049
1991-08-31,-1.4301296472549438,1.287677764892578,0.3963192403316498,-0.3482436537742615,0.1190031841397285,2.141565561294556
1986-05-23,-0.2931675016880035,2.675811052322388,-1.217387080192566,-0.4776746332645416,0.6003491878509521,0.1572917252779007
1990-04-23,-1.2504847049713137,-0.2440633177757263,-1.0272634029388428,-0.8396461009979248,-1.3606313467025757,-2.0562632083892822
1986-04-15,0.8446491956710815,2.223205089569092,-0.4431936740875244,1.273700714111328,-1.4137476682662964,-2.7434632778167725
2001-06-29,2.2325334548950195,0.9574509859085084,-0.8553564548492432,-0.663212239742279,-0.3649216890335083,-1.9061521291732788
1988-04-23,-1.4204981327056885,-0.7540730834007263,0.0027353484183549,-0.2396399974822998,-1.840611815452576,3.5437428951263428
1989-10-18,-2.384111166000366,-3.78110408782959,-2.5279641151428223,-1.7215837240219116,-3.8097431659698486,-0.8768460750579834
1996-08-15,1.212408185005188,1.911107063293457,1.9872641563415527,1.8826467990875244,2.432924032211304,2.8760523796081543
1986-12-27,0.8078390955924988,-0.5458932518959045,-1.190165638923645,-0.0187635049223899,-1.1910321712493896,-3.0712730884552
1999-04-27,-0.5557941794395447,1.5058135986328125,-0.4507299661636352,-0.4414444863796234,-1.386793851852417,0.5331020355224609
1996-02-18,-1.051987886428833,0.5033465623855591,1.628392219543457,0.5579419136047363,1.530032753944397,2.820858955383301
1995-03-30,-0.6604973077774048,-0.3557173609733581,-0.3762659132480621,0.6724228858947754,-0.4815122187137604,4.666352272033691
1999-03-13,-0.2187486886978149,2.3940789699554443,1.660166621208191,0.6328307390213013,0.5639978647232056,2.825900793075561
1989-06-06,0.559657096862793,0.6386551260948181,-0.6801133751869202,-0.9172660708427428,-0.6748675107955933,-1.203449845314026
1988-01-23,-0.1311502456665039,-0.605036199092865,0.2295283824205398,0.4869715273380279,0.9701534509658812,0.7692587971687317
1987-06-14,0.0766338184475898,-1.1459407806396484,-0.5502756237983704,-0.8587843775749207,0.1488269418478012,-1.5437027215957642
2000-03-06,1.8532627820968628,-0.412948340177536,3.3449275493621826,0.5706015229225159,1.046690821647644,1.324374437332153
1993-10-28,-2.1375505924224854,2.132448196411133,-1.7971258163452148,-1.4507427215576172,-2.694209098815918,-1.6240450143814087
2006-06-20,0.2250315248966217,-1.5567907094955444,-0.7050747871398926,0.0802045539021492,0.191403642296791,2.34730076789856
1990-03-21,-0.0491420216858387,2.1420397758483887,0.2469194084405899,0.3302459418773651,0.1263829916715622,-0.9851690530776978
1997-01-07,0.6311612725257874,-0.6162596940994263,0.9613561034202576,1.112992525100708,1.056100368499756,-0.4339275658130646
1988-11-29,-0.7908888459205627,1.2823253870010376,-2.286910057067871,-0.4810031950473785,-1.6016098260879517,-1.471456527709961
1994-08-03,4.987335205078125,4.048712253570557,5.641282558441162,2.4151723384857178,3.5967273712158203,-0.0483155101537704
1998-07-31,-0.3197628259658813,1.4503766298294067,2.293424367904663,3.2922282218933105,1.871762752532959,3.621569156646729
1995-09-23,-1.5169570446014404,-1.6239627599716189,-1.6195746660232544,-0.564433753490448,-0.3641818463802337,-0.5335413217544556
2001-09-22,0.6372164487838745,-0.7681342959403992,-1.7271628379821775,0.8433869481086731,-0.6702728271484375,-1.0136654376983645
1982-04-09,-1.115644097328186,-1.0389366149902344,-0.1101937294006347,-0.0029631028883159,-0.7055808901786804,-0.8728514313697815
1984-04-07,0.4648923277854919,-2.3393054008483887,1.4445502758026123,-0.1654765009880066,-0.6795707941055298,-0.9976818561553956
1986-04-17,0.8023273348808289,1.6459263563156128,-0.4521176218986511,1.0763564109802246,-1.2726904153823853,-1.894240379333496
1985-05-20,-1.0621572732925415,-5.841386318206787,-3.165243625640869,-1.2425299882888794,0.6910849213600159,1.5068035125732422
2004-07-07,-0.0936271473765373,-1.7417831420898438,-1.254547953605652,2.137513875961304,1.453702092170715,-2.1368942260742188
1988-02-11,-0.868099570274353,-1.5234787464141846,1.111977458000183,0.5993573069572449,1.4984780550003052,0.523321270942688
1985-09-17,-0.8649761080741882,-0.3437724411487579,-0.4934646189212799,0.5159381628036499,0.8227384090423584,-1.3617864847183228
1992-02-08,0.0025855517014861,1.5644887685775757,0.7303946018218994,0.5765746831893921,1.4724130630493164,-0.6869344115257263
2004-12-07,0.1745331138372421,-0.5910767316818237,0.2360956817865371,0.2955769598484039,0.6580191850662231,2.50984263420105
1986-08-28,-0.4544947743415832,0.1991020292043686,0.7878627181053162,2.743226289749145,-0.6736935973167419,0.9165158867836
1993-02-17,0.4239794909954071,1.4703471660614014,0.5030182600021362,0.5409992337226868,1.5371055603027344,-1.0909796953201294
1984-12-02,0.765093207359314,2.266322135925293,-2.786928415298462,-0.6836099028587341,-1.022342324256897,-1.909686088562012
1987-08-23,2.257983446121216,-0.4873946011066437,0.8649608492851257,2.765341281890869,3.3716423511505127,1.303241729736328
1997-12-05,-0.5902146697044373,-0.3838350474834442,-2.418506383895874,-0.0339742377400398,-0.6515552401542664,-2.9532995223999023
1987-07-24,2.6336727142333984,1.9422802925109863,1.9983301162719729,-0.3685909509658813,4.508115768432617,1.8337587118148804
1989-08-26,0.7986315488815308,-0.3870404064655304,2.138861179351806,0.5136427283287048,0.922126293182373,0.9089455604553224
1981-12-06,-0.4017159938812256,-0.3881577253341675,0.5928840637207031,0.0718303397297859,0.0515786074101924,0.418495237827301
1990-05-12,-1.244665265083313,-0.4452384710311889,-2.562849998474121,-1.1799027919769287,-2.6045546531677246,-2.396716356277466
1999-10-30,-0.6070643663406372,0.6484959125518799,-2.5818982124328613,-1.4825026988983154,-2.072864294052124,-2.3103790283203125
1998-07-28,1.1059699058532717,0.9672600626945496,2.131253242492676,2.739670753479004,1.943473219871521,2.09577751159668
1991-03-31,0.5494941473007202,0.1442826390266418,-0.1162866652011871,0.0124497357755899,-0.5614988207817078,1.506348729133606
1985-02-22,1.9410972595214844,-0.1948260813951492,0.7125335931777954,0.7188411355018616,1.5079632997512815,-0.6997460126876831
1985-03-22,1.1308506727218628,-0.2079663127660751,0.1769426017999649,0.3302459418773651,0.2063695639371872,1.1048272848129272
1981-12-23,-0.4245314002037048,-0.95856374502182,0.7995718121528625,0.4491563737392425,1.4106292724609375,-0.3579912483692169
2003-05-04,-1.9220454692840576,1.1195603609085083,-1.9217989444732664,-0.8300462365150452,-2.2244861125946045,0.1007492393255233
1994-08-13,2.7469732761383057,2.4888100624084477,4.252735137939453,2.0970568656921387,3.1574106216430664,0.1207493394613266
1981-11-04,-2.078712224960327,-2.138153076171875,-0.8379208445549011,-1.0788785219192505,-1.8542791604995728,-0.6775314211845398
1991-04-21,-1.432984471321106,-0.1738585829734802,-1.5469485521316528,-0.8034436106681824,-1.4736324548721311,-1.180449604988098
1998-05-23,-1.1660146713256836,1.3512370586395264,-0.1630488038063049,-0.433704137802124,0.5112205147743225,1.9546364545822144
1988-07-28,0.8538563251495361,0.3113406598567962,1.382691502571106,0.4657893180847168,2.793878555297852,1.8379523754119875
1990-10-21,0.055933192372322,2.668926954269409,0.8537818789482117,-1.1708720922470093,-2.361420154571533,-1.1443008184432983
1987-08-07,1.7905917167663574,1.07221519947052,2.127119302749634,1.9618704319000244,1.991971969604492,1.756909728050232
2007-02-24,1.988890647888184,-0.0027142716571688,1.377073049545288,0.9051836729049684,1.3679736852645874,0.5022763013839722
1997-10-30,-1.3870631456375122,0.1484958976507187,-1.3218885660171509,-0.8424879908561707,-0.8328741192817688,-2.3003692626953125
2002-02-01,1.7947776317596436,-0.8955093026161194,0.9724101424217224,0.8494892120361328,1.6989320516586304,1.4765701293945312
1985-02-09,2.0325844287872314,0.0944875702261924,0.9103872776031494,0.6765807867050171,1.4724130630493164,-0.5369099974632263
1992-10-22,-2.125565767288208,-1.4600261449813845,-3.4744815826416016,-1.8040729761123655,-3.053300380706787,2.012518882751465
1987-06-28,0.4429369568824768,-2.8477020263671875,0.0786608159542083,-1.9349284172058103,-0.3124658465385437,-1.6345230340957642
1995-02-08,0.3930446207523346,0.9511673450469972,0.957221746444702,0.7034578323364258,1.5217479467391968,-0.7911214232444763
1991-11-04,-1.4398870468139648,-0.489635705947876,-0.0768315941095352,-1.5504491329193115,-1.4352015256881714,-1.6695302724838257
1999-01-05,0.6427392363548279,-0.8920456171035767,-0.3640395998954773,0.6459224820137024,0.7655724287033081,-0.4660840332508087
1999-04-12,-0.1653605699539184,2.633208751678467,0.6968209743499756,-0.4062919616699219,-0.7137659788131714,1.5965330600738523
1995-04-18,-0.8796125054359436,0.7928262948989868,-0.5724583268165588,-0.2796398401260376,-1.6014000177383425,0.1712535470724105
2000-10-27,-0.701511800289154,-1.7562334537506104,-1.12653648853302,-1.0584498643875122,-2.247877836227417,-1.4036673307418823
1992-09-24,-1.9527798891067505,3.411858320236206,-0.5271812081336975,-0.4366423785686493,-0.3402862548828125,1.1563479900360107
1996-12-30,0.6622202396392822,-1.2701241970062256,1.1385632753372192,0.5991308093070984,1.6758010387420654,0.4186317026615143
1996-04-24,-2.094048500061035,-0.9256274104118348,-0.8581264019012451,-0.8681800961494446,-2.3743011951446533,0.2176171243190765
1987-07-07,2.332791566848755,-0.3329029977321625,-1.4843971729278564,-0.851498544216156,0.9701923131942748,-1.4574954509735107
1986-07-21,0.2320904731750488,-1.655461668968201,-1.6291558742523191,1.46488618850708,1.163557052612305,-0.147479698061943
1992-09-05,-3.312996864318848,2.6178300380706787,0.3310887217521667,-0.4451621174812317,-1.319973349571228,-2.6565146446228027
2000-07-20,0.8536739349365234,1.7022900581359863,5.778359413146973,2.181396722793579,1.4481180906295776,1.5137819051742554
1990-05-27,-0.7618927359580994,0.4175625443458557,-2.3816189765930176,-1.0513170957565308,-2.6533803939819336,-0.8851688504219055
1992-11-07,-1.9944413900375368,-1.675863265991211,-2.553046226501465,-1.4791597127914429,-1.7805850505828855,-2.424851417541504
2004-07-10,-1.4260199069976809,-3.1720519065856934,-0.0598858073353767,0.6932491064071655,1.046985149383545,-1.722288966178894
2006-06-27,-0.4651486277580261,1.116981029510498,0.5472962260246277,2.5653350353240967,1.13601815700531,3.700919151306152
1984-10-11,-1.228211760520935,1.1341869831085205,-1.486667275428772,-1.4780397415161133,-3.308983564376831,-0.7050241231918335
1997-08-06,0.2000834643840789,-0.7191177010536194,1.561036467552185,1.322357416152954,1.42759907245636,0.4373086988925934
1998-11-17,-1.6486679315567017,-2.014627456665039,-0.436905175447464,-0.5781859755516052,-0.944477677345276,-1.7682875394821167
1982-03-23,-0.3391505777835846,0.7120471000671387,0.3869340717792511,0.5002593398094177,0.336374431848526,0.9648431539535522
2000-02-10,1.5447832345962524,0.8131900429725647,1.7451088428497314,0.8281915187835693,1.563969373703003,1.7580918073654177
1989-02-16,0.1808487921953201,-0.5398575067520142,0.4257284700870514,0.6340463757514954,1.5433164834976196,-0.608974039554596
1994-07-29,5.0359625816345215,4.597264766693115,4.401272773742676,0.9096537232398988,5.663474559783936,2.6257762908935547
1990-04-19,-1.4796186685562134,-0.7671712636947632,-0.5524387955665588,-0.5696483850479126,-1.0714012384414673,-1.3887439966201782
1993-10-21,-2.165303468704224,1.0840364694595337,-1.2560783624649048,-0.9827556014060974,-2.492943048477173,-0.6713879704475403
2006-04-29,-0.3130567371845245,-1.0222620964050293,-0.4176744520664215,-0.242412582039833,0.2647779285907745,1.008225917816162
1998-01-15,0.0981715694069862,0.8684674501419067,0.414535641670227,0.3224972784519195,1.0418933629989624,0.8687068819999695
1995-09-06,-0.2476265132427215,-0.7705539464950562,0.574708104133606,-0.3344723284244537,-0.5576635599136353,-2.5026497840881348
1998-08-09,2.0062615871429443,3.038806915283203,4.2174391746521,2.780317068099976,3.915679454803467,2.847929716110229
1994-09-20,-0.9103772044181824,0.0862973555922508,0.4456869959831238,-1.1624901294708252,-1.3831285238265991,0.4751978516578674
1984-07-13,2.284420967102051,0.5271859169006348,1.885542869567871,-1.074615240097046,1.8126287460327148,0.7437593936920166
1982-11-09,-0.4766969084739685,-0.5026004314422607,-1.1628507375717163,-1.534988522529602,-1.0724226236343384,1.4479670524597168
1989-03-25,-0.4675585925579071,2.234210968017578,0.042272463440895,0.2598525285720825,-0.1035370007157325,-0.0378418676555156
2003-01-11,1.902167558670044,-1.0882741212844849,0.0198084078729152,0.618281364440918,1.5450924634933472,-1.3339276313781738
1989-10-05,-2.40073299407959,0.4877429008483886,-0.693952739238739,-1.7211047410964966,-2.811671733856201,-1.8002713918685913
2000-02-25,1.8699592351913448,1.166913390159607,1.921703219413757,0.68731689453125,1.3786687850952148,0.6735273003578186
2002-11-22,0.8968493342399597,1.4343149662017822,-2.5858168601989746,-0.2562712132930755,-0.876511812210083,-2.973191738128662
1995-02-14,-0.098176009953022,0.2629754543304443,1.1838209629058838,0.6540753841400146,1.5524321794509888,0.7048978805541992
2006-06-02,-0.380345344543457,-1.961350917816162,-0.4201036095619201,2.5427558422088623,-0.5948504209518433,0.6365464925765991
1989-09-29,-2.2511470317840576,2.297693490982056,-0.6273879408836365,-2.116570949554444,-2.954129695892334,-1.8303442001342771
1982-08-31,-0.9256843328475952,-1.3944593667984009,0.6726411581039429,0.8054679036140442,-1.8775320053100584,1.1361078023910522
1998-06-25,1.0829211473464966,2.122299194335937,0.1486681401729583,-0.2949442863464355,1.607517123222351,1.9554733037948608
1987-12-20,-0.7763074636459351,-1.7115364074707031,-0.5461629033088684,0.1712977588176727,-0.0973117873072624,0.0561620444059371
1988-08-10,0.9359561204910278,0.1548278331756591,3.063215970993042,0.2767095863819122,3.043687582015991,0.8630319833755493
1989-10-16,-2.40208101272583,-3.7031774520874015,-2.5048296451568604,-1.8922392129898071,-3.67557692527771,-0.8131609559059143
2006-10-05,-0.3532933890819549,0.7407103180885315,0.7923163175582886,0.1518421918153762,-0.2408507019281387,1.6754543781280518
2007-04-02,-0.5150881409645081,-1.4293017387390137,-0.1554253101348877,0.4245198369026184,-1.0895744562149048,0.2223193496465683
2001-09-02,-0.4667240977287292,-0.8923800587654114,1.069707989692688,2.115159034729004,0.3602151572704315,0.6111457347869873
2004-05-06,-2.417964458465576,0.5001453161239624,-0.7699105143547058,-1.0570282936096191,-1.3493801355361938,0.0101991882547736
1993-10-30,-2.0246846675872803,1.4357887506484983,-1.484785795211792,-1.5656946897506714,-2.250739812850952,-1.6824464797973633
1982-12-06,0.2682669162750244,-1.2981613874435425,-1.197124481201172,-0.8981708884239197,-1.0984152555465698,1.4384843111038208
1992-07-10,0.7563789486885071,-2.8117904663085938,-2.4145517349243164,-0.5624678134918213,0.2737094163894653,-1.6268845796585083
1999-07-02,2.8707025051116943,-0.9393264651298524,0.7827121615409851,0.8114374279975891,5.2388129234313965,-0.3882752358913421
1999-12-24,1.907814621925354,1.8841300010681152,0.8598222136497498,0.3112230598926544,0.9289628863334656,1.9787452220916748
2000-10-04,0.0103659965097904,-0.8130106329917908,0.4455589950084686,-0.1461709141731262,-0.2196819931268692,0.4800935983657837
1990-04-29,-1.665809988975525,1.2357940673828125,-1.7807470560073853,-1.1514359712600708,-0.796797513961792,-3.126901626586914
1999-10-04,-0.0108348205685615,-0.5931887626647949,1.1098730564117432,-0.0240245517343282,0.8334611058235168,1.4642802476882937
1987-09-29,-1.3112651109695437,-0.3731257021427154,0.8421633839607239,0.2421270608901977,-1.74618661403656,-1.655723214149475
2007-02-25,2.006097316741944,-0.0037712836638092,1.150213360786438,0.902037501335144,1.3047024011611938,0.5395410060882568
1986-08-13,1.7882026433944702,2.3441121578216557,0.873733401298523,2.5449094772338867,2.26027250289917,0.1941406279802322
2002-11-19,0.3533549606800079,1.9791383743286133,-2.9728477001190186,-0.792553186416626,-1.084372639656067,-2.187127590179444
1987-08-04,5.81800651550293,0.3938982486724853,2.821361303329468,2.628230094909668,1.652960181236267,1.8359978199005127
2001-09-30,-0.7264307141304016,-3.6069724559783936,-0.8560832142829895,-0.2928716540336609,-0.3465922176837921,-0.1855226159095764
1995-08-16,2.8124144077301025,2.511113166809082,1.6172690391540527,1.6126577854156494,1.4329241514205933,-0.7239536643028259
2007-05-05,-1.395417332649231,-3.602863311767578,-1.799660325050354,-0.911045491695404,-1.417327642440796,0.4277145564556122
2001-12-19,1.4553791284561155,-0.512874186038971,0.5112990140914917,0.3324888944625854,0.7073849439620972,1.414304494857788
1995-03-21,-0.9964247345924376,-0.057945117354393,-0.0260809008032083,0.3465338945388794,0.0421805530786514,2.03129243850708
1988-07-23,0.7536678314208984,-0.087718442082405,1.2883386611938477,0.1813968420028686,2.558103322982788,4.113757610321045
2002-09-11,3.516344785690308,0.7095816731452942,1.3019256591796875,-0.8220573663711548,1.94706392288208,-0.2444417625665664
1999-11-02,-0.149878516793251,1.940356969833374,-3.306842565536499,-0.5804478526115417,-1.8752039670944212,-1.7895253896713257
2007-07-18,-0.5581943988800049,0.0619283765554428,-0.1692168414592743,1.995062232017517,2.2342336177825928,-0.6577133536338806
1998-06-22,0.5050303339958191,2.303225040435791,0.4949069321155548,-0.2897905707359314,1.20141339302063,2.5173141956329346
1999-08-12,0.7569831013679504,0.5488075017929077,3.602710723876953,1.9870409965515137,-0.1225880682468414,1.6207493543624878
2001-02-16,1.048018217086792,0.5933429002761841,1.208378791809082,0.7879528999328613,1.550021767616272,0.7608613967895508
1984-08-05,3.417327642440796,0.8487306237220764,2.931291341781616,1.115184664726257,3.0767078399658203,0.8516783714294434
1988-10-23,-2.075577974319458,0.0899921730160713,-1.3445072174072266,-1.3641010522842407,-3.683305263519287,-0.2374810874462127
1998-12-25,0.3740169703960418,-1.6131829023361206,-0.652826726436615,0.7822163105010986,0.4077769815921783,-1.7814393043518066
1988-06-22,-0.7465419173240662,0.2934932708740234,0.2167629897594452,-1.4140467643737793,-0.9080668687820436,0.2509754598140716
1998-02-02,-1.0552284717559814,-0.0055251829326152,0.7623881697654724,0.5694904327392578,1.4689210653305054,0.546577513217926
2003-08-02,1.6681852340698242,4.144809722900391,3.2931840419769287,3.233048677444458,1.4930531978607178,5.628645896911621
1991-03-09,0.7532566785812378,2.8570406436920166,0.5949276685714722,0.6006003022193909,0.9566945433616638,-0.2756316661834717
2001-03-03,-0.2130825221538543,0.029783384874463,1.3624200820922852,0.6911508440971375,1.1198755502700806,-0.2363339513540268
1996-10-16,-2.154130697250366,0.0889216512441635,-1.997934937477112,-1.9415849447250368,-1.1897480487823486,0.2031709998846054
1988-09-12,-1.5758371353149414,-0.8116390109062195,1.3060048818588257,0.8837805390357971,-1.839187741279602,0.3387028872966766
1989-04-13,-1.4159834384918213,-0.3696899712085724,-0.4061746001243591,-0.2736466228961944,-1.3464549779891968,-1.2998132705688477
2000-04-05,0.8724769353866577,1.900299310684204,1.4632169008255005,-0.2912065982818603,-0.7432892918586731,0.0207131374627351
2004-02-11,0.991110384464264,-2.765587091445923,1.7097378969192505,0.8631103038787842,1.6089202165603638,0.2773712873458862
1982-11-14,-0.4300394058227539,-2.2742667198181152,0.2143599838018417,-1.3628851175308228,-0.8897318840026855,0.6101433038711548
1994-04-09,-0.8351274728775024,3.965513467788696,-0.345311552286148,-0.0899749174714088,-1.923759937286377,-2.975865840911865
1997-03-24,-0.4310048520565033,-3.060983180999756,-0.1090925559401512,0.4425058960914612,-0.3163839876651764,1.5029454231262207
1996-01-05,0.7568950653076172,-1.0462791919708252,-0.2787650525569916,0.2913835346698761,0.5272101163864136,0.0316186249256134
1982-12-03,-0.3148933947086334,0.1363173425197601,-1.2869285345077517,-0.9636086821556092,-1.082339882850647,-0.6996945738792419
1994-07-20,1.971290946006775,3.2426910400390625,2.224982261657715,-1.980424880981445,4.312705993652344,-2.788121461868286
1999-07-14,1.4983417987823486,-1.827330470085144,2.21069598197937,0.4040337800979614,2.270142078399658,0.2554104030132293
2002-12-30,1.973143577575684,-1.0917218923568726,-0.690476655960083,0.7767857313156128,1.013952374458313,-2.385317325592041
1991-11-15,-0.8244313597679138,0.3936928212642669,0.3674889802932739,-1.670579433441162,-1.249253511428833,-1.6577163934707642
1984-05-13,-2.8046629428863525,-1.845232367515564,-0.0728597566485405,-1.9299027919769287,-2.0745558738708496,3.113262891769409
2002-03-18,0.4808567464351654,1.2420458793640137,0.7869279384613037,0.4802703559398651,0.286356121301651,-0.7351690530776978
2005-04-01,-0.9158999919891356,-0.3507974445819855,0.7974706888198853,0.0711871609091758,-0.9853007197380066,4.7962327003479
1989-03-13,-0.4181742966175079,0.0539154112339019,0.2038875669240951,0.605984628200531,0.7178980112075806,-0.3287162184715271
1997-10-09,-1.3618863821029663,-0.0312708355486393,-0.2138946056365966,-0.0871676430106163,-1.7055388689041138,-1.0143206119537354
1987-06-24,-1.0861029624938965,-2.911931037902832,0.0254222452640533,-0.617139995098114,0.7959001064300537,-1.131084680557251
2007-02-22,2.079386949539185,0.0951692759990692,1.384050726890564,0.8384329080581665,1.43675434589386,0.1833015382289886
1997-04-25,-0.8170728087425232,-1.5243977308273315,-2.05439829826355,-0.5887724757194519,-2.447537660598755,-1.489636778831482
1988-08-06,1.5705904960632324,0.3122054040431976,2.187116861343384,0.451891154050827,3.941984176635742,0.4768804013729095
1985-10-15,-0.8455535769462585,-0.8714053630828857,-1.9353840351104736,-2.270281791687012,-0.2559379339218139,-1.9650686979293823
1996-12-19,-1.8745436668396,-1.9385747909545896,0.6995657086372375,-0.0708326324820518,0.5306244492530823,1.1219892501831057
1986-08-20,-0.1023622155189514,2.009531259536743,-1.072217345237732,2.5647194385528564,2.146480798721313,0.8266376852989197
2002-10-28,-0.2746846675872803,0.3757911622524261,-1.754774808883667,-0.9056910276412964,-1.2307509183883667,-0.4324464499950409
1997-02-02,1.0547873973846436,0.084501676261425,1.2923868894577026,0.4595050513744354,1.5489381551742554,0.0265884846448898
1999-10-11,-0.6455127000808716,1.100959300994873,0.5567674040794373,-0.633285403251648,-1.5339592695236206,0.7106684446334839
1991-08-24,-1.5300523042678833,4.284960746765137,0.1874741613864898,-0.0525332577526569,-0.5783587694168091,-1.2418195009231567
2003-11-02,-1.119475483894348,1.555471897125244,2.620204448699951,0.0143571030348539,-1.5248061418533323,-0.6643850803375244
1995-08-31,-0.8548094630241394,0.4108475148677826,1.8465367555618288,2.0164341926574707,-0.9938544034957886,-1.18349027633667
1991-01-28,0.4840587973594665,2.2649970054626465,0.0613890849053859,0.4784944057464599,1.0884599685668943,0.253310889005661
2001-03-18,-0.0791407972574234,0.0420336797833442,0.4969194233417511,0.5202483534812927,0.276376873254776,0.114837072789669
1992-12-22,0.0645816549658775,0.0222559478133916,-0.7677678465843201,-0.1146317273378372,-1.2773432731628418,-1.913853883743286
1988-06-08,-1.7242063283920288,-1.9438800811767576,-0.6687881946563721,-1.6930643320083618,-2.164384365081787,0.4044921398162842
1995-09-12,-0.0505490377545356,-0.1417237669229507,-1.9371178150177,-0.3596376478672027,-1.302243709564209,-2.31862211227417
1984-03-25,0.3943613171577453,-0.3418708145618438,0.9515838027000428,0.2163437902927398,-0.1328029185533523,0.9899489879608154
1993-06-02,-2.0778908729553223,2.843641757965088,-3.0407707691192627,1.8775960206985476,-3.2343223094940186,-0.9051631093025208
2005-02-07,0.5391517877578735,-0.1194667816162109,1.0946120023727417,0.6342634558677673,1.5325422286987305,0.7164053916931152
1993-06-06,-1.31740403175354,0.9572912454605104,-2.67956805229187,-2.475253105163574,-2.240062952041626,-0.1695129871368408
1988-09-11,-1.4995146989822388,0.0798161178827285,1.2313443422317505,1.838164210319519,-1.783743381500244,-0.0725115686655044
1992-03-13,-1.012653112411499,2.244671106338501,0.508134126663208,0.6098989844322205,0.6521487832069397,0.8593105673789978
2006-12-23,2.4840328693389893,0.3868171274662018,0.87717205286026,0.4322102069854736,2.427796602249145,3.4785399436950684
1997-05-21,-1.6306105852127075,-2.445554733276367,-3.1356117725372314,-1.6462618112564087,-2.962934970855713,-1.2866264581680298
1983-12-07,-0.2243345975875854,-2.2865653038024902,-1.077409744262695,-1.009960055351257,-1.0119463205337524,-1.3954291343688965
1982-07-02,-2.1119368076324463,-0.8327656984329224,-2.938905000686645,-0.6555349230766296,-1.6112569570541382,-1.711349368095398
1988-09-26,-1.9270799160003664,-0.8410334587097168,-0.0427631139755249,-0.1779273301362991,-2.534280300140381,-0.9823943972587584
2006-07-30,2.038007497787476,1.7739031314849854,1.5913504362106323,2.838221549987793,3.022955179214477,1.8160088062286377
1982-04-16,-1.5553752183914185,0.1932062804698944,-0.6031973361968994,-0.2362785339355468,-1.5137537717819214,-0.7534730434417725
1988-03-06,0.0269077084958553,0.3797895014286041,1.4024286270141602,0.5711557269096375,1.1098963022232056,3.3636722564697266
2006-01-09,1.434353232383728,1.83406925201416,1.9450891017913816,0.5586942434310913,1.4116727113723757,1.1398897171020508
1991-05-30,-0.3261240124702453,1.3715298175811768,-2.240834951400757,-2.3977599143981934,-0.8670880198478699,-3.4314982891082764
1984-09-29,-1.1312724351882937,-0.3331171572208404,-1.257842779159546,-1.1978753805160522,-2.2062084674835205,-0.2857281267642975
1997-07-12,1.3939874172210691,-2.1420531272888184,-0.0398967936635017,0.4832271337509155,1.926990032196045,1.347718358039856
1986-08-14,1.6817816495895386,2.390788555145264,0.8721686005592346,2.610499620437622,2.1375300884246826,0.2617517113685608
1983-06-24,1.393442153930664,1.0734920501708984,1.1467556953430176,0.9759679436683656,3.951918601989746,0.1209705844521522
1981-09-30,-1.8812724351882932,-1.583117127418518,-0.987853705883026,0.0121160745620727,-0.7962048649787903,-1.595725655555725
1983-03-17,0.7612622976303101,0.8540704846382141,1.180155634880066,0.6328307390213013,0.6440149545669556,0.8359104990959167
1988-03-01,0.2361083030700683,0.1562323719263076,1.720220685005188,0.622038722038269,1.3147121667861938,2.939534902572632
1994-08-14,2.4037985801696777,2.128203868865967,3.9754059314727774,1.964576244354248,1.4699417352676392,0.5011231303215027
2002-04-09,-0.4277891218662262,3.9564368724823,0.2691528499126434,0.1883119195699691,-1.3406927585601809,-0.43731689453125
1987-08-03,4.810242176055908,0.6103802919387817,3.073423147201538,2.3622050285339355,2.181760311126709,1.7915825843811035
1997-08-12,-0.5530144572257996,-0.6411644220352173,2.012714385986328,-0.2229504883289337,1.967408299446106,0.0007542204111814
1998-02-22,-0.2868812978267669,0.0473921932280063,0.9621145129203796,0.997642695903778,1.455104112625122,1.238482117652893
1995-01-05,0.0469036102294921,-1.5562889575958252,-0.0387748256325721,0.4313676655292511,1.0672186613082886,-0.5983862280845642
1987-11-21,-2.06154465675354,-1.2935858964920044,-2.1492836475372314,-1.369744062423706,-2.6009440422058105,-1.4349124431610107
2002-04-27,-0.1314084380865097,-1.3151752948760986,-1.5807489156723022,-0.953498601913452,-2.592724323272705,-1.336870551109314
1994-06-30,2.284851312637329,3.976966381072998,-0.2027037888765335,-1.214663863182068,0.3460095822811126,0.3009252250194549
1998-01-24,-0.0852943807840347,0.9897446036338806,0.5180696845054626,0.5814745426177979,1.3155745267868042,0.3299236893653869
1986-05-25,-0.5682367086410522,2.6829097270965576,-1.3241766691207886,-0.5349616408348083,-0.3559814989566803,-0.4408564269542694
1994-09-17,-0.519856870174408,-0.4017493724822998,1.789813756942749,-1.7822400331497192,-0.8623918890953064,0.1867031008005142
2003-07-10,1.1035988330841064,1.827075719833374,-1.0428961515426636,0.3939610719680786,2.2637276649475098,0.0452844686806201
1993-03-16,-1.3458244800567627,3.918789863586426,0.1977171450853347,0.4557681679725647,0.4406895637512207,-1.365326166152954
1987-04-09,-1.4875084161758425,-0.8696897029876709,0.1932278722524643,0.1787946075201034,-1.5632965564727783,1.0507118701934814
1995-01-13,0.592170000076294,0.1317271441221237,0.3798242807388305,0.3482923507690429,1.0251034498214722,-0.6639447808265686
1999-05-17,1.2678598165512085,-2.711381673812866,0.6247650384902954,-1.7825080156326294,-2.088913917541504,0.1168194338679313
1994-07-02,3.34114933013916,4.56866979598999,0.1730862110853195,-1.361181616783142,1.1860052347183228,0.2074499130249023
1990-01-16,0.0240895561873912,-0.4360791146755218,-0.5954318046569824,0.2752186954021454,0.335232675075531,-1.0645164251327517
1989-11-08,-0.9244340658187866,0.2441501319408416,-1.7930365800857544,-1.4591401815414429,-2.340582609176636,-0.0248271040618419
1990-10-09,-1.8033056259155276,1.4207030534744265,1.0023077726364136,-0.1481456011533737,0.1791322082281112,0.0054409033618867
1992-10-14,-2.334399700164795,-0.6828004717826843,-3.485926628112793,-2.0166094303131104,-2.336456298828125,-1.9696799516677856
1997-03-16,0.2532318234443664,-2.3958959579467773,-0.1167585253715515,0.665818989276886,0.3655356466770172,2.6168806552886963
1982-05-26,0.1717535257339477,-3.2970707416534424,-1.6141852140426636,-0.7949408888816833,-1.745996117591858,-2.230834484100342
2002-02-17,1.7103924751281738,-0.3050466477870941,1.0115467309951782,0.7739207744598389,1.540306806564331,0.7612900733947754
2004-04-14,-2.4345297813415527,4.134804725646973,1.1425565481185913,-0.0536723025143146,-0.2971886694431305,-0.0994777679443359
1992-01-29,-0.2884708344936371,-0.1741655021905899,0.2202108353376388,0.2356495559215545,1.1761645078659058,1.4532016515731812
1995-11-11,-0.4200296401977539,-0.3642630875110626,-0.6556351184844971,-1.3628851175308228,-2.009727001190185,-1.4498542547225952
1997-10-13,-1.0843998193740845,-0.6828004717826843,-0.6159315705299377,-0.6666032075881958,-1.94647216796875,-0.7296897172927856
1985-05-07,-0.6712871193885803,-3.624998807907105,-3.244269132614136,-0.7950565218925476,-1.7738145589828491,-2.7737817764282227
1996-01-08,-0.1688265353441238,0.3737305104732513,-0.2486353665590286,0.3329937160015106,0.6960844993591309,-0.4039287865161896
1989-09-12,0.5141591429710388,-1.2816402912139893,0.4759877920150757,0.0237646605819463,-1.719192624092102,2.618701696395874
1991-02-12,1.2647844552993774,1.43318510055542,0.5751259326934814,0.5582025051116943,1.523991346359253,-0.3019057512283325
1983-07-25,0.1836604923009872,-0.6977342963218689,2.808358192443848,1.4414066076278689,1.0281046628952026,2.813769578933716
1984-03-10,0.7932652235031128,1.0170443058013916,1.874956965446472,0.5206137299537659,0.9566945433616638,0.1943695694208145
1982-09-01,-0.9837435483932496,-1.4541059732437134,0.738348126411438,0.7781095504760742,-1.7155476808547974,1.9781098365783687
1986-11-07,-1.2383954524993896,-2.098815679550171,-2.511789560317993,-1.510472536087036,-2.653864860534668,-0.7385744452476501
2003-02-03,0.2268247306346893,-3.652887105941773,0.8005115985870361,0.6999461054801941,1.5358964204788208,-0.3925198912620544
1991-10-02,-3.052210807800293,-3.5826096534729004,-1.7242945432662964,-1.3375505208969116,-3.7963109016418457,-0.936201810836792
2005-02-06,0.451907753944397,-0.2234604358673095,0.9019554853439332,0.6393658518791199,1.5184670686721802,0.623327374458313
1994-04-30,0.132132202386856,-0.8368739485740662,-1.4019163846969604,-1.08601176738739,-2.9294698238372803,-3.3576602935791016
2005-07-09,-0.5463950037956238,-0.0029108044691383,1.5270806550979614,1.6739598512649536,1.713739991188049,0.0852930173277854
2001-02-06,1.7330409288406372,0.171168565750122,1.3072278499603271,0.6434602737426758,1.6917613744735718,0.7288675904273987
1991-10-14,-2.1855499744415283,-0.5314090251922607,-2.135396242141724,-1.2302733659744265,-2.305925846099853,-0.5750845670700073
1982-10-17,-2.064380168914795,-1.532776117324829,-2.155909538269043,-1.3365861177444458,-2.19647216796875,-0.9496909379959106
2001-12-14,1.269509196281433,0.5935364961624146,0.5953436493873596,0.1218665540218353,0.8591427803039551,2.0188355445861816
1990-06-24,-0.1749623715877533,-0.2767614126205444,-2.8150906562805176,-2.019801616668701,0.7214024066925049,-3.7527053356170654
2005-05-11,-1.588342308998108,1.978530764579773,-0.0628992542624473,0.7588376402854919,-0.2342394441366195,-0.0864457488059997
1982-11-21,-0.4186875224113464,-0.7846164107322693,-1.5768892765045166,-1.2781981229782104,-2.0044753551483154,0.9616929292678832
2004-03-13,-1.1058037281036377,-1.641207575798035,1.3976988792419434,0.8557620644569397,0.4106907844543457,-0.0853274390101432
1998-06-09,-0.6227737665176392,-4.155970096588135,-1.1747877597808838,-1.395236849784851,0.8684049844741821,0.8371120691299438
1995-04-12,-1.1659834384918213,-2.22967529296875,-0.8761758208274841,0.1163680329918861,-1.0664561986923218,-0.2298060059547424
2003-10-16,-0.3784905076026916,0.6313419938087463,2.5978147983551025,-1.4252946376800537,0.2951264381408691,-0.0270468182861804
1985-08-03,0.7202457189559937,2.100370407104492,-1.0165733098983765,1.082206130027771,1.541776180267334,0.1215691789984703
1985-03-15,1.517345666885376,-2.595325231552124,0.478135347366333,0.5298818945884705,0.6821475625038147,0.2493252456188202
2007-10-29,-1.358711004257202,0.1818237602710724,-0.6879269480705261,-0.7688810229301453,0.3557122647762298,0.5624588131904602
2003-03-10,-0.1881633251905441,-0.6460662484169006,0.7338863611221313,0.895993173122406,0.7178980112075806,-0.6087149977684021
1991-05-27,-1.381887912750244,0.5275478959083557,-2.3816189765930176,-2.6913013458251958,-0.173369288444519,-3.2251956462860107
2004-10-31,-0.9298772811889648,-1.529644250869751,-1.146838903427124,-0.6304356455802917,0.5747777819633484,1.7804819345474243
1998-01-10,0.2452974170446396,0.4954369664192199,-0.0611114203929901,0.3383603096008301,0.7360342741012573,-0.797204852104187
2004-08-11,1.2437949180603027,-0.1317754238843917,3.9754059314727774,4.834601879119873,1.7499405145645142,1.3011109828948977
1995-04-07,-1.1375023126602173,0.0303041879087686,-0.6168001890182495,-0.0611956194043159,-0.913302719593048,0.9007180333137512
1985-01-02,1.6622202396392822,3.4198782444000244,-0.0014208689099177,0.349130779504776,0.6657912135124207,-1.281380534172058
2007-05-07,-1.6410688161849976,-2.287337303161621,-1.840969443321228,-1.433324933052063,-1.7417906522750854,1.86203932762146
2005-06-24,-1.862855672836304,-2.8600690364837646,-1.07821786403656,-0.1456572711467743,-0.970459282398224,-1.1440770626068115
2003-12-14,0.6695030927658081,-2.896453619003296,0.0553350932896137,0.3018592298030853,0.2091183513402938,1.628820776939392
1993-09-18,-0.4049459993839264,1.976277232170105,0.6996468305587769,-0.2499076128005981,-1.1315137147903442,-1.941889762878418
1991-08-05,0.6481657028198242,0.1348304599523544,-0.2968122363090515,0.2730573117733001,0.8530690670013428,-1.7913674116134644
2003-05-02,-2.481180191040039,4.859825134277344,-2.127711057662964,-0.8104537129402161,-2.6636855602264404,0.0309863574802875
1982-07-01,-1.9978342056274412,-0.7717537879943848,-2.8840925693511963,-0.2658692598342895,-0.836730420589447,-1.6630306243896484
1987-01-25,1.2296037673950195,-0.8203113675117493,-0.0125828422605991,0.660926342010498,0.9027423858642578,0.3418599665164947
1998-01-23,-0.1571282595396042,0.9152781963348388,0.4236535131931305,0.3916389048099518,1.2203898429870603,0.4064761698246002
2004-11-16,-0.9915372729301452,-3.223578691482544,-1.129264235496521,-0.5797659754753113,-0.1809305846691131,1.6250851154327393
1991-10-17,-2.2286722660064697,-1.0526100397109983,-1.5221797227859497,-1.2772201299667358,-1.783318042755127,-1.1155542135238647
1986-08-09,0.8200785517692566,2.2708725929260254,1.42105233669281,2.112365961074829,1.8876210451126096,1.377311110496521
1994-03-24,-0.0975634679198265,-1.135784149169922,0.3022822141647339,0.7798720598220825,-0.2235321253538131,-1.1378480195999146
1999-04-28,-0.6214292049407959,0.9948222041130066,-0.4607537984848022,-0.0835034772753715,-1.5827449560165403,0.6731391549110413
1991-08-12,-0.3417716920375824,-0.1758768707513809,-1.916244626045227,-0.5550966858863831,0.0702701583504676,-2.845837354660034
1999-05-13,0.3916381299495697,0.3985136747360229,0.147092193365097,-1.4611636400222778,-1.8042467832565308,-1.146443247795105
1986-12-02,-0.1049019321799278,-0.4936570227146148,-2.266908884048462,-0.4236001372337341,-1.632327675819397,-2.5197019577026367
1987-12-19,-0.4380910694599151,-1.8987789154052732,-0.6600780487060547,-0.0032256741542369,-0.1084086820483207,0.182662695646286
1990-12-03,-0.1593000590801239,-0.0498811192810535,-1.0869874954223633,-0.6965219974517822,-1.045682072639465,-1.0376263856887815
1990-02-03,0.9263850450515748,-1.2187811136245728,0.5752964019775391,0.507862389087677,1.3265610933303833,-1.8158260583877563
2001-12-27,1.3876073360443115,0.5808038711547852,0.8232260346412659,0.9119985103607178,1.1839698553085327,0.3644985258579254
2001-09-18,1.1796191930770874,-1.5737062692642212,1.335671067237854,0.64750736951828,0.1068617329001426,1.1352015733718872
1984-10-07,-1.630829930305481,1.016796588897705,-1.1701257228851318,-1.6740185022354126,-3.006535291671753,-0.1357258409261703
2001-08-14,0.1324216574430465,1.201115608215332,1.877248287200928,1.5426504611968994,4.922914505004883,1.1860499382019043
1991-09-27,-2.209920883178711,-3.2726943492889404,-2.346298694610596,-1.318326473236084,-2.6362555027008057,-1.4597262144088743
1995-02-16,-0.0517647340893745,0.055919948965311,0.6754715442657471,0.6430165767669678,1.5515130758285522,0.6757439970970154
2006-07-28,3.263986825942993,1.9080780744552608,2.477435827255249,3.857110738754273,4.173137187957764,2.228429079055786
1982-05-19,1.2604399919509888,-3.2608180046081543,-0.3829210102558136,-0.8164894580841064,-3.4614968299865723,-0.2688658237457275
1983-08-27,2.3034451007843018,-0.8717362284660339,-0.0079427165910601,-0.4849477112293243,-0.739416241645813,2.882820606231689
1990-02-27,0.61995929479599,1.326917052268982,0.971691071987152,0.7373046875,1.3786687850952148,-1.0764726400375366
1988-06-16,-1.625931978225708,-0.4433589279651642,-0.540008544921875,-1.2070133686065674,-1.861875414848328,0.7017160654067993
1982-08-01,-1.3340325355529783,1.2772576808929443,-0.2087430953979492,2.169663429260254,-1.416512131690979,1.5957775115966797
1992-05-08,-3.095399141311645,1.387126922607422,-2.1196675300598145,-1.2710309028625488,-3.327331304550171,-3.082295179367065
1988-12-05,-0.2943419218063354,0.4934639036655426,-1.697404861450195,-0.3299368321895599,-1.1019426584243774,-2.3754096031188965
1986-08-21,0.4427469670772552,0.7758230566978455,0.3413206934928894,2.367250919342041,2.442239999771118,1.1040549278259275
1990-10-06,-1.850831151008606,0.3068051338195801,1.1098730564117432,0.0559620186686515,1.2134660482406616,0.3342753946781158
2001-03-31,-0.8215503096580505,-0.3672240972518921,-0.2022818028926849,0.3121623396873474,-0.6421948671340942,2.7802298069000244
1991-10-13,-2.255528688430786,-0.4290394484996795,-2.283228874206543,-1.323287844657898,-2.133965253829956,-0.9993230104446412
2005-10-07,0.5181184411048889,1.0187474489212036,1.866122484207153,-0.6671541929244995,-0.9455291032791138,3.305686712265014
1998-10-25,-2.837118625640869,1.3718864917755127,-0.8647043108940125,-0.2638970017433166,-0.7943546175956726,-0.3221972286701202
1992-04-26,-2.387080192565918,2.445603370666504,-1.7343909740447998,-0.8887602686882019,-2.767544984817505,-3.2596259117126465
2004-06-29,-1.0888434648513794,-1.2813363075256348,-0.9869174361228944,1.958825707435608,-1.0039972066879272,-2.8225488662719727
1984-01-24,1.028853416442871,0.53494793176651,0.6495112776756287,0.0069605382159352,0.8401485681533813,-0.1607338935136795
1997-07-11,1.7835915088653564,-0.3129083514213562,-0.5428960919380188,0.1639500856399536,1.8537241220474243,0.6752893328666687
1982-06-19,-2.259147882461548,-3.911689519882202,-1.2055182456970217,-0.0324304439127445,0.5237192511558533,-2.0726051330566406
1993-01-02,0.0730785131454467,-0.6241319179534912,-0.2106711268424987,0.4538709223270416,0.2201715260744094,-0.569977343082428
2000-08-28,1.5598911046981812,1.9976692199707031,4.386340141296387,4.131767272949219,1.349014163017273,3.131555795669556
1999-12-17,2.4537034034729004,1.178447723388672,0.1738383471965789,0.0312831066548824,1.4826748371124268,2.386148691177368
1984-12-06,0.6356812715530396,1.5534614324569702,-2.1573963165283203,-0.6099355816841125,-0.5719438195228577,-1.8754096031188965
2001-05-10,-0.4887968301773071,-1.1635677814483645,-2.145477056503296,-0.816734254360199,-1.9475752115249636,2.5339128971099854
1996-11-17,-2.318681478500366,-1.344644546508789,-0.406906396150589,-1.1682127714157104,-0.0744520649313926,0.0317002534866333
2006-06-12,-0.1759502440690994,-0.5433345437049866,-0.4100036323070526,0.4429805874824524,0.2481404691934585,1.641718506813049
1989-04-10,-1.0051409006118774,1.6755049228668213,-0.5753225684165955,-0.2899565994739532,-1.193748950958252,-0.7458854913711548
1991-02-08,0.5725623369216919,0.9444936513900756,0.1804068237543106,0.5565856695175171,1.4624338150024414,-1.0569294691085815
1995-03-24,-0.7575671076774597,-0.2557792663574219,0.032262697815895,0.4298659563064575,-0.2235321253538131,5.8121337890625
2005-11-01,-0.6794730424880981,0.1454987972974777,-1.1897931098937988,0.204359546303749,0.5252122282981873,-0.0344107374548912
1997-09-07,0.5281192064285278,1.2168421745300293,-0.5714017748832703,1.7998597621917725,1.9044042825698853,1.249459981918335
1987-12-10,-1.26718008518219,-0.7519476413726807,-1.2405587434768677,-0.4887643754482269,-0.8047578930854797,0.5485074520111084
1997-11-22,-1.3711098432540894,0.9724643230438232,-1.9650958776474,-0.4850628077983856,-0.8788160085678101,2.5319206714630127
2004-11-11,-1.094420313835144,-3.456313371658325,-1.092532992362976,-0.4105696976184845,-0.819230318069458,2.0022568702697754
1998-07-13,1.4055461883544922,-1.7601882219314575,-0.8753584027290344,1.223254680633545,0.5424620509147644,1.2010992765426636
1986-05-15,-0.6633525490760803,3.0176589488983154,-1.338844656944275,-0.6338415145874023,0.0791988894343376,0.0040175016038119
2006-04-27,-0.5078518986701965,-0.8068751692771912,-0.361907809972763,-0.5760325193405151,-0.6694905161857605,1.6423397064208984
1998-03-22,-0.8456594347953796,1.6281304359436035,1.181564211845398,0.3463181555271148,0.077188529074192,1.5099380016326904
2003-12-07,0.148862674832344,-2.7513904571533203,-0.4520493149757385,0.1285168081521988,-0.4228562712669372,0.9142439961433412
1991-08-03,0.2580088078975677,1.9839251041412356,-0.6586495637893677,0.0682324841618537,1.332952857017517,-1.9240119457244875
1982-08-19,-0.2775819897651672,1.421116828918457,1.6172690391540527,2.8026602268218994,0.3029192090034485,2.2560572624206543
2004-10-21,-2.19319486618042,-0.85564786195755,0.2127610146999359,0.2449342310428619,0.0291537381708621,4.753259658813477
1985-07-18,0.272369772195816,1.7765626907348633,1.318331003189087,0.2955954372882843,2.270057916641236,0.1906944066286087
1982-01-03,0.4322397410869598,-0.1601083278656005,-0.0714281946420669,0.449106365442276,1.3758132457733154,-0.4113853871822357
1995-10-22,-1.0255597829818726,-1.6600078344345093,-0.4544925391674042,-1.2240864038467407,-0.993302881717682,-0.4874810874462127
1991-04-11,-0.700828492641449,0.0115057546645402,-0.5072329044342041,-0.3904544115066528,-1.246443510055542,-2.326002836227417
1986-03-19,1.2632415294647217,-1.4558933973312378,0.3932512402534485,0.925798237323761,0.3655356466770172,-0.3531206250190735
1984-02-12,0.561923623085022,1.6865432262420654,1.041970133781433,0.4493633806705475,1.4984780550003052,-0.296686053276062
1982-11-12,-0.4482333064079284,-2.7709474563598637,-0.1608763933181762,-1.426582932472229,-1.075761795043945,0.4114710688591003
1985-05-16,-1.108361840248108,-6.9114837646484375,-3.03290057182312,-1.2911807298660278,-2.004258871078491,1.74354088306427
1988-09-21,-2.240394353866577,-1.2337099313735962,0.4456869959831238,-0.85249263048172,-1.283122420310974,-0.1147984787821769
1993-07-23,-0.0631063282489776,-2.276242017745972,-1.1923658847808838,1.5385804176330566,-1.4855926036834717,-0.5136391520500183
2006-10-19,-0.5355694890022278,0.2199970632791519,1.0255184173583984,0.0859111547470092,0.0566849075257778,0.6725225448608398
1983-03-22,0.1565527617931366,0.7007217407226562,0.8778479099273682,0.4630521237850189,0.4983370900154114,-1.6030350923538208
2001-09-29,-0.722224235534668,-3.902586460113525,-0.6743067502975464,-0.2175554484128952,-0.4463048577308655,-0.3662249743938446
1995-02-17,-0.0060436930507421,1.4203288555145264,0.6530121564865112,0.6409748196601868,1.5371055603027344,0.7790154218673706
2002-09-15,-0.0998739451169967,0.0982506349682807,-0.910198450088501,-1.1422559022903442,-1.6123918294906616,-0.1132846921682357
2001-06-20,-0.4560981392860412,-1.361912727355957,-1.364561915397644,-0.257124125957489,1.4458940029144287,-0.0610773190855979
1987-06-30,-0.5278329849243164,-1.2717537879943848,-0.9640792608261108,-1.6658631563186646,0.2232671231031417,-0.4330195784568786
1997-09-08,0.3984877467155456,1.2326289415359497,-0.0811361670494079,1.863533854484558,2.0141022205352783,1.1677390336990356
1985-10-12,-0.7518705725669861,-0.7512720823287964,-1.083889722824097,-1.9471529722213743,-0.3255340158939361,-2.0242998600006104
1992-10-10,-2.231881618499756,0.7287389039993286,-3.8038909435272217,-2.927164077758789,-1.4055205583572388,-1.7943193912506104
1998-01-08,0.8337012529373169,0.1252503842115402,-0.2880077064037323,0.2854953408241272,0.6281985640525818,-0.7141386270523071
1993-11-20,-1.154193639755249,2.207690715789795,-1.1612417697906494,-1.37118661403656,-1.917569875717163,-1.5012041330337524
1989-04-02,-0.8764410018920898,2.7178099155426025,-0.2450292110443115,0.2564247846603393,-0.513414204120636,0.0902518928050994
1993-01-22,0.3249174356460571,0.8628844618797302,-0.2806375622749328,0.2593714594841003,0.8526698350906372,-0.9538744688034058
1999-02-04,1.0368223190307615,1.9471189975738523,0.9004871845245361,0.8599497675895691,1.4858781099319458,0.9674654603004456
1986-03-23,0.9935654997825624,-1.1579512357711792,0.2839166522026062,0.7065497636795044,0.0421805530786514,0.1412777304649353
2005-05-06,-0.337947279214859,-0.7798534631729126,0.1400931477546692,-0.5470185279846191,-0.9093776345252992,-0.3698056936264038
2000-03-28,0.9594978094100952,3.894282579421997,1.1537328958511353,0.1424241065979004,-0.4015256464481354,1.376343846321106
1995-09-01,-1.0878016948699951,-0.6945830583572388,-0.7410163283348083,0.9520975351333618,-0.9241570830345154,-1.8170326948165891
1995-09-15,-0.2749492526054382,0.486214131116867,-1.3334609270095823,-0.9540630578994752,-0.9972689151763916,-2.1017768383026123
2003-04-05,-1.1475120782852173,0.9603273868560792,-0.4367770254611969,0.038810484111309,-0.973300278186798,1.2206947803497314
2006-09-28,-0.0222120452672243,-2.7626023292541504,1.3957005739212036,-0.7075456976890564,-0.0863195061683654,1.253800630569458
1985-10-28,-0.6471161246299744,-3.7580878734588623,-2.0446970462799072,-2.123912811279297,-1.2243778705596924,-1.332206964492798
1986-07-09,-0.7810060381889343,-0.9231019616127014,-1.3664796352386477,0.9081181883811952,-0.420536458492279,-0.6336861848831177
2001-04-01,-0.9080324172973632,-0.2734392285346985,-0.031465109437704,0.2270670682191848,-0.7228410840034485,2.4888904094696045
2001-11-09,-0.5700235366821289,0.4657540023326874,0.934361219406128,-0.1728826761245727,-1.2997355461120603,-1.3298591375350952
1981-09-25,-0.709625244140625,-2.788482427597046,0.4001035690307617,0.2886517941951751,-0.4359867572784424,0.437967449426651
1999-10-28,-0.521519124507904,0.7937847971916199,-2.776530504226685,-1.4584437608718872,-2.347883939743042,-1.2636526823043823
1984-08-03,4.300232410430908,1.0403729677200315,2.663419485092163,0.812217116355896,2.681760311126709,0.2215752750635147
1995-02-05,0.3968381583690643,0.9171201586723328,0.8905079364776611,0.6899668574333191,1.4758988618850708,-1.062533259391785
1993-02-28,-0.1738953590393066,2.7862372398376465,1.250219464302063,0.562041163444519,1.3147121667861938,-1.1504614353179932
2005-07-22,2.097556829452514,1.3602030277252195,2.3115389347076416,3.575469255447388,3.484243631362915,1.1748642921447754
1999-11-25,0.1729250997304916,1.378236174583435,-1.7466579675674438,-0.5386054515838623,-0.6831236481666565,2.597334146499634
2002-05-25,-1.369950771331787,-1.4544103145599363,-2.8311870098114014,-1.9001271724700928,-2.6750829219818115,-3.100427627563477
2007-12-10,-0.3408500552177429,0.3079129457473755,-0.3920009434223175,0.2350943982601165,0.5139949321746826,1.5554720163345337
1989-01-17,0.2481654733419418,-0.8815325498580933,-0.1654509454965591,0.7025021314620972,0.5418934226036072,-1.1712712049484253
2000-02-08,2.0919225215911865,0.1665236949920654,1.761971354484558,0.8793560862541199,1.5484658479690552,1.093328595161438
2001-02-19,1.0501271486282349,0.1939905434846878,1.181267261505127,0.9127821922302246,1.6129683256149292,0.3877877295017242
2004-06-16,-0.6554173827171326,-0.4240517914295196,-2.028239250183105,-1.686553716659546,-1.2615909576416016,-2.623574495315552
2003-06-20,-0.20609812438488,-2.531926155090332,-2.5745837688446045,0.2428758889436721,-0.2441084086894989,-2.911083459854126
1987-09-17,0.9150531888008118,1.9662251472473145,0.8165329694747925,0.035927165299654,-0.9772799015045166,0.1882317960262298
1981-11-01,-2.171513080596924,-2.466224908828736,-0.1665145307779312,-1.0484400987625122,-1.867872953414917,-0.913646638393402
1993-05-12,-1.508785843849182,2.566412687301636,-2.395477056503296,-1.8767318725585935,-2.077549457550049,-0.6260908842086792
2006-06-09,-0.2633625268936157,-0.7659664750099182,-0.8802621960639954,0.2111924290657043,0.9488147497177124,1.1962875127792358
1987-08-10,3.457221269607544,2.502195119857788,2.1911096572875977,1.674066185951233,2.584355115890503,2.7895164489746094
2004-12-16,0.3649096488952636,0.0151961669325828,0.7270610332489014,0.2354475408792495,1.3223567008972168,2.3792684078216557
2006-10-08,-0.3943211138248443,-2.6556732654571533,0.0706013366580009,0.2844379246234894,-0.170512706041336,1.2675999402999878
1989-06-14,-1.0480248928070068,0.8045595288276672,-0.6373528242111206,-1.085170030593872,-1.5192670822143557,-1.2888123989105225
1988-11-09,-1.6216121912002563,0.4813790321350097,0.2676310539245605,-1.0930026769638062,-2.438339948654175,2.83301043510437
1996-11-28,-1.702865481376648,-3.045650005340576,0.2130680829286575,-0.5922521948814392,0.4383422136306762,-0.3956108391284942
1982-02-22,0.0704083368182182,-1.7650381326675415,1.3115650415420532,1.103907346725464,1.540306806564331,0.3912949860095978
1991-10-26,-1.1905938386917114,0.1127605363726615,-2.151613235473633,-1.3747302293777466,-2.2980892658233643,-1.7699320316314695
2000-03-07,0.9953880906105042,0.4033658802509308,3.1380136013031006,0.5884264707565308,0.9406396150588988,1.338303565979004
1983-01-02,0.6603826284408569,-0.5792707800865173,-1.1035232543945312,0.2508457005023956,-0.0242003574967384,0.971897304058075
1985-12-26,0.080834075808525,1.3907781839370728,-1.138484239578247,-0.00023391515424,0.4284681379795074,-3.0416131019592285
2000-04-30,-0.8230665326118469,0.2777561843395233,0.1023450717329979,-0.8223991394042969,-2.045219659805298,0.0082258824259042
2005-12-27,1.030377745628357,3.210707187652588,1.5064620971679688,0.4208591282367706,1.6658021211624146,6.141880035400391
1988-03-07,-0.0359563305974006,0.3302717804908752,1.4021726846694946,0.5519900321960449,1.061327338218689,3.232048988342285
1999-01-04,0.5668926239013672,-0.9962913990020752,-0.4387687146663666,0.7013871669769287,0.6372259855270386,-0.3783850371837616
2000-02-26,1.8988637924194336,1.1472796201705933,1.937070608139038,0.6851824522018433,1.3479846715927124,0.5922726392745972
1999-06-11,3.526646137237549,-3.1859493255615234,0.6697255969047546,-1.8188064098358157,-0.2811657190322876,0.106291227042675
1995-03-02,-0.5145376920700073,1.8898736238479612,1.3698039054870603,0.7427201271057129,1.2404422760009766,-0.580367386341095
1990-03-22,-0.0264235436916351,1.2320328950881958,0.1439020037651062,0.3165351152420044,0.0421805530786514,-1.10872220993042
1996-06-04,-1.930333137512207,-1.101365566253662,-3.0000901222229004,-2.0172722339630127,-1.7748430967330933,2.1065478324890137
2006-08-22,0.3486193716526031,1.292982816696167,3.608831882476807,3.1236281394958496,3.652137279510498,3.738962650299072
2003-04-24,-1.0270947217941284,0.1855936795473098,-1.1244056224822998,-0.3787504732608795,-2.10754132270813,5.8703484535217285
1989-09-30,-2.269602060317993,2.459721803665161,-0.8449668884277344,-2.2543845176696777,-2.980116128921509,-1.823626518249512
1997-09-18,1.1615495681762695,0.9256343841552734,-0.0284104086458683,1.213351130485535,0.5415749549865723,1.8509327173233032
1996-01-31,-0.0549924150109291,-0.8791515827178955,1.0951484441757202,0.531730592250824,1.4840567111968994,3.405540704727173
1998-08-22,-0.5700608491897583,2.364977598190308,4.117466926574707,2.8374509811401367,0.7316387891769409,3.988191366195679
1982-02-13,-0.1808494329452514,-0.5894680023193359,1.2645949125289917,0.7442793250083923,1.5925397872924805,1.3863883018493652
1995-06-19,-0.4854344427585602,5.045949459075928,-2.2382612228393555,-0.2565610110759735,0.5584163069725037,-4.403573513031006
2004-10-13,-1.3686563968658447,-1.0426002740859983,-1.0221797227859497,-0.5072311758995056,-0.1033253669738769,3.394455671310425
2004-04-17,-2.7129831314086914,2.386138916015625,0.5830562710762024,-0.2034680396318435,-2.043639898300171,0.8595589399337769
1985-09-05,-0.7087739706039429,1.208828330039978,-0.7594186067581177,1.6764498949050903,0.3729009628295898,-3.0997231006622314
2001-03-24,-0.3859182596206665,2.012577533721924,0.4675051569938659,0.4442437291145324,-0.1713407635688781,3.1123805046081543
1996-03-07,-0.6667262315750122,0.6570589542388916,1.7049435377120972,0.5006247162818909,0.9566945433616638,0.8343536853790283
1983-05-08,-0.0512920245528221,1.4849865436553955,2.0957272052764893,-1.6050540208816528,-1.113810896873474,1.606223225593567
1984-06-24,0.7438835501670837,1.778071403503418,-0.4345692098140716,-1.9571362733840945,-0.3540937602519989,-1.901073694229126
1986-09-11,-1.4014999866485596,-0.41736501455307,1.4188638925552368,2.853524208068848,-0.5958831310272217,1.2577353715896606
1993-04-04,-2.3458926677703857,3.469209909439087,-0.3025048971176147,-0.0888165012001991,-1.3552957773208618,-1.7037672996520996
1984-07-03,1.60252845287323,0.5174485445022583,-0.8453772068023682,-1.2332196235656738,1.4250868558883667,-0.5961546301841736
1990-08-04,3.377319097518921,1.6587281227111816,1.4212814569473269,-0.0048104547895491,0.6267261505126953,-1.5083069801330566
1998-10-09,-2.541879177093506,-1.1512659788131714,-1.4338958263397217,0.1328335702419281,-1.9055205583572388,-0.9943010210990906
2005-08-30,0.8508719205856323,3.6514079570770255,2.9136579036712646,0.9387863874435424,3.8680920600891113,2.290865898132324
1991-05-21,-0.3258949816226959,-0.703047513961792,-3.0495822429656982,-1.9391599893569944,-1.0362004041671753,-1.8391683101654053
1982-05-17,0.3416503369808197,-4.071456909179688,-0.3628870546817779,-0.9111757874488832,-3.154252767562866,-0.5464372038841248
2006-07-19,4.283666610717773,0.4422803521156311,1.7383508682250977,1.9514163732528689,4.388120651245117,1.8637574911117556
1995-04-30,-1.2478421926498413,-0.5168666243553162,-1.2319029569625854,-1.0060251951217651,-1.3094745874404907,-0.0076542259193956
1992-01-13,0.7543299794197083,0.7240839600563049,0.125112310051918,0.2186978906393051,0.6216641664505005,0.1398896723985672
1989-09-09,2.1281251907348637,-0.1531528979539871,1.0286043882369995,-0.5401365756988525,-2.7155909538269043,0.5494477152824402
1990-12-13,0.1547110229730606,-1.3214263916015625,-1.188828945159912,-0.3311406373977661,-0.2535187900066376,1.0904765129089355
1990-08-18,1.594185471534729,0.574616551399231,3.276410818099976,1.9231948852539065,0.3233677744865417,2.14064359664917
1986-04-20,0.1303972601890564,4.022806644439697,-0.3124485909938812,0.7103503942489624,-0.2914024591445923,-2.018748998641968
1995-11-09,-0.5382296442985535,0.1490658670663833,-1.4008971452713013,-0.9765706658363342,-1.6657581329345703,-1.1285375356674194
1982-02-01,-0.1724702715873718,-0.0645712018013,1.0371274948120115,0.7619220018386841,1.611352562904358,0.3418794870376587
1999-10-01,0.1035558357834816,0.0030128879006952,0.1239277422428131,0.5271356701850891,1.1133992671966553,0.9444822669029236
1984-05-09,-1.5834344625473022,-0.8964044451713562,-0.760271430015564,-1.71536386013031,-0.6656797528266907,5.424560070037842
1999-06-20,2.683450698852539,-2.0364933013916016,3.1267666816711426,-0.3340296149253845,1.4219197034835815,2.5209949016571045
1990-11-17,-1.0021618604660034,1.1039704084396362,-2.3907463550567627,-0.8846946358680725,-3.0318245887756348,-3.973874568939209
1986-02-26,1.697099685668945,-0.8280230760574341,0.6842226386070251,1.158549666404724,1.4322364330291748,-0.0783833786845207
1989-06-24,0.4250437319278717,0.4132105112075805,-0.4550747573375702,-1.3497880697250366,2.221402406692505,0.5973008275032043
2007-01-28,2.685028314590454,2.2608630657196045,1.3251594305038452,0.841728150844574,2.1840689182281494,2.185539484024048
1988-08-07,1.7445497512817385,0.2508907318115234,2.3230671882629395,0.7316485047340393,3.4734978675842285,0.7864391803741455
1998-05-06,0.0665898919105529,-0.6963922381401062,0.269727349281311,-0.7453626394271851,0.3543092906475067,2.614562511444092
1997-02-24,1.329387068748474,-0.2748258411884308,1.714067816734314,0.6384207010269165,1.4067555665969849,0.113324724137783
1992-06-19,-1.9854344129562376,-1.7940468788146973,0.5317584276199341,-2.996551275253296,1.5184078216552734,-0.5435880422592163
2004-07-25,0.9541723728179932,2.9986793994903564,1.7910218238830566,2.577291250228882,1.0424435138702393,2.7762813568115234
1999-02-02,0.9747703671455384,1.7244857549667358,0.7923869490623474,0.8194904327392578,1.4589112997055054,-0.543418824672699
2002-01-04,1.9727563858032229,0.2179397493600845,1.0159653425216677,0.7759273648262024,1.485573649406433,0.953929364681244
2000-12-27,0.8475987911224365,-0.0791693031787872,-0.5767678618431091,0.4220082461833954,1.2839454412460327,-0.3255039155483246
1992-10-01,-3.262232780456543,1.157410979270935,-0.8943079710006714,-0.6875261664390564,-0.4563146233558655,-0.886214017868042
1982-11-13,-0.4943822920322418,-2.812809944152832,0.0913574993610382,-1.4098790884017944,-1.0528504848480225,0.5305085182189941
1996-08-16,2.4741902351379395,2.664613008499145,2.1964242458343506,1.9331741333007808,2.5033605098724365,2.610644817352295
1985-09-22,-0.8503796458244324,-0.1637026369571685,-0.0143349887803196,0.83750981092453,0.3168837130069732,0.3051844239234924
1982-02-19,0.718254804611206,-0.8140751719474792,1.285456895828247,0.9130055904388428,1.5615228414535522,0.335717111825943
2007-11-06,-1.5282503366470337,0.1290463358163833,-1.2408934831619265,-0.2165914177894592,-1.5857410430908203,-0.6185277104377747
1986-06-02,-1.1821562051773071,0.3174953162670135,-2.180783987045288,-0.0052441246807575,-1.4969687461853027,-0.503135621547699
2002-01-28,1.9920200109481807,-3.0762453079223637,0.6021155118942261,0.8572917580604553,1.7139874696731567,1.329333782196045
2002-01-29,1.875000238418579,-2.6391613483428955,0.6451361775398254,0.851737916469574,1.7640554904937744,1.305534601211548
1984-07-08,1.3853694200515747,1.981568455696106,2.838913679122925,0.0429850406944751,1.968833088874817,-2.1709976196289062
1989-08-10,1.0659304857254028,0.8448302745819092,2.693220853805542,0.5967169404029846,0.933702290058136,-0.0269521735608577
1982-01-06,1.0920368432998655,-0.5773655772209167,0.1378839015960693,0.2403576970100402,2.0345089435577397,0.7946526408195496
1994-10-13,-1.035556077957153,-0.1614139378070831,-0.9053852558135986,-0.9402647614479064,-3.1059441566467285,-0.015086998231709
1994-10-17,-0.9941269755363464,-0.5810917615890503,-2.8979592323303223,-1.6815751791000366,-2.849751710891724,-0.8768460750579834
2004-12-21,0.3508231043815613,-0.3892205953598022,1.081516981124878,0.7997539043426514,1.34848153591156,2.138379573822021
1984-07-24,0.323675125837326,1.6922802925109863,2.0183496475219727,-0.0785824134945869,2.138120412826538,3.153765916824341
1987-04-21,-1.675776481628418,1.2699393033981323,-0.1489419192075729,-0.0662299990653991,-0.6969203352928162,6.880920886993408
1982-12-02,-0.2828825116157532,0.2043499797582626,-1.5269221067428589,-0.9122595191001892,-0.7016724348068237,-0.6456108093261719
1992-09-17,-0.859883725643158,1.6882469654083252,-0.0802119076251983,-0.1522351503372192,0.1176191270351409,-2.3132967948913574
1995-08-02,2.938031911849976,1.0539019107818604,-0.1486398130655288,1.658228874206543,3.522955179214477,-1.6340034008026123
2004-11-04,-0.7344316244125366,-1.475851058959961,-1.1030341386795044,-0.5191683173179626,-0.2905948460102081,2.155165672302246
1997-04-29,-1.3978666067123413,-3.056875228881836,-2.131927251815796,-0.6060312986373901,-1.9894672632217407,-1.4676761627197266
1994-11-01,-0.2487256973981857,-0.56817626953125,-1.8179317712783811,0.0011080004042014,-0.8642889261245728,-2.5075485706329346
1990-07-27,2.494978904724121,4.055164337158203,0.5061861276626587,0.035192284733057,2.247842073440552,-2.779160976409912
1998-08-13,1.7238059043884275,2.548217296600342,4.595400810241699,1.624579906463623,2.0699172019958496,2.3810975551605225
2003-10-05,-0.0771083235740661,-0.5216826796531677,2.893038749694824,1.2724608182907104,-0.9010977745056152,1.5271538496017456
1992-05-20,-1.7259193658828735,-0.353041410446167,-1.4495762586593628,-2.289166212081909,-2.9162051677703857,-3.6891744136810303
2001-05-18,-1.0059181451797483,-0.923048734664917,-2.1395785808563232,-1.2191587686538696,-2.4262149333953857,3.5308268070220947
1990-12-26,0.5278403162956238,2.6041007041931152,0.1698197722434997,0.3212328255176544,0.4289628863334656,-0.081252284348011
1990-06-28,-0.0528580769896507,0.7499163746833801,-1.908204436302185,-1.215664625167847,-0.18045075237751,-3.7940709590911865
1993-03-25,-0.7609914541244507,3.239035129547119,-0.1690901219844818,0.2924814820289612,-0.3163839876651764,-0.1070398986339569
1988-07-31,2.309232711791992,0.857048749923706,2.1933846473693848,1.3529304265975952,3.937045335769653,2.8464744091033936
1990-02-22,1.03013813495636,1.3239954710006714,0.861290454864502,0.7627882957458496,1.4929732084274292,-0.9022207856178284
1995-03-29,-0.5996553301811218,0.1756981909275055,-0.3748275339603424,0.6541792750358582,-0.4284598231315613,4.932377815246582
1998-05-07,0.7846058011054993,0.11710736900568,0.1703409403562545,-0.751041829586029,1.262665033340454,1.4376938343048096
1986-03-30,-0.0802733227610588,0.0158862117677927,0.0446123927831649,1.9250563383102417,-0.4274046719074249,-1.2029117345809937
1991-07-27,1.324995994567871,0.9451789259910583,-1.2338041067123413,-1.4648077487945557,0.9978419542312622,-3.369157314300537
1985-12-20,0.3037096261978149,-1.371540069580078,-2.0161640644073486,-0.0686924755573272,-0.0873325392603874,-3.683828115463257
2001-07-26,-1.5958154201507568,0.3886939883232116,0.1110290959477424,0.6072899103164673,1.9524471759796145,0.326269119977951
1990-10-19,0.0115241315215826,2.7713565826416016,1.1178038120269775,-1.0152909755706787,-1.3948760032653809,-1.077034592628479
2002-08-02,3.468173027038574,-1.7051963806152344,1.5031754970550537,1.7830671072006226,2.2030446529388428,0.0586386620998382
1988-07-17,1.6223758459091189,0.9765748977661132,1.338320016860962,0.7555868625640869,0.8200762867927551,4.590688228607178
1999-04-04,-0.2050905972719192,2.2607007026672363,1.5345466136932373,0.4245198369026184,-0.5995537042617798,1.5223376750946045
1993-09-13,-0.2836431264877319,1.249559760093689,-0.0380707122385501,-0.0320793651044368,0.1970639526844024,-1.1544454097747805
1986-11-06,-1.239470601081848,-1.2845244407653809,-2.439793109893799,-1.575639247894287,-2.874781608581543,-0.6343863010406494
1991-12-01,-0.694898247718811,0.4363356530666351,-0.4169333875179291,-0.973587930202484,-0.3923374712467193,0.6603212952613831
1987-08-19,3.74420976638794,-0.605376124382019,2.786420583724976,2.963203430175781,3.1633641719818115,1.4806400537490845
2002-04-08,-0.3708419501781463,3.7615058422088623,-0.1472170501947403,0.3895443677902221,-1.426436185836792,0.0540019385516643
1987-12-13,-0.9601860642433168,-0.3810767829418182,-0.8561543822288513,-0.2276520282030105,-0.4422085881233215,0.5652587413787842
1986-06-10,-1.1607210636138916,-2.2548370361328125,-2.0877685546875,-1.400668978691101,-2.187779188156128,-0.881402850151062
1994-04-08,-0.7306689023971558,3.88845157623291,0.2248328626155853,-0.1201920211315155,-1.812711238861084,-3.436969518661499
1989-05-27,-0.2618927359580993,3.637563705444336,-0.6715971231460571,-1.3213061094284058,-0.983366847038269,-0.7351749539375305
1992-03-20,-1.3091517686843872,0.5920519828796387,0.4469316303730011,0.4002532660961151,0.1263829916715622,-0.8051458597183228
1998-09-23,-0.5827847719192505,-1.498114824295044,-1.9871726036071775,2.1833832263946533,-0.0402679517865181,-0.313653290271759
1986-07-25,1.4068949222564695,0.5337554812431335,-0.1223585903644561,-0.4814086556434631,0.4043915569782257,-0.0536477267742157
1999-01-14,0.8440968990325928,3.5839405059814453,0.3645596504211426,0.4952199161052704,1.0752228498458862,-2.194521188735962
1996-03-10,-0.6853499412536621,0.2917766273021698,1.58747661113739,0.4611402153968811,0.7812456488609314,0.7517459988594055
2001-07-14,0.9923710227012634,0.0565614663064479,0.3083212673664093,0.025575902312994,1.9300616979599,2.0406699180603027
2004-07-31,0.197326511144638,1.1387391090393066,2.551286458969116,3.4051625728607178,2.3167285919189453,2.1316771507263184
1988-08-24,0.3399428427219391,2.2549617290496826,1.8074692487716677,0.9374569654464722,1.731638789176941,-0.9418317675590516
1985-12-04,0.0506913922727108,-1.429885983467102,-3.1969728469848637,-0.7365305423736572,-1.5556613206863403,-2.3076155185699463
1993-11-28,-0.4909010529518127,3.882301092147827,-2.396925926208496,-0.9210056066513062,-2.941606044769287,-2.691457748413086
1993-08-11,0.4782051146030426,2.4041402339935303,0.0437468104064464,3.4549131393432617,3.20027494430542,0.794146716594696
1986-01-14,1.244350790977478,-1.3059148788452148,-0.4249060153961181,0.1386808007955551,0.3316556513309479,-0.1300993412733078
1988-05-18,-1.0756860971450806,-0.640953779220581,-0.4788140654563904,-0.874427318572998,-1.1851921081542969,0.4892010688781738
1993-09-03,-0.1487763822078704,1.218838095664978,0.3005789220333099,0.0964633002877235,1.0728826522827148,-2.939749956130981
2004-09-29,-0.276418536901474,0.1730263084173202,-0.0960734784603118,-0.3528692126274109,-1.3065836429595947,1.2844785451889038
1995-02-13,-0.1388945132493972,0.8644178509712219,1.1497403383255005,0.6630980968475342,1.5489226579666138,0.6773651838302612
1989-11-05,-0.3894645273685455,1.305471897125244,-2.089787006378174,-1.255631923675537,-2.794795036315918,0.1756112426519394
1984-06-05,-0.4855507016181946,-2.5181515216827397,-0.4206738471984863,-2.2808022499084477,-0.8519464135169983,-1.681249976158142
2000-08-17,3.212766408920288,2.0258231163024902,3.691296339035034,2.297243595123291,-0.8177697658538818,3.9340720176696777
1994-12-15,0.9665768146514891,-0.4745877683162689,-1.2598718404769895,-0.3433934152126312,0.4453659355640411,-2.53533148765564
1985-05-19,-1.1956812143325806,-5.65096378326416,-3.00881290435791,-1.234412670135498,-0.1152152493596077,1.7691998481750488
1991-11-27,-1.1370724439620972,1.388245940208435,-0.5266566872596741,-1.2685859203338623,-0.8631163239479065,0.5573256015777588
1998-05-09,0.6889482736587524,-1.1073142290115356,-0.120968222618103,-0.7533321976661682,1.1882020235061646,1.442025899887085
1991-12-11,-0.1554534584283828,0.3489256799221039,-2.083911657333374,-0.354447454214096,-0.4119881093502044,-1.4901572465896606
1995-10-03,-1.4192593097686768,-0.8602097034454346,-1.315963625907898,-1.1073955297470093,-1.4850326776504517,-1.903544545173645
2005-03-24,-0.7723793983459473,1.5148714780807495,1.0820789337158203,0.2150865197181701,-0.3983596861362457,0.930426299571991
1988-05-12,0.055322527885437,-0.855242133140564,0.0571451261639595,-0.6598832607269287,-0.98452889919281,0.6732603907585144
1983-09-30,-1.2612468004226685,0.4768804013729095,0.2421572655439376,-1.1578973531723022,-1.546204924583435,-0.6157147288322449
1991-09-13,-0.7505612373352051,0.0782774612307548,-2.607131242752075,-1.2896302938461304,-1.222257137298584,-0.4386173188686371
1994-07-26,3.894972801208496,4.365161895751953,2.5862033367156982,0.8751886487007141,6.277840614318848,-1.169175624847412
1989-07-26,1.5275495052337646,1.3402140140533447,1.5515292882919312,0.0154717927798628,1.844228982925415,-0.5151381492614746
1997-06-02,-1.0555580854415894,-4.078149318695068,-3.5906567573547363,-1.0808205604553225,-2.7619194984436035,-3.1212525367736816
2004-09-08,-0.3358469307422638,0.3283756077289581,-0.2740122079849243,1.6237707138061523,-0.3991852402687073,1.098712682723999
1997-08-10,-0.3817802369594574,-0.4158670902252197,2.4237515926361084,0.6949033141136169,2.240283489227295,0.604144275188446
1997-05-29,-0.7541677355766296,-3.40051007270813,-3.070772647857666,-1.396523356437683,-2.3373191356658936,-3.2272520065307617
2000-09-14,2.966790676116944,1.2915626764297483,1.4520936012268066,1.1263703107833862,1.7890279293060305,-0.5832591652870178
2004-05-27,-1.1441823244094849,-1.2705050706863403,-1.5307945013046265,-1.456520915031433,-2.387306928634644,0.1727418154478073
1982-06-11,-1.3907320499420166,-1.814834713935852,1.1622314453125,0.9093285799026488,0.9422257542610168,-2.501398086547852
1997-10-19,-0.9540765881538392,-1.1110719442367554,-1.476235270500183,-1.2808574438095093,-1.2514349222183228,-0.1843093335628509
1990-06-25,0.1069014444947242,-0.3210259079933166,-3.3147497177124023,-1.8919743299484253,-0.401512086391449,-3.783814668655396
1999-10-06,-0.6471156477928162,-0.8516997694969177,-0.456967294216156,-0.0475464798510074,0.0989022031426429,1.4971550703048706
2004-04-27,-3.2278530597686768,-0.2768763601779938,-1.4319151639938354,-0.6060312986373901,-2.7894856929779053,-1.1576786041259766
1996-05-22,-0.5282281637191772,-8.107098579406738,-1.9441717863082888,-1.7249640226364136,-2.3659913539886475,-0.1308588683605194
2002-11-17,0.4084565937519073,2.666435956954956,-2.5492775440216064,-0.8197562098503113,-1.0309367179870603,-2.2149112224578857
1994-11-13,-0.1300241947174072,-1.9559955596923828,-2.1675264835357666,-0.5082329511642456,-0.7728763222694397,-1.948956847190857
1986-01-04,1.1230968236923218,-2.834153890609741,-0.9406821131706238,0.0038892237935215,0.070177637040615,-1.1099554300308228
1993-08-20,0.649530827999115,3.063498020172119,0.3470500707626343,4.380779266357422,2.390606164932251,0.6829241514205933
2004-12-26,0.6676061153411865,0.1208123862743377,1.313246726989746,0.8920094966888428,1.7139686346054075,1.074489951133728
1988-03-19,-0.0593131482601165,-0.8119309544563293,0.9066094756126404,0.584911584854126,0.6280808448791504,-0.4023600220680237
2005-07-25,0.3541662693023681,0.4486915469169616,2.2910218238830566,3.037282705307007,3.0424435138702397,1.9562740325927732
2001-02-11,1.591116428375244,0.1744154244661331,1.0197354555130005,0.6431090831756592,1.6489287614822388,0.6873749494552612
1997-11-29,-0.4849068224430084,-0.0536545775830745,-1.6969321966171265,-0.4336099028587341,-0.642337441444397,-1.4396848678588867
1983-01-18,1.1641042232513428,0.8439196348190308,0.3645596504211426,0.0351979508996009,0.645230233669281,1.0354896783828735
1996-05-27,-0.5980359315872192,0.2035670429468155,-2.880951404571533,-1.6489553451538086,-2.716325044631958,1.0441040992736816
1993-04-21,-2.001219749450684,4.211451530456543,-0.5463871359825134,0.2987417876720428,-2.2815632820129395,-3.1428444385528564
1989-12-13,-0.5652902126312256,-1.3914337158203125,-2.298844814300537,-0.6511174440383911,-0.853524923324585,-1.9795308113098145
1991-05-06,-2.0712809562683105,0.3849804699420929,-1.2842777967453003,-0.9850589632987976,-2.5338244438171387,-1.513771891593933
1994-04-18,-0.7796064019203186,3.9928078651428223,-0.2124424874782562,-0.0196300726383924,-2.1114096641540527,1.5312694311141968
2001-12-18,1.4154648780822754,-0.4785833060741424,0.4595755040645599,0.3091722428798675,0.6706085801124573,1.3819990158081057
2000-03-31,1.2584668397903442,3.4627625942230225,1.1977120637893677,0.0821513682603836,-0.6321851015090942,-0.1597726643085479
1996-02-24,-0.6629161834716797,-0.8480120897293091,1.944201946258545,0.5685532689094543,1.4322364330291748,1.3716288805007937
1984-02-07,1.2315876483917236,2.606459379196167,1.0074584484100342,0.3602150976657867,1.3986979722976685,-0.0323175899684429
1989-03-06,0.2368991672992706,0.3197919428348541,1.2524347305297852,0.6711618304252625,1.1098963022232056,0.0236758068203926
2005-05-31,-2.645554304122925,-2.2881710529327397,-1.510670185089111,0.7391867637634277,-1.711931824684143,0.1687561124563217
2003-06-18,-1.4963020086288452,-2.310535430908203,-3.611129999160767,0.2794954776763916,-0.070559024810791,-2.6865053176879883
2006-01-12,1.3740956783294678,2.6839160919189453,1.844570636749268,0.6251943111419678,1.2452362775802612,1.1954933404922483
1998-03-09,-0.0841453522443771,2.468259334564209,1.488850474357605,1.0452649593353271,0.9321691989898682,1.5507673025131226
2007-11-19,-1.1289241313934326,0.1907462030649185,0.2858860194683075,-0.0938219353556633,-0.09144888818264,1.257261872291565
2004-02-26,0.3360838890075683,-1.0337700843811035,1.450231671333313,0.982024073600769,1.2946926355361938,0.3095300197601318
2000-07-19,0.8118007183074951,2.0519185066223145,5.850802898406982,2.185064554214477,1.5642200708389282,1.6322952508926392
1998-01-12,0.1921760737895965,1.7017039060592651,0.1098047420382499,0.3482923507690429,0.8950986266136169,0.3960527777671814
1999-05-25,0.3881011605262756,-1.012430191040039,-0.2015958875417709,-0.8513049483299255,-1.803374171257019,-0.5151737332344055
2004-07-12,-0.6816508769989014,-2.8673083782196045,0.3606899380683899,1.1440545320510864,0.3401493430137634,-1.4645907878875732
1991-02-01,0.925018548965454,4.730864524841309,0.3051398396492004,0.451744019985199,1.2540762424468994,-0.1944653540849685
2003-04-27,-1.591430425643921,3.784800291061402,-1.4707330465316772,-0.5734937191009521,-2.19273042678833,4.5531439781188965
1984-03-19,0.9332550168037416,-0.5058811902999878,0.7532365918159485,0.355821430683136,0.3755148947238922,3.3668806552886963
1986-01-22,0.511380672454834,-1.1541129350662231,-0.3820552825927734,0.2736982405185699,0.7352532744407654,-0.5787197351455688
1992-05-25,-1.9239153861999512,-0.3105436861515045,-1.092222809791565,-1.892490267753601,-3.291245698928833,-1.5701545476913452
2007-10-12,-1.022106647491455,2.246834754943848,-0.6648333668708801,-0.7122465968132019,0.354421854019165,1.046824336051941
1987-08-22,3.8395333290100098,-0.4264920949935913,0.8870280981063843,2.810802698135376,3.610607385635376,1.4929217100143433
2007-10-10,-0.7555572390556335,0.7485897541046143,-0.5953876972198486,-0.9102659821510316,-2.0059380531311035,1.754932522773743
1983-07-28,0.4775311946868896,-0.5097920298576355,2.731521844863892,1.7754510641098022,1.524221658706665,2.3548569679260254
1987-09-16,0.8849067687988281,1.9222331047058103,0.813135027885437,-0.0835315212607383,-1.0212780237197876,0.2111423760652542
1998-01-26,-1.0459399223327637,0.7349981665611267,0.6313658952713013,0.59848952293396,1.4084672927856443,0.463302344083786
1996-01-22,-0.7850984334945679,-0.1371155530214309,0.7093526721000671,0.5493800044059753,1.0826808214187622,-0.3538683652877807
1991-01-17,0.4881556928157806,0.8584882020950317,-0.0154570443555712,0.6725033521652222,0.6418995261192322,-1.0612858533859253
1994-05-29,-0.9961069226264954,-0.358450710773468,-2.340810537338257,-2.0277647972106934,-3.1570966243743896,-1.1114909648895264
1997-06-16,-1.0018093585968018,0.0903812497854232,-2.990420341491699,-0.667527973651886,-1.669399619102478,-3.006617546081543
2001-04-26,-1.975807547569275,0.2957916855812073,-1.3407446146011353,-0.771431028842926,-2.106795072555542,-0.5169162750244141
1985-03-17,1.4335174560546875,-2.267905235290528,0.2500201761722564,0.4747727513313293,0.5335130095481873,0.1810129880905151
2002-10-16,0.4615058302879333,1.6013431549072266,-1.9322144985198972,-1.8252885341644287,-0.9648833274841307,2.5029518604278564
2006-06-16,1.1145716905593872,-3.1440529823303223,-1.228251338005066,0.4034426510334015,1.4384212493896484,0.8364168405532837
1983-03-24,0.2735642492771148,0.5520402193069458,0.9439203143119812,0.3765326738357544,0.3121695816516876,-1.90871000289917
1985-04-07,0.6449155211448669,-0.0293078813701868,-0.4154350757598877,0.1645100712776184,-1.1995598077774048,-0.5476696491241455
1995-01-30,0.4220432043075561,0.9637632369995116,0.5721167325973511,0.7572856545448303,1.4539777040481567,-1.52067232131958
1981-12-29,0.0340206287801265,0.0468208007514476,0.797185480594635,0.6722004413604736,1.527802586555481,-0.5114502906799316
1983-03-18,0.6635284423828125,0.6720973253250122,1.140034794807434,0.5747788548469543,0.6235093474388123,0.8710154294967651
2002-01-13,2.0640981197357178,0.1539172232151031,1.1745572090148926,0.4152028262615204,1.0852326154708862,0.2954994738101959
2006-06-10,-0.1480309814214706,-1.185461163520813,-0.9873589277267456,0.3248336017131805,0.6007279753684998,1.3311827182769775
2001-10-26,-0.6975481510162354,1.902437210083008,-0.0171270668506622,-0.8207378387451172,0.2557726800441742,0.2859586179256439
2004-04-01,-2.515875577926636,0.6992208361625671,1.1174780130386353,0.2211810648441314,-0.9053141474723816,0.5462327599525452
1997-12-07,-0.3571763634681701,-0.6619513034820557,-1.990558743476868,0.5412344336509705,-0.2847688794136047,-3.321487665176392
2000-12-06,0.4728102087974548,-0.3619635105133056,-0.1105538830161094,-0.2887521684169769,0.6752225756645203,-0.2514803409576416
2001-03-19,-0.0664320886135101,-0.0279463361948728,0.4939081072807312,0.5165473222732544,0.2321829944849014,0.1312984824180603
1989-02-24,0.333113819360733,-0.3226029276847839,0.8521291613578796,0.6176378130912781,1.455104112625122,-1.031537413597107
1999-07-30,7.353983402252197,1.0480927228927612,3.177448034286499,2.207116842269897,4.293132305145264,3.038426637649536
1988-02-13,0.0647722780704498,-1.456799030303955,1.1951210498809814,0.6481988430023193,1.523991346359253,0.6781052350997925
2005-02-20,-0.1568764299154281,3.3673994541168213,1.9121267795562744,0.6676256060600281,1.455104112625122,1.358477234840393
1989-03-04,0.1976237446069717,0.1245736628770828,1.2462468147277832,0.6965370774269104,1.1994670629501345,0.29245525598526
1988-09-25,-2.272787094116211,-1.088141679763794,0.3228249251842499,-0.2866179645061493,-2.2402801513671875,-1.0136654376983645
1998-02-11,-0.7612468600273132,1.0144752264022827,1.1634927988052368,0.6011506915092468,1.552777886390686,0.8684334754943848
1988-09-20,-2.748454093933105,-2.034387588500977,0.421601802110672,-0.2566500604152679,-1.2684226036071775,-0.4190563261508941
1994-05-03,-0.7817746996879578,-2.965907573699951,-1.3721774816513062,-1.0762357711791992,-2.58414626121521,-4.234999179840088
2002-04-14,-0.2805226445198059,4.865832805633545,-0.2240182757377624,-0.3583422303199768,-1.9142699241638184,-0.271317571401596
2004-03-17,-1.6091395616531372,-1.777943134307861,1.2369401454925537,0.6902617812156677,0.1363622397184372,0.104827307164669
2005-09-09,1.509448528289795,0.7982786893844604,3.97285532951355,0.0603757798671722,4.287752628326416,2.911388874053955
2005-08-08,1.2282050848007202,-0.0158732030540704,2.6337430477142334,1.4649229049682615,3.560290813446045,0.824145495891571
2000-05-02,0.4488124251365661,0.3498457670211792,0.1022693216800689,-0.9004500508308411,-2.6036880016326904,-0.6190075278282166
2001-04-12,-1.1159330606460571,0.2550669610500335,-0.6518456339836121,-0.0896163433790206,-1.2025063037872314,-0.5083021521568298
2000-07-06,0.5736781358718872,2.743113279342652,0.8594765067100525,0.1638970375061035,1.3821303844451904,2.564403295516968
1987-11-09,-1.9344438314437864,-0.7358608841896057,-1.2030402421951294,-1.7191499471664429,-2.3205935955047607,-1.6448527574539185
2002-12-08,1.0845367908477783,-1.5910767316818235,-2.053912878036499,-0.0444193631410598,-0.5019844770431519,-2.210158586502075
2002-10-13,0.1579165756702423,2.986824989318848,-1.1748430728912354,-1.672237992286682,-0.78556227684021,2.4868268966674805
1989-02-15,0.1318044513463974,-0.6070196628570557,0.3137953579425812,0.6440656185150146,1.5424529314041138,-0.6751070022583008
1993-03-02,-0.2845267355442047,3.009868621826172,1.4898295402526855,0.5527176856994629,1.2404422760009766,-0.68037348985672
1998-09-20,0.0492147654294967,-2.0717415809631348,-2.258140087127685,1.952608823776245,0.3143823444843292,-1.0791112184524536
2007-09-09,-1.41056489944458,1.2282713651657104,1.3328711986541748,-0.1896242201328277,-0.2522558867931366,2.221386432647705
1985-03-30,1.0997194051742554,-1.5641003847122192,-0.3153729736804962,0.1650771349668502,-0.2774107754230499,-1.7029117345809937
2007-01-08,3.175320625305176,3.375441789627075,0.2788849174976349,1.45835542678833,2.756023406982422,0.832800030708313
1992-12-09,-0.5011312365531921,-1.221391677856445,-1.5420457124710083,-1.1114734411239624,-0.8528489470481873,-1.8857438564300537
1988-06-21,-1.0763190984725952,0.4994621276855469,0.3588712215423584,-1.6204984188079834,-0.860567569732666,0.4334897994995117
1984-05-25,-1.5382379293441772,-2.2870914936065674,-0.8541754484176636,-2.214954376220703,-1.775994896888733,3.879150867462158
2006-12-08,1.7998236417770386,0.7289085984230042,0.1138468086719513,0.3223662972450256,1.4578158855438232,1.4252440929412842
1996-04-15,-2.530522584915161,-2.784161329269409,-0.3140146136283874,-0.4583178162574768,-1.4642577171325684,0.2286824285984039
1992-11-18,-1.6586776971817017,0.3853664696216583,-2.9069063663482666,-1.4682005643844604,-3.2444655895233154,-3.538306951522827
1989-11-29,-0.8509169220924377,0.4523083567619324,-1.1269062757492063,-0.5309909582138062,-1.2316147089004517,-1.921438217163086
2000-07-17,1.4721112251281738,2.184534788131714,3.4408209323883057,1.304882526397705,3.45356559753418,1.0325435400009155
2003-08-25,0.354064404964447,2.3766214847564697,3.959145784378052,2.83383846282959,0.4130887687206268,2.565569400787353
2003-05-07,-1.3079484701156616,2.750145196914673,-1.7099130153656006,1.082955837249756,-1.2993923425674438,0.1001955270767211
1981-12-26,-0.0669209584593772,0.1768031120300293,0.8923280239105225,0.5977995991706848,1.4963552951812744,-0.6924968957901001
1989-12-31,-0.929613709449768,-3.479264736175537,-1.2335281372070312,0.3208530247211456,-0.2542113363742828,-1.6681172847747805
1994-01-23,1.7495927810668943,0.3396617472171783,0.9474086165428162,0.2909311950206756,0.9027423858642578,-0.7381265759468079
1997-03-21,-0.2252624481916427,-2.799278974533081,0.0987767204642295,0.4319059550762176,-0.0442232824862003,1.2763121128082275
1981-10-28,-1.6706048250198364,-2.567262649536133,-0.1416033804416656,-1.2547351121902466,-2.4580929279327397,-0.3799173533916473
1988-11-28,-0.8689736723899841,1.940275311470032,-2.3868303298950195,-0.4897685945034027,-1.6621124744415283,-1.4871426820755005
1987-05-22,-1.4459205865859983,1.046952486038208,-0.3595799207687378,-1.3391538858413696,-0.5462101697921753,-1.3891561031341553
1987-09-23,0.549214780330658,0.6882376074790955,0.381844162940979,0.4726283848285675,-0.0656225383281707,0.7408656477928162
2004-02-10,0.9987629055976868,-3.095510244369507,1.5834757089614868,0.8911592364311218,1.622785210609436,1.2484383583068848
1997-11-11,-1.425246000289917,2.27468204498291,-0.1719102561473846,-0.8956640362739563,-1.0163830518722534,-0.5796591639518738
1982-11-05,-1.5896484851837158,-1.2241981029510498,-1.832873821258545,-1.484843134880066,-1.1950650215148926,3.0760905742645264
1987-07-09,3.989013433456421,0.5068907141685486,-1.7364747524261477,-0.7518854737281799,2.359462261199951,-1.6436959505081177
1991-10-01,-3.086616039276123,-3.957029819488525,-1.0305931568145752,-1.4413732290267944,-3.8441662788391113,-0.6755895018577576
1989-02-01,0.7850039005279541,-2.569154024124145,0.1251471787691116,0.701744019985199,1.2640554904937744,0.6155627369880676
1982-06-03,0.9578278660774232,-1.642496109008789,-1.600766897201538,-0.9252270460128784,0.0430397689342498,-2.7831344604492188
1999-08-01,7.07801628112793,1.1239092350006104,3.3813588619232178,1.968226432800293,3.882971048355103,4.115996360778809
1999-11-20,-0.2166523486375808,-1.0808591842651367,-1.9828574657440183,-0.632549524307251,-1.064383625984192,0.192877322435379
1988-12-24,0.5030863881111145,-1.8731846809387207,-0.6476805210113525,0.1577971428632736,0.1263601332902908,0.5875018835067749
1987-09-27,-1.1870896816253662,-0.1110529601573944,0.8572613000869751,0.1920677870512008,-1.3942960500717163,-0.9823943972587584
1988-03-13,0.2318195849657058,-0.416085809469223,1.1138912439346311,0.585995614528656,0.7178980112075806,0.4712715744972229
1985-06-23,2.133462905883789,-3.7965030670166016,-2.8232455253601074,-1.4640345573425293,1.2119282484054563,-3.5990002155303955
1994-01-19,0.9425907135009766,-0.4743334949016571,0.8846356272697449,0.4496395885944366,0.737923800945282,-1.1677757501602173
1989-11-20,-0.4315397441387176,0.0964287295937538,-1.909263014793396,-0.9197623133659364,-1.5609354972839355,-1.3049075603485107
1987-04-26,-2.9719109535217285,1.3523553609848022,0.1068297177553176,-0.2581283450126648,-0.5420364737510681,4.203965187072754
2006-09-17,1.6096118688583374,-1.7537294626235962,0.0156637914478778,1.1275184154510498,-0.0731309428811073,-1.5147923231124878
1988-11-17,-0.7821606993675232,-1.0660430192947388,-0.7007440328598022,-0.8347068428993225,-1.9218087196350095,0.116121806204319
1991-03-11,0.1558448821306228,1.818265438079834,0.49882972240448,0.7052685618400574,0.8421728610992432,1.4907697439193726
1998-11-21,-1.1289241313934326,-1.7292672395706177,-0.5341212749481201,-0.1738390326499939,-1.0914489030838013,-1.85275399684906
2004-10-20,-2.194842338562012,-0.8832330107688904,0.2784677445888519,-0.0548519976437091,0.6474079489707947,5.157401084899902
1989-06-22,0.4534397423267364,0.7534847259521484,-0.3332553207874298,-0.8540186285972595,1.6119221448898315,-1.689026951789856
1983-06-26,3.155024290084839,0.6232324838638306,0.7749056816101074,-1.3297990560531616,3.921414613723755,0.3573105931282043
1989-09-15,0.4948921501636505,-1.0177693367004397,0.4331606924533844,0.9964550733566284,-2.241279363632202,1.3311680555343628
1983-10-01,-1.8911616802215576,0.4576971232891083,0.1426011025905609,-1.1265807151794434,-1.6341527700424194,-0.5803442597389221
1995-06-02,-0.6178993582725525,0.2036270499229431,-3.7007744312286377,-1.0123881101608276,-1.384316086769104,-1.825176477432251
1994-06-28,1.6621694564819336,3.148229122161865,-0.5140670537948608,-1.0258790254592896,0.1932683438062667,0.4369755387306213
1984-12-29,1.5694117546081543,2.288832902908325,0.0035573823843151,0.5026660561561584,0.7349312901496887,-1.802201509475708
1990-01-04,-0.7679484486579895,-1.3373448848724363,-1.1721136569976809,0.2703564763069153,-0.3555057346820831,-1.0753424167633057
1993-05-16,-1.0495575666427612,4.439194202423096,-1.9929063320159912,3.523537397384644,-1.9514871835708616,-4.098883152008057
1988-12-07,-0.4902085363864898,0.1661527454853058,-1.618488073348999,-0.3039937615394592,-1.0215502977371216,-1.8033055067062376
1987-02-16,-0.1381845623254776,-1.1170294284820557,0.9438002705574036,0.7140729427337646,1.5424529314041138,0.6048917770385742
1995-11-24,0.1668383330106735,0.4343149662017822,-0.0758071541786193,-0.5062711834907532,-0.4265300929546356,-0.3431868851184845
1987-03-25,-1.62565815448761,-0.4318671524524688,0.2815703451633453,0.5263413190841675,0.4271946251392364,-0.4800522625446319
1993-02-08,0.6030360460281372,0.6011917591094971,0.5372388362884521,0.4734468460083008,1.4817699193954468,-1.9411152601242063
2007-12-24,-0.0706028342247009,-0.9411476254463196,-1.27644145488739,0.0026660345029085,0.4449227750301361,-0.2722027599811554
1990-12-16,0.1865780055522918,-0.6446011662483215,-1.0698693990707395,-0.3234044015407562,-0.8046340346336365,1.004677176475525
2002-07-28,1.7192363739013672,-0.552954912185669,0.70339435338974,3.412927865982056,0.9070465564727784,-0.833518385887146
2007-01-11,3.2987446784973145,2.3283348083496094,0.5829707980155945,1.097127079963684,3.2363054752349854,0.8112612962722778
2006-12-25,2.563950777053833,0.2901680171489715,0.8689180612564087,0.4726182818412781,2.700308084487915,2.7664411067962646
2003-04-15,-0.5545249581336975,-0.2051917761564254,-0.9974581599235536,-0.0636820718646049,-2.3071985244750977,3.450510025024414
2001-02-14,1.498253583908081,0.5359309315681458,1.165461778640747,0.7130239009857178,1.5715326070785522,1.1157158613204956
2000-07-28,0.689237654209137,1.067070722579956,3.8034005165100098,3.8629400730133057,3.5970489978790283,1.356484055519104
1985-02-28,1.8899787664413448,-0.1830621659755706,0.5416983962059021,0.6273193359375,1.3786687850952148,-0.9764665961265564
1999-11-14,0.1415285617113113,0.1636588722467422,-2.496923923492432,-0.7727353572845459,-2.4155306816101074,-1.8960251808166504
1982-09-11,-1.3418759107589722,-0.7731480002403259,0.2985933423042297,-0.0101378038525581,-2.0855860710144043,2.189462423324585
2001-09-13,0.0250385422259569,0.316231220960617,1.2365463972091677,0.6259540319442749,0.3727262318134308,0.7282097935676575
1995-09-08,-0.3518856763839721,-0.963150441646576,-0.3414213061332702,-0.3601438999176025,-0.9556115865707396,-2.53053879737854
1986-06-20,-0.2439343631267547,0.8429361581802368,-1.5846803188323977,-1.342239499092102,-1.2312010526657104,-1.1102752685546875
2001-10-25,-0.7927364110946655,1.8817925453186035,-0.1165161654353141,-0.8125652074813843,0.2602550685405731,0.3564230799674988
1989-09-11,1.4704865217208862,-1.2901790142059326,0.9913235306739808,-0.4518443346023559,-2.183737277984619,2.417478561401367
2006-01-31,1.5247581005096436,1.7544845342636108,2.222410202026367,1.9194965362548828,2.018908739089966,1.4165725708007812
1991-10-15,-2.074389934539795,-0.5727846026420593,-2.015925407409668,-1.1165848970413208,-2.206451416015625,-1.0996848344802856
1990-09-18,-0.4698690474033355,1.2182762622833252,1.949817419052124,-1.2722302675247192,0.5776105523109436,-0.3332858979701996
1994-06-27,2.6771223545074463,1.6199114322662354,-0.4182141423225403,-1.0456511974334717,-0.4704593122005462,-0.0340611562132835
1982-06-08,0.529658317565918,-1.771348476409912,-0.9301133751869202,-2.2672722339630127,1.4951459169387815,-3.1434521675109863
1991-11-23,-1.1589534282684326,1.9507254362106323,-0.9541347026824952,-0.5738329291343689,-0.9514647722244264,-1.702760100364685
2005-01-15,1.2224338054656982,-0.0356233045458793,1.5096062421798706,0.7747238874435425,0.8382618427276611,0.4221217334270477
1994-01-04,1.7099878787994385,-0.6713829636573792,0.1751940846443176,0.286195695400238,0.5868469476699829,0.4085321724414825
2004-10-17,-2.3640496730804443,-0.5010865926742554,-1.036232829093933,0.0691181793808937,0.4685663282871246,4.695695400238037
1981-09-02,1.7498935461044312,-0.7423210144042969,1.0163143873214722,1.2817612886428833,2.149032592773437,0.6015569567680359
2001-06-21,-0.5149586796760559,-1.5567907094955444,-1.2550930976867676,-0.9197954535484314,1.3014194965362549,-0.2627150416374206
1994-12-10,0.5945160388946533,-0.6810730695724487,-1.943897008895874,-0.6544352173805237,0.2380057871341705,-2.49015736579895
1986-11-15,-2.5100290775299072,-1.6259784698486328,-2.3675386905670166,-1.0882195234298706,-2.16286039352417,-0.2589544653892517
1998-09-17,-0.2549521028995514,-1.67371666431427,-2.080352067947388,2.4600837230682373,1.1184862852096558,-1.551905632019043
1988-06-24,-0.2149709165096283,-0.1967748552560806,-0.0050930711440742,-1.2398027181625366,-1.0185878276824951,0.7273057103157043
1983-07-23,-0.1387249082326889,-0.3073273599147796,2.61496639251709,3.0095653533935547,0.9227219820022584,3.231867551803589
1984-10-29,-1.4527400732040403,-1.7481818199157717,-2.966522216796875,-3.1225626468658447,-2.1797473430633545,-3.0635597705841064
1992-08-11,-0.8817802667617798,2.7941243648529053,-0.1662446409463882,0.0449094288051128,-0.5497249364852905,-2.155834913253784
1999-11-17,0.3613112568855285,0.2253628224134445,-2.1869051456451416,-0.6682128310203552,-1.8344618082046509,-0.3282850980758667
1992-05-22,-0.6105909943580627,-0.6455668807029724,-0.0256263390183448,-2.316275358200073,-2.502943515777588,-3.6766104698181152
2004-05-28,-1.7721830606460571,-1.452493667602539,-1.500791311264038,-1.3852185010910034,-2.1269736289978027,0.2068558484315872
2003-07-20,0.413671463727951,3.3022656440734863,0.7783593535423279,4.661407947540283,4.458097457885742,3.723773241043091
1996-01-18,-0.447579562664032,-0.0956208631396293,-0.210394948720932,0.6647385358810425,1.008275270462036,-0.3678868114948272
2006-09-25,0.8788578510284424,-3.0622918605804443,1.0226060152053833,-0.6765684485435486,-1.0641454458236694,2.5296411514282227
1994-01-05,1.7268962860107422,-0.7563011646270752,0.2112251818180084,0.2513749897480011,0.6472357511520386,0.1616235077381134
1994-08-08,1.9072030782699585,3.222196340560913,3.2710962295532227,2.5240418910980225,3.834355115890503,3.5095176696777344
2006-08-20,0.9899367094039916,1.7249630689620972,3.817479133605957,2.6974668502807617,3.7416484355926514,4.148164749145508
1998-11-01,-2.229663133621216,-1.2742164134979248,0.4170956611633301,-0.3548687994480133,-1.1950650215148926,-2.0338947772979736
1993-02-05,0.6368283629417419,0.1271116137504577,0.6204884052276611,0.4599558413028717,1.4159013032913208,-1.862521052360535
2001-05-22,-0.7160024046897888,-0.5087483525276184,-2.36306095123291,-0.943683385848999,-0.2487892806529998,2.824631452560425
1997-06-01,-1.1378883123397827,-4.146378993988037,-3.3107597827911377,-0.9923990964889526,-2.674324750900269,-3.515178918838501
1992-11-23,-1.4210976362228394,-0.2675259113311767,-2.6651079654693604,-1.895066499710083,-2.4088146686553955,-3.1481025218963623
2006-10-01,-0.4407109320163727,0.9077258110046388,1.2560288906097412,-0.3911181390285492,0.2583357095718384,1.4997469186782837
1989-04-07,-0.905652642250061,1.3910560607910156,-0.2701973915100097,-0.2329435646533966,-0.9355613589286804,-1.3128538131713867
2000-01-20,1.828841209411621,1.9949393272399905,1.1895198822021484,0.6769739389419556,1.2301632165908811,1.159273386001587
2002-03-26,-0.2702757716178894,2.6359119415283203,0.3446001708507538,0.3350600302219391,-0.2574217617511749,0.8870846033096313
1997-03-31,-0.3464422225952148,-3.1222169399261475,-0.1650121212005615,0.3464211225509643,-0.843400776386261,-0.6597480773925781
1986-04-09,0.5225013494491577,-1.789672613143921,0.1132107749581337,0.3987958431243896,-1.043307542800903,-0.8192831873893738
1992-05-01,-2.3050637245178223,3.340763568878174,-1.3542323112487793,-1.3090001344680786,-2.986983060836792,-3.819315671920776
1983-04-26,-0.7007145285606384,0.5195525288581848,0.860489010810852,-0.9786027669906616,-0.7107955813407898,1.8693515062332156
1994-04-26,-1.6970776319503784,1.6356059312820437,-1.4843909740447998,-0.948757827281952,-1.627530217170715,1.890368103981018
1996-01-01,0.5031422972679138,-1.2417463064193726,0.0995318666100502,0.3668125867843628,0.4239254593849182,-0.0653100460767746
1995-05-27,0.240065112709999,-2.9544103145599365,-3.3111979961395264,-1.2001454830169678,-0.6450842618942261,-2.470422744750977
2006-01-15,1.4424350261688232,3.164358377456665,1.8995903730392456,0.6447190046310425,1.2782642841339111,0.6021143794059753
2002-06-16,-1.193916082382202,1.2329202890396118,-2.2546632289886475,-1.242233395576477,-2.321197271347046,0.1097258999943733
1986-09-26,-1.9127713441848757,-4.71811580657959,0.2328285723924636,1.3933746814727783,-2.910263061523437,0.656347930431366
1999-08-26,1.8440545797348025,2.2666056156158447,3.3991482257843018,0.7638615369796753,2.253085136413574,2.955584049224853
1982-05-29,0.2480864971876144,-3.072458267211914,-1.291622757911682,-0.8813037276268005,-2.0433645248413086,-1.4551761150360107
1981-11-13,-1.8343786001205444,-2.062809944152832,-1.5686156749725342,-1.1098607778549194,-1.7628724575042725,-0.9394927024841307
2007-12-15,-0.16629159450531,-1.2815437316894531,-1.2661640644073486,0.3512904345989227,0.452675998210907,0.3761693835258484
1998-08-05,2.2945375442504883,3.6008968353271484,3.9630513191223145,4.46165943145752,2.7134881019592285,2.926453828811645
1983-05-21,-0.7521597743034363,-0.2113816142082214,0.1747528165578842,-1.7725287675857544,-1.858933448791504,-0.0831927731633186
1989-08-16,2.50230073928833,1.348984718322754,2.770263671875,0.9131348133087158,2.2850863933563232,0.7028697729110718
1984-01-11,0.3411832451820373,-0.0362731479108333,0.0913609713315963,-0.2970111668109894,0.3061003983020782,-0.883939802646637
2006-12-21,2.170830488204956,-0.7092279195785522,0.4515426158905029,0.5897624492645264,2.0584731101989746,3.518384456634521
2001-11-01,-0.8299016952514648,1.580341100692749,0.4931757152080536,-0.6104466319084167,-0.1552027016878128,0.6704965829849243
1985-01-04,1.7231029272079468,3.005872964859009,-0.0506979897618293,0.103864811360836,0.6001763939857483,-1.0499578714370728
1986-11-09,-1.2244218587875366,-2.425863265991211,-2.74301815032959,-1.389163374900818,-2.0305850505828857,-0.6348429918289185
2000-09-25,1.0787495374679563,0.6268743276596069,1.832153558731079,1.1121221780776978,-0.4562085568904876,0.6342852711677551
2006-01-26,1.7775418758392334,1.7554056644439695,2.4771299362182617,0.9219256639480592,2.0013368129730225,1.3118807077407837
2002-10-31,-0.339648425579071,-2.7942054271698,-2.722888469696045,-0.8748578429222107,-2.4350552558898926,-0.6039022207260132
1995-03-27,-0.5423684120178223,-0.225149318575859,0.2020740956068039,0.3350816369056701,-0.3683609068393707,5.960424900054932
1988-09-08,-1.870593547821045,-0.0975441187620163,1.5705510377883911,1.8471885919570925,-1.8828697204589844,-1.0273280143737793
1992-12-20,0.1754746884107589,-0.6985844969749451,-0.9104196429252625,-0.1908277571201324,-1.8193817138671875,-1.5580034255981443
1996-03-23,-0.9375597834587096,0.0442085415124893,1.292272448539734,0.1898757070302963,-0.2235321253538131,1.9821470975875852
1986-12-24,0.4345767796039581,-0.2477330714464187,-1.3877630233764648,-0.294624388217926,-1.4173579216003418,-4.02386999130249
1985-08-13,2.7382149696350098,3.2241170406341557,0.3937529027462005,3.0849180221557617,0.8402897119522095,0.1941406279802322
1990-08-21,0.98952716588974,-0.5064786672592163,2.597050189971924,1.330791711807251,0.4106256365776062,1.7529314756393433
1997-03-13,0.5312513113021851,-0.4059087932109833,0.5201824903488159,0.7328063249588013,0.5840173959732056,-0.4440882802009582
2007-04-24,-2.201017379760742,-5.903926849365234,-1.6319483518600464,-0.339842826128006,-2.4217071533203125,0.2121672332286834
1998-06-05,-1.417410135269165,-3.8427271842956543,-1.03955340385437,-0.505251944065094,-0.7500726580619812,0.8805053234100342
2003-02-22,0.0370960533618927,-2.7780048847198486,1.024219036102295,0.6885483860969543,1.4322364330291748,-0.6483601927757263
1994-12-01,0.6229677200317383,-0.7917308211326599,-2.726940631866455,-0.9350253343582152,0.1063496470451355,-3.40369176864624
1987-02-18,-0.1517708301544189,-0.9840580821037292,1.005458116531372,0.8730275630950928,1.5415338277816772,0.5057305693626404
1986-03-15,0.877361536026001,-1.7553287744522097,0.388139009475708,1.0499014854431152,0.6521487832069397,0.2293057143688202
2004-10-30,-0.839648425579071,-1.1642005443572998,-1.222888469696045,-0.6948651671409607,0.46493861079216,1.6760965585708618
1991-12-14,-0.020873250439763,1.9579068422317505,-1.7720057964324951,-0.2449165880680084,-0.13599893450737,-1.0045255422592163
1989-02-20,0.4704022407531738,-0.5150380730628967,0.6615711450576782,0.6339061260223389,1.520317792892456,-1.0187087059020996
1999-09-21,-0.2396240532398224,1.2715152502059937,3.720110893249512,0.5686506032943726,1.2440364360809326,1.5579625368118286
1999-04-17,0.0803789496421814,3.4928078651428223,0.9675502181053162,-0.4396435022354126,-1.7614036798477173,1.7012523412704468
1998-09-09,-1.1294890642166138,-1.4702022075653076,-0.5086764693260193,1.998167872428894,0.8262419700622559,-2.242525100708008
2007-12-18,-0.1446269750595092,-1.6328692436218262,-0.9086838960647584,0.5124815702438354,0.2973812520503998,0.6142861843109131
2003-09-07,0.5484816431999207,1.6126338243484497,3.0688576698303223,1.153511881828308,0.2941010296344757,-0.0222634375095367
1983-04-09,0.534349799156189,-0.5089378356933594,0.7598013877868652,-0.2229643166065216,-0.8455650210380554,2.3471498489379883
1984-09-25,-0.7669571042060852,-0.7139590382575989,-1.8595649003982544,-0.974437415599823,-1.974167227745056,-0.2035547494888305
1982-08-23,-1.4704642295837402,1.1335054636001587,2.267033100128174,1.030803918838501,-0.1093938946723938,2.022920608520508
1997-10-16,-1.0241258144378662,-1.3310917615890503,-1.2479349374771118,-1.3215898275375366,-2.0197346210479736,-0.0168302189558744
1987-10-23,-2.2453205585479736,-1.0659574270248413,-1.1860710382461548,-1.922758102416992,-1.8229297399520876,-0.6813977360725403
2005-04-23,-0.9570874571800232,1.3656169176101685,-0.2444007098674774,-0.1487700045108795,-2.66753888130188,4.7303643226623535
1982-10-13,-1.2718900442123413,-1.6012781858444214,-2.2738921642303467,-1.0771578550338743,-1.3055144548416138,-0.0842973738908767
1987-02-13,-0.1952069699764251,-0.5467953085899353,0.7851173877716064,0.6381890773773193,1.523991346359253,0.4981125593185425
2001-08-24,0.9655186533927916,0.5990959405899048,0.4178675711154938,0.9832469820976256,4.296307563781738,1.166515827178955
2007-05-04,-1.7134393453598022,-3.516399621963501,-1.800279974937439,-1.02536141872406,-2.185699224472046,0.5345758199691772
1996-02-05,-0.1531801521778106,-0.6128786206245422,1.270482301712036,0.4799448549747467,1.4958878755569458,2.157467842102051
2004-08-30,1.4808768033981323,1.1114298105239868,1.5936505794525146,1.5887802839279177,1.5880931615829468,2.100863456726074
1992-03-08,-0.9167262315750122,2.2170565128326416,0.5549496412277222,0.6506186127662659,0.9566945433616638,1.0943634510040283
2002-04-01,-0.098034881055355,5.116575241088867,0.3085312247276306,-0.3929280340671539,-0.7128313183784485,0.4288623929023742
2001-07-11,0.3239800930023193,0.8579468727111816,-0.3798931241035461,-0.5167728662490845,0.5569949150085449,-0.3522939085960388
2004-12-29,0.4431447386741638,1.1882768869400024,1.339522123336792,0.9568089246749878,1.683935284614563,0.8746923804283142
1987-10-01,-1.3495885133743286,0.2197316288948059,0.0950355753302574,0.065592348575592,-2.200117349624634,-0.9236326217651368
1999-09-13,2.164905548095703,0.4022136032581329,3.833154678344727,0.2264660447835922,3.028740167617798,1.6911534070968628
2004-05-14,-1.5956751108169556,-0.740959882736206,-1.6688165664672852,-0.624427318572998,-2.995220184326172,-0.2408099323511123
1989-08-11,2.5762689113616943,1.0188180208206177,2.6474318504333496,1.3203256130218506,0.7856745719909668,-0.0820935070514679
1995-04-10,-1.2208480834960938,-1.2485040426254272,-1.047210931777954,-0.0004702833830378,-0.9364460110664368,1.4539958238601685
1999-03-04,0.4069125950336456,1.929777264595032,1.5124139785766602,0.3911630511283874,1.1098963022232056,3.443658828735352
1989-05-19,-0.0821463167667388,1.9986099004745483,-1.1552337408065796,-1.5625067949295044,-1.898941993713379,-2.293184280395508
1995-12-01,0.1629457622766494,0.6282520890235901,0.2030824720859527,-0.7250033617019653,-0.4536479115486145,-0.283666044473648
1982-01-30,-0.0059314235113561,0.9350103735923768,0.9813719987869264,0.738473653793335,1.6884660720825195,0.043319433927536
1993-07-29,-0.7040275931358337,0.6772515177726746,-1.4487333297729492,2.299668312072754,-0.3865133821964264,0.0057811960577964
1985-02-10,1.8530360460281368,0.031184434890747,0.8872144222259521,0.6434602737426758,1.4917491674423218,-0.2111348360776901
2003-09-15,2.0601296424865723,0.5482628345489502,-0.570202112197876,0.5677660703659058,1.1676069498062134,-1.413303017616272
2001-03-08,0.2258522063493728,1.268247127532959,0.94884192943573,0.5852734446525574,0.8121740818023682,0.0707562863826751
2003-12-17,0.8049120903015137,-2.854799032211304,-0.5729267597198486,0.3954207003116607,0.2223811745643615,0.5692709684371948
1999-09-28,0.380391925573349,0.2397206425666809,0.6350135803222656,-0.1443991065025329,0.8198715448379517,-0.0736265107989311
1997-10-28,-1.7015118598937988,-0.5462115406990051,-0.896525502204895,-0.5884485840797424,-1.207869291305542,-2.353649139404297
1986-02-10,0.8230372667312622,-1.328831434249878,1.1972424983978271,0.5934419631958008,1.4917491674423218,-0.9511250853538512
2007-03-09,1.4718403816223145,0.9839081168174744,0.8839107751846313,0.745999276638031,0.8878809213638306,0.4712715744972229
1986-10-31,-1.3515057563781738,-0.4762347042560577,-2.656535387039185,-1.6784449815750122,-3.067885160446167,-2.613658905029297
1985-01-20,1.5724399089813232,1.164358377456665,0.6495904326438904,0.3247422277927398,0.8482716083526611,-2.66790509223938
1997-12-06,-0.5035592317581177,-0.6527830958366394,-2.18939208984375,-0.0762690976262092,-0.3976777791976928,-3.167358636856079
1999-11-27,0.9191026091575624,1.5323253870010376,-1.6669148206710815,-0.0609897561371326,0.0684036165475845,1.918558120727539
1994-10-04,-1.4507206678390503,0.057719700038433,0.2160509079694748,-0.05109129473567,-2.551661968231201,0.3797518014907837
1986-12-09,0.2264517396688461,-1.9927794933319087,-1.79937744140625,-0.3362788558006286,-1.6576875448226929,-3.477356195449829
1991-02-17,0.428246259689331,0.7359431385993958,0.7454788684844971,0.5930287837982178,1.5415338277816772,-0.5842657685279846
2003-02-26,0.1860899925231933,-3.0837883949279785,1.010229229927063,0.812041163444519,1.3147121667861938,-0.7204687595367432
1992-03-11,-0.9453291893005372,1.1917705535888672,0.4774608016014099,0.6511426568031311,0.7812456488609314,0.8117435574531555
1998-05-19,0.144106239080429,0.736954927444458,0.3804408311843872,0.6808351278305054,1.7937861680984497,0.4808389544486999
2003-03-28,0.1094916760921478,0.7642777562141418,-0.0662683546543121,0.5024399757385254,-0.7915098071098328,4.436341285705566
1989-08-01,2.353983163833618,1.6480988264083862,2.517444372177124,0.3371217548847198,2.413127422332764,-0.4915722012519836
2002-12-17,1.4048876762390137,-1.5548111200332642,-1.5429279804229736,0.2654463350772857,0.0323787294328212,-1.8907204866409304
2001-05-08,-0.5010541677474976,-1.2373191118240356,-2.0909693241119385,-0.8233090043067932,-1.6817930936813354,2.762033224105835
2002-12-05,1.0864676237106323,-1.5627868175506592,-1.56939697265625,-0.0862788632512092,-0.7976716756820679,-1.837341547012329
1988-07-07,1.4553767442703247,2.3815624713897705,2.16890025138855,0.462998479604721,-0.4311608374118805,2.3290023803710938
1991-05-17,-0.7195404767990112,0.9991916418075562,-1.2229173183441162,-1.4964821338653564,-1.0714823007583618,-1.6888792514801023
1998-12-22,0.1330912411212921,-2.2231907844543457,-0.9976866245269777,0.7278044819831848,0.3163625597953796,-1.782493233680725
1983-03-19,0.2742011845111847,0.5587741136550903,1.1077208518981934,0.5757632851600647,0.5806736946105957,0.924682319164276
1993-08-21,0.8279908895492554,3.0325944423675537,0.5349742770195007,4.445333957672119,1.821654677391052,0.8532295823097229
1997-09-24,-2.227098226547241,0.7689518928527832,0.0272442121058702,0.7520653605461121,-0.0842985138297081,0.7376068234443665
1987-06-07,0.829676628112793,-0.2313704937696457,-0.8800950646400452,-2.1072685718536377,2.2351362705230717,-2.3634533882141118
1985-04-29,0.759004533290863,-4.233913421630859,-1.8119410276412964,-0.5098562836647034,-2.8617095947265625,-4.317831516265869
1983-01-09,1.1127405166625977,0.1179336532950401,-0.4240371584892273,-0.1240665540099144,0.3455590307712555,0.3539232909679413
1996-07-08,-2.44050931930542,-1.3098057508468628,-0.2432276010513305,-1.3696273565292358,0.2368780821561813,1.463330864906311
2007-12-03,-0.3102158606052398,0.5361478328704834,-0.548480749130249,0.0860208794474601,-0.2415515780448913,1.8066798448562624
2000-04-11,0.3846272230148315,3.843200206756592,1.0368173122406006,-0.1762809753417968,-1.1437586545944214,3.4965269565582275
1995-12-25,0.5978171229362488,0.5441030859947205,-0.4201765656471252,-0.0987805947661399,-0.0710371062159538,-0.3912498354911804
1999-09-19,-0.37039914727211,1.3062986135482788,3.325691938400269,-0.2924950718879699,1.266865372657776,1.5551844835281372
2000-04-18,-0.2229929864406585,3.09613037109375,0.6330745816230774,-0.2634656131267547,-0.6336361765861511,1.279572367668152
1983-02-05,1.3063899278640747,0.2812189161777496,1.155313491821289,0.377857506275177,1.3665391206741333,2.834167718887329
1982-06-23,-1.6763252019882202,-3.480548858642578,-1.0211336612701416,-0.1405179500579834,0.479428768157959,-1.7465028762817385
1996-09-13,0.0049019157886505,-0.1077656373381614,0.623163104057312,-1.3835498094558716,2.798729181289673,3.5011508464813232
1991-06-09,-0.7907260060310364,-0.794815182685852,-3.91778564453125,-1.970676302909851,-0.6077925562858582,-6.001398086547852
1997-05-12,-2.093345165252685,-0.7523300647735596,-2.5888445377349854,-1.1338415145874023,-3.3108158111572266,-1.4560045003890991
1984-10-01,-0.9296056032180786,0.4197438359260559,-0.7449913024902344,-1.3543905019760132,-2.060133218765259,0.0963563993573188
2003-01-05,1.81751012802124,-0.9087133407592772,-0.6406580805778503,0.6297980546951294,1.3518620729446411,-1.5445886850357056
1985-09-19,-0.819875180721283,-0.1417396068572998,-0.4101984798908233,1.2177599668502808,0.6776166558265686,-1.833285927772522
1984-01-28,0.7347129583358765,0.7097153067588806,0.6280855536460876,0.1214525699615478,1.0255659818649292,1.2499371767044067
1995-09-05,-0.3730248510837555,-0.9221479296684264,0.5011021494865417,0.2848488688468933,-0.5899624228477478,-2.7864890098571777
2003-05-30,-2.100081443786621,-1.2244606018066406,-1.7107844352722168,-1.4338657855987549,-1.9759670495986936,-1.219114899635315
2006-03-24,-0.1123757660388946,-0.3551542162895202,1.342058181762695,0.4050889611244201,1.1616379022598269,0.630407989025116
1987-04-02,-2.28277325630188,0.4316310882568359,0.1503313332796096,0.4998466372489929,0.0835125520825386,0.5889583826065063
1987-02-04,0.6763850450515747,-0.5487676858901978,0.145303726196289,0.627857506275177,1.3265610933303833,-1.0258175134658811
1994-02-04,1.6015827655792236,1.5364519357681274,0.7274596095085144,0.4001931250095367,1.3887187242507937,2.947662830352783
1996-04-04,-0.8250856995582581,-2.0092883110046387,0.1745612621307373,-0.0054728388786315,-0.7795463800430298,0.4523303210735321
1999-07-11,2.2136147022247314,-0.4829217791557312,1.1470757722854614,0.9039403200149536,2.4337410926818848,0.4952661693096161
1984-11-24,0.0510685704648494,0.000743762589991,-0.9341151714324952,-1.143840193748474,-1.4714537858963013,-1.42276132106781
1987-11-25,-1.7910927534103394,-1.9575283527374268,-1.995094656944275,-1.215073823928833,-2.348817110061645,2.911895036697388
1985-06-11,0.4930753409862518,-1.2755438089370728,-2.9264307022094727,-1.0880707502365112,-1.1001828908920288,-2.96720552444458
1986-11-13,-0.8700418472290039,-1.5142569541931152,-2.445613145828247,-1.2528997659683228,-2.2097392082214355,-0.3198493421077728
2004-04-16,-2.585780143737793,3.3299367427825928,0.8110495209693909,-0.1362373232841491,-0.5769252181053162,0.8909305334091187
2007-11-24,-0.9089822173118592,1.0002728700637815,-0.5368241667747498,0.1802143156528473,-0.0921051502227783,2.472848892211914
1993-10-12,-2.655522584915161,3.080939769744873,-0.9232130646705629,-1.453262209892273,-2.363945722579956,-3.0693304538726807
1987-04-24,-2.620479822158813,0.8359232544898987,-0.3672597706317901,-0.1296546459197998,-0.4706166982650757,4.973735332489014
2002-07-29,1.9339697360992432,-1.6119109392166138,0.8174322247505188,3.4171082973480225,1.2131456136703491,-1.0915783643722534
1981-12-03,-0.614911675453186,-1.5636643171310425,-0.3669150769710541,0.246413305401802,-0.2923313677310943,1.3803224563598633
1991-01-15,0.5187459588050842,1.508327603340149,-0.1770389676094055,0.5471392869949341,0.6362993717193604,-1.2287472486495972
2004-12-01,-0.2443236112594604,-0.636540949344635,0.1625805348157882,0.260059505701065,0.8580488562583923,3.0145745277404785
1991-04-07,-1.105634331703186,-0.5989341735839844,-0.7802071571350098,-0.2329435646533966,-1.0355674028396606,-1.7828550338745115
2007-06-18,-1.726552963256836,2.1535091400146484,-1.0632357597351074,-1.4840235710144043,-0.348069280385971,-0.569001317024231
1993-11-30,-0.0048958281986415,3.206324577331543,-1.9369224309921265,-1.1335915327072144,-2.7223241329193115,-2.3496885299682617
1996-01-02,0.5630992650985718,-1.2241380214691162,0.0693276450037956,0.4238721430301666,0.4601922929286957,2.9973081836942583e-05
1984-12-26,1.7708364725112915,3.110779285430908,-0.068476915359497,0.359751433134079,0.6084607839584351,-2.2916131019592285
1991-10-11,-2.351876735687256,-0.6512659788131714,-2.0438811779022217,-1.3171480894088743,-2.4055206775665283,-1.4743120670318604
1993-10-27,-1.8427547216415403,2.341814517974853,-1.886505126953125,-1.1425822973251345,-2.7897326946258545,-1.723563551902771
1984-10-25,-1.7548400163650513,-1.9432306289672847,-3.1415457725524902,-2.05485200881958,-2.202598094940185,-1.6926051378250122
1992-08-08,-0.5427786111831665,2.472196340560913,-0.3689185380935669,0.1740662157535553,-0.6356460452079773,-3.300479888916016
1987-12-24,-0.8054134845733643,-1.0577306747436523,-0.1077642068266868,0.275352418422699,0.3426518738269806,0.0761363208293914
1996-06-26,-1.0528581142425537,-1.2900617122650146,-0.3582165837287903,-1.135647535324097,1.6495357751846311,-1.5840795040130615
1990-08-06,3.5405917167663574,1.79218590259552,1.3471205234527588,1.1418936252593994,0.821989119052887,-0.8130975961685181
1988-10-28,-1.9127620458602903,0.2118096202611923,-1.386505126953125,-1.3725627660751345,-2.6097400188446045,0.7164389491081238
2006-08-09,1.1317938566207886,1.390788435935974,2.32218074798584,2.400477647781372,2.607531309127808,3.641756534576416
1997-06-04,-0.890324592590332,-4.171372890472412,-3.4400925636291504,-0.8172599673271179,-2.9748551845550537,-3.7434277534484863
1989-11-24,-1.1211098432540894,0.1324680000543594,-1.505104422569275,-0.6550762057304382,-1.528809905052185,-0.4880987703800201
1997-09-02,0.4212309420108795,-0.991183876991272,-2.599415063858032,2.296475410461426,1.6128911972045898,0.5402610301971436
2004-12-28,0.3522226512432098,1.0298635959625244,1.3585644960403442,0.8491308093070984,1.6657912731170654,1.098624348640442
1982-02-10,0.1125709041953086,-0.8955026865005493,1.2203848361968994,0.8165954351425171,1.6224069595336914,0.5430765748023987
1990-09-16,0.5050495266914368,1.0662312507629397,1.9965561628341677,-0.8140484094619751,0.3327176868915558,-1.0517889261245728
1988-10-12,-2.1043126583099365,-0.3856843411922455,-1.0694133043289185,-1.105576753616333,-2.840495586395264,0.1075963079929351
2006-10-22,-0.6305962800979614,-0.2572650909423828,1.5783978700637815,0.325251430273056,-0.3880855441093445,1.7300679683685305
1996-05-30,-1.5021635293960571,0.1774806529283523,-2.190793752670288,-0.8552197217941284,-2.1269736289978027,1.6868363618850708
1992-01-03,-0.4369007349014282,1.3858473300933838,-0.9006735682487488,0.3838635981082916,-0.2698186933994293,1.1200250387191772
2006-01-14,1.5409607887268066,2.8719632625579834,1.8528977632522583,0.6790152192115784,1.2562283277511597,0.6809195876121521
2001-05-13,0.4462229609489441,-1.3009787797927856,-2.007606506347656,-1.0187153816223145,-2.2178313732147217,2.782566547393799
2001-09-09,-0.3158579170703888,-2.3716366291046143,2.325993776321411,0.2437658756971359,0.1608123034238815,0.3087041079998016
2003-04-21,-1.2507327795028689,-0.3304536044597626,-1.509506106376648,-0.3086198568344116,-2.0807907581329346,5.679348945617676
2007-11-17,-1.274188756942749,0.1376834958791732,0.5887582898139954,-0.2111829817295074,-0.1175515353679657,1.3688215017318726
1994-10-14,-1.1343876123428345,-0.4127809703350067,-2.595911979675293,-0.7765885591506958,-2.93646240234375,-0.2396994680166244
1994-03-22,0.0047485399991273,-1.429283857345581,0.4688023626804352,0.8818876147270203,-0.0442232824862003,-1.6736695766448977
1986-05-02,-0.4978421628475189,3.533121109008789,-0.251922458410263,-0.5860117673873901,-0.8294636607170105,-1.4876651763916016
1993-05-07,-0.883422315120697,3.393604040145874,-1.780290961265564,-1.445374846458435,-1.795684576034546,-0.6554266214370728
2002-07-21,2.8068888187408447,-1.2462433576583862,0.4976365268230438,0.3085693717002868,1.6843903064727783,1.566347360610962
1991-10-25,-1.3531986474990845,-0.1556356698274612,-2.1772232055664062,-1.2750548124313354,-2.360860824584961,-1.676733136177063
2001-10-09,-0.3143040239810943,0.0243193190544843,-0.3593913316726684,-0.8155681490898132,-0.390513926744461,-1.8223963975906368
1988-09-18,-2.819875240325928,-2.5117347240448,0.539813756942749,0.0777453109622001,-1.0223649740219116,-1.023288369178772
2000-12-28,1.060376524925232,-0.6692671179771423,-0.493537962436676,0.4408481419086456,1.3357850313186646,-0.358119785785675
2005-11-22,0.1248755306005477,1.7162580490112305,0.4136747717857361,-0.2974182069301605,0.7053965926170349,0.4219528138637543
1988-01-06,-0.7900121212005615,-1.6314048767089844,-0.5547863841056824,0.436189591884613,0.0868469178676605,-0.2514714896678924
2002-04-19,0.9987802505493164,2.901453971862793,-0.2663883566856384,-0.6012520790100098,-1.8015522956848145,-0.4028235971927643
1998-08-07,2.697211503982544,3.842191457748413,3.9711084365844727,4.144067287445068,3.324345350265503,2.9894981384277344
1986-06-29,-0.1028763875365257,1.6499102115631104,-1.048219084739685,-0.1156584843993187,-3.250458002090454,-1.2840611934661863
1983-06-08,-0.380345344543457,-0.8913741707801819,-1.680113434791565,-1.1672661304473877,-1.4048479795455933,-0.1234327480196952
1993-12-30,1.550366759300232,-1.279283046722412,0.2264632582664489,0.2508457005023956,0.7757874131202698,-0.1480977982282638
2007-05-29,-0.7900837659835815,-3.004459381103516,-2.310790538787842,-2.743863344192505,-2.5459742546081543,-1.94912588596344
2002-12-06,1.18283212184906,-1.4819586277008057,-1.5605660676956177,-0.1087594851851463,-0.6247652173042297,-1.941482782363892
2000-03-13,1.5835418701171875,-0.9978855848312378,2.1800129413604736,0.6647751927375793,0.6434983611106873,2.3910045623779297
1983-11-07,-1.679473042488098,0.3154817223548889,-0.5397687554359436,-1.745652675628662,-2.414790153503418,-3.4044058322906494
1989-12-28,-1.0605931282043457,-1.3311622142791748,-1.7564524412155151,-0.0273327454924583,0.1649239957332611,-2.142197847366333
2001-01-16,1.6524264812469482,-0.1756379455327987,0.7795953154563904,0.7347153425216675,2.278264284133911,-1.08788800239563
1993-07-31,-0.5560204386711121,0.1181000471115112,-1.0925713777542114,1.9471070766448972,0.7231248617172241,-0.0715893059968948
2005-09-18,1.0092061758041382,0.328252226114273,-1.648154616355896,0.7426174283027649,2.114370107650757,3.090871810913086
1995-08-10,2.7162835597991943,0.2088204175233841,1.6974197626113892,1.5903146266937256,5.335662364959717,-1.0120861530303955
1982-09-17,-1.9451103210449217,-0.147774189710617,0.0031374848913401,-0.043553490191698,-1.7212597131729126,1.3511570692062378
1999-01-30,0.9450075626373292,3.1108386516571045,0.8551581501960754,0.791740357875824,1.4240591526031494,-0.0644604712724685
1997-08-11,-0.3982049524784088,-0.5891919732093811,2.082159996032715,-0.5995222330093384,2.2675349712371826,0.4617639183998108
2001-07-18,-0.3387065827846527,-0.4073334634304046,-1.0850456953048706,-0.1004200428724289,2.332725763320923,0.971888303756714
2000-12-11,0.4191291928291321,-1.3820894956588743,-0.2720058262348175,-0.0749031603336334,0.6939876079559326,-0.2945340871810913
1997-10-15,-0.9986612796783448,-0.8626075983047485,-1.2321711778640747,-1.3072189092636108,-1.973320484161377,-0.1555626988410949
1995-04-19,-0.4957837760448456,0.9899404644966124,-0.6089333891868591,-0.3262397646903991,-1.5468958616256714,0.060943990945816
1998-11-07,-1.7215877771377563,-1.1286368370056152,-0.4423604011535644,-0.4130100309848785,-1.2283486127853394,-1.0970128774642944
2003-04-13,-0.4576518833637237,-0.074074849486351,-0.5121456980705261,0.146363765001297,-2.042710065841675,4.375748634338379
1988-11-11,-1.3243688344955444,0.1672010123729705,0.0213806945830583,-1.0498632192611694,-1.9628541469573972,2.310507297515869
1987-10-29,-1.8927425146102903,-1.0081915855407717,-1.086517333984375,-1.7125591039657593,-1.4097278118133545,-1.903556227684021
1984-09-05,1.5012480020523071,0.268825888633728,1.770580172538757,1.716458439826965,2.332892417907715,1.6302573680877686
1991-04-12,-0.7677854895591736,0.2864235341548919,-0.9008605480194092,-0.431683212518692,-1.3906805515289309,-2.4873046875
1986-09-07,0.1069861426949501,-0.1221601366996765,1.3610875606536863,3.324826955795288,-0.8999904990196228,0.823496401309967
2000-08-10,2.361774206161499,-0.3892102837562561,2.532172203063965,3.350489854812622,3.1575191020965576,1.4617639780044556
2003-06-22,-0.2030961215496063,-2.451030731201172,-2.774741172790528,0.1880122572183609,0.978492796421051,-2.3838207721710205
1996-11-24,-1.805117130279541,-4.243733406066895,0.1236662343144416,-0.8574157357215881,0.5554026961326599,0.2819686830043793
1987-06-06,0.9569665789604188,0.0201704688370227,-0.0104590179398655,-2.159104347229004,1.2811894416809082,-2.2173633575439453
1992-07-08,1.2537013292312622,-2.1469013690948486,-2.360524654388428,-1.1860785484313965,-0.0978501364588737,-1.8855783939361568
2007-03-26,0.0703276023268699,0.015694523230195,0.5751541256904602,0.7041670680046082,-0.5784842371940613,-0.3676101267337799
1995-09-25,-1.4870774745941162,-1.5710444450378418,-1.152748465538025,-0.7279151082038879,-0.2842802107334137,-0.4323760569095611
1990-12-27,0.5040218234062195,2.636817216873169,0.14719158411026,0.3222248554229736,0.4677745401859283,-0.0014405326219275
1996-09-26,-1.8912516832351685,-2.0631282329559326,-2.147857427597046,-1.8778985738754272,0.2637926638126373,0.1342852860689163
1999-04-02,-0.1480226814746856,2.8165571689605717,1.7585434913635254,0.467087835073471,-0.6528337597846985,2.0888659954071045
1999-10-16,-0.9641281962394714,1.9489070177078247,-1.2279459238052368,-1.7415727376937866,-2.6497395038604736,0.2231600135564804
1990-02-05,1.4215900897979736,-0.9735577702522278,0.1774718314409256,0.6302040815353394,1.3887187242507937,-1.7723383903503418
2005-10-06,0.2917772531509399,1.4841930866241455,1.303341269493103,-0.6080141663551331,-1.0089958906173706,3.634972333908081
1993-03-29,-0.9896699786186218,4.045693397521973,-0.094828762114048,0.1141707375645637,-0.7084586024284363,-1.4976149797439575
1997-06-09,-1.3227859735488892,-2.7059578895568848,-2.614759683609009,-1.305240511894226,-1.941592574119568,-4.392868518829346
1983-07-09,1.5653926134109497,-0.0184315219521522,2.538925886154175,0.9529886841773988,0.3288184106349945,6.168998718261719
1990-03-25,-0.2675463855266571,1.814228057861328,-0.0077153309248387,0.2498732656240463,-0.1735443323850631,-0.9778442978858948
1982-07-13,1.4763802289962769,-0.4817734360694885,1.7654410600662231,0.1875321716070175,0.7737094163894653,2.2930984497070312
1997-09-10,0.7941579222679138,0.6283634305000305,0.0960134267807006,1.5337743759155271,1.880813479423523,1.088702917098999
2002-12-14,1.219521403312683,-1.3964537382125854,-1.8846673965454104,0.1318763196468353,-0.2808718681335449,-2.1211791038513184
1991-05-16,0.2862192988395691,1.0990456342697144,-1.2175979614257812,-1.4087300300598145,-0.8778043985366821,-2.067409038543701
1988-09-29,-2.3511531352996826,-0.9523065090179444,0.1226120814681053,-0.5765623450279236,-2.814145565032959,-0.6403418183326721
1992-07-31,0.4539892971515655,1.0881012678146362,-0.3125726580619812,-0.3828794658184051,0.3331407606601715,-4.081599235534668
1986-11-28,-0.3570736646652221,-1.661741852760315,-3.1166529655456543,-0.5686042308807373,-1.3831357955932615,-2.562669515609741
1987-01-14,0.8143275380134583,-0.0159368198364973,-0.5348913669586182,0.4186795651912689,0.4016629755496979,-0.710085928440094
1985-10-09,-1.0771082639694214,-1.061691164970398,-1.0269440412521362,-2.1075439453125,0.8189034461975098,-2.552832841873169
2000-10-20,-0.5655682682991028,-0.8300212621688843,-0.6344852447509766,-0.9140888452529908,-2.203324794769287,-0.7774896621704102
1996-05-18,-1.0289011001586914,-3.3520827293396,-1.7121609449386597,-1.6407816410064695,-3.462594747543335,-0.9559630751609802
2000-03-14,1.6241767406463623,-0.2712124586105346,1.1677184104919434,0.6157718300819397,0.5906834602355957,2.804687261581421
1987-03-04,-0.2745169699192047,-1.1801337003707886,0.7298197746276855,0.6727128028869629,1.2404422760009766,0.1796423494815826
2001-01-21,1.5696001052856443,0.0296641997992992,0.9474086165428162,0.780921459197998,1.972749710083008,-0.5381143689155579
1985-09-18,-0.8732055425643921,-0.3084128797054291,-0.4279113113880157,0.9663665890693665,0.9390218257904052,-1.893256664276123
1984-02-16,0.2910981476306915,0.1644056588411331,1.1797391176223757,0.5031249523162842,1.5389434099197388,-0.2326384931802749
1995-05-06,-0.392046719789505,-0.9304274320602416,-1.5718233585357666,-0.9000535607337952,-0.9645068049430848,-0.6892592906951904
2006-05-04,-0.753417432308197,0.5636175274848938,1.169721245765686,-1.255372405052185,2.154327630996704,2.284575939178467
2007-05-15,-1.4821401834487915,-6.221391201019287,0.0247589219361543,-1.7325202226638794,-1.118943214416504,-0.823183000087738
1995-12-21,0.6053730249404907,1.3071026802062988,-0.9587022066116332,-0.1775208711624145,-0.6226016283035278,-0.5757162570953369
1989-12-24,-0.8769184947013855,-0.7331700325012207,-1.8476927280426023,-0.3622223734855652,0.0763418152928352,-2.2024762630462646
1994-03-03,0.5176310539245605,0.2845773100852966,0.586243212223053,0.7565346360206604,1.1994670629501345,-0.857538640499115
1984-03-16,0.9612439870834352,0.2040765732526779,0.9801739454269408,0.4228087663650512,0.5939966440200806,1.995883584022522
1995-05-09,-1.5679582357406616,-2.809852361679077,-2.4398934841156006,-0.6970429420471191,-2.1493678092956543,-2.4198241233825684
1983-02-23,1.3110923767089844,1.6351604461669922,1.5625091791152954,0.5788570046424866,1.5079632997512815,0.4902564287185669
2007-09-17,-1.3003917932510376,0.3762753903865814,0.0556723363697528,-1.2824852466583252,-2.2131149768829346,2.2851953506469727
1996-05-05,-0.9520442485809326,-3.010444641113281,-0.7418062090873718,-0.8300462365150452,-2.1044909954071045,1.6407577991485596
2007-10-15,-1.1884881258010864,2.4713382720947266,-1.3821961879730225,-0.5152909159660339,-1.684884548187256,3.102957963943481
1991-05-26,-1.3039202690124512,0.5294526219367981,-2.232207059860229,-2.6424901485443115,0.0387408025562763,-2.9901375770568848
1992-11-30,-1.134900689125061,0.3363295495510101,-1.9169334173202517,-1.2136086225509644,-0.652347207069397,-3.6096982955932617
1991-03-06,0.6869113445281982,2.9397871494293213,0.6324090361595154,0.5411569476127625,1.1098963022232056,-0.706335186958313
1988-01-30,-0.5684695839881897,-0.4541642665863037,0.480190098285675,0.3856739699840545,1.2061632871627808,0.9131930470466614
1993-02-09,0.631900429725647,0.6565444469451904,0.6519554853439331,0.4793621599674225,1.4984780550003052,-1.376672625541687
1992-03-18,-1.349291205406189,1.0980727672576904,0.4666070640087127,0.4748956859111786,0.288084477186203,-1.2223674058914185
2004-05-02,-2.9112772941589355,-2.2150256633758545,0.0557185672223567,-0.9750797152519226,-2.4438281059265137,-0.993782877922058
1982-10-29,-1.937124729156494,-0.9381110668182372,-1.9746897220611568,-2.053905487060547,-2.1843693256378174,0.8478161692619324
1987-03-09,0.1594870090484619,-0.9606374502182008,0.3996569216251373,0.7417864203453064,1.0102550983428955,0.2189392000436782
2004-01-08,1.42507803440094,-1.4241609573364258,1.5511621236801147,0.957261085510254,1.378187894821167,1.634776949882507
1992-10-28,-2.4975359439849854,-1.977567672729492,-2.45712947845459,-1.6807537078857422,-1.5242260694503784,0.9959500432014464
2005-08-05,1.4972299337387085,-0.3778097927570343,2.5810937881469727,3.0340516567230225,3.434330701828003,0.1995200514793396
1985-05-14,0.3012117147445678,-5.683587074279785,-2.705505132675171,-1.2267379760742188,-1.8175703287124636,-2.2260663509368896
2002-06-18,-0.0063118017278611,2.249462127685547,-1.941116571426392,-0.7805020809173584,-2.090548038482666,-0.0365114100277423
2007-04-06,-0.9051347970962524,-1.6844804286956787,-0.495335966348648,0.2100433856248855,-1.343773365020752,0.6341193914413452
1996-09-27,-1.6111629009246826,-2.4122979640960693,-2.4473953247070312,-1.7465758323669434,0.2958703637123108,0.0496301352977752
1996-04-13,-1.525936722755432,-2.5349416732788086,-0.1818443983793258,-0.1596236675977707,-1.8325111865997317,-0.0682996809482574
1996-01-19,-0.487432450056076,-0.0043322695419192,0.0446087755262851,0.589623749256134,0.997933566570282,-0.3377586305141449
2001-11-07,-0.6982333064079285,0.0490597672760486,0.7291077375411987,-0.4565816521644592,-1.5957508087158203,-1.8885473012924197
2007-07-09,-1.1963889598846436,-0.0929376631975174,-1.5829046964645386,0.8539525270462036,1.443720459938049,-0.8247106671333313
1998-05-26,-0.6299605369567871,0.5155909657478333,-0.5611978769302368,-0.1201283857226371,-0.3850744962692261,1.1895503997802734
2005-08-28,-0.0847899168729782,3.3208510875701904,2.836527109146118,1.5964206457138062,3.536144256591797,2.25651216506958
1997-09-22,-1.1169631481170654,0.4660641551017761,0.6404350399971008,0.605549156665802,0.0858303532004356,0.7964452505111694
2001-07-23,0.4475324153900146,0.7901957631111145,-0.3784634470939636,0.8354486227035522,3.784231424331665,0.2648606300354004
1997-06-17,-1.003913640975952,0.212931290268898,-2.9946839809417725,-0.732223629951477,-1.6311949491500854,-3.1402740478515625
2006-02-03,1.550498127937317,0.5464739799499512,2.0314855575561523,1.0487605333328247,2.360458374023437,0.675950288772583
1986-03-16,1.25125253200531,-1.4659368991851809,0.4401654005050659,0.9628173112869264,0.5840173959732056,0.1459080427885055
2001-06-27,1.888063073158264,2.247251272201538,-1.2389233112335205,-0.7955495715141296,-0.1212362572550773,-0.8013761639595032
1986-02-11,1.091922402381897,-1.3334763050079346,1.171975016593933,0.8993450999259949,1.5084573030471802,-1.006677508354187
1985-02-04,1.6263972520828247,0.9612115621566772,0.5253086090087891,0.517841637134552,1.3465501070022583,-1.1758114099502563
1984-10-05,-1.2892544269561768,1.5797927379608154,-0.955947756767273,-1.1673930883407593,-2.755021810531616,-0.2635298669338226
1984-06-19,0.3681857585906982,-0.6196101903915405,-1.3404264450073242,-1.4075181484222412,-2.159420251846313,-2.566615104675293
1985-06-30,-1.0678110122680664,-2.57177209854126,-2.8040754795074463,-1.0958558320999146,0.3932805359363556,-3.7430171966552734
1982-04-08,-1.1650820970535278,-0.8592944741249084,-0.2254326343536377,-0.0655009150505065,-0.7695671319961548,-1.0376598834991455
2005-01-30,0.4363948106765747,-1.0087896585464478,1.065317153930664,0.727833092212677,1.4265366792678833,0.1941836476325988
2001-11-12,-1.034422755241394,0.7136696577072144,-0.9925268888473512,-0.3105635941028595,-1.259232759475708,-0.3777176141738891
1999-06-14,3.414046049118042,-1.7033381462097168,1.04998779296875,-1.4969913959503174,1.2181416749954224,1.0417124032974243
1987-04-20,-1.0195966958999634,1.3728128671646118,-0.0424595698714256,0.0503467358648777,-0.3414207696914673,6.861256122589111
1997-02-28,1.1416118144989014,0.1437536925077438,0.9911538362503052,0.6778793334960938,1.278861165046692,0.0253095030784606
2000-09-08,0.760495126247406,0.3398258686065674,0.2113247662782669,2.2781667709350586,0.7262663841247559,1.0374737977981567
1992-11-24,-1.31314218044281,-0.2656667232513428,-2.5858168601989746,-1.816268801689148,-2.256516695022583,-3.003190517425537
1988-07-24,0.916904628276825,0.2537566721439361,1.2076280117034912,0.0985779240727424,2.5144073963165283,3.466341257095337
1996-01-09,-0.2963036596775055,0.485266238451004,-0.1580333560705185,0.3354831337928772,0.6982058882713318,-0.4941373765468597
1985-11-06,-0.8794547319412231,-2.694528102874756,-2.049778461456299,-1.555650234222412,-2.214777946472168,-4.2543816566467285
1995-12-28,0.8739482760429382,-0.7498100399971008,-0.0810636207461357,0.0126268407329916,0.3003143072128296,-0.1535417437553405
2006-01-29,1.77647602558136,1.7366600036621094,2.266207456588745,2.005263090133667,2.141580104827881,1.130484104156494
1985-06-20,0.3360827267169952,-3.3270771503448486,-2.6846864223480225,-1.332229733467102,-0.8111875653266907,-3.5702667236328125
1997-01-09,0.5950914621353149,-0.6841707229614258,1.0211633443832395,-0.0227194018661975,1.598189115524292,-0.3852120041847229
1998-06-27,-0.9778146743774414,1.5182242393493652,0.0759293064475059,-0.1958619505167007,1.1932682991027832,1.3969974517822266
1987-09-07,0.7069922685623169,-0.8921491503715515,2.021091222763061,1.164823293685913,-1.489986777305603,0.303507387638092
1996-01-07,0.85751873254776,-0.7386999130249023,-0.3506495654582977,0.3297797739505768,0.5918827652931213,-0.3345972597599029
1992-05-06,-2.9120357036590576,1.2895737886428833,-1.7118074893951416,-1.2400498390197754,-3.624510526657105,-3.5292556285858154
1985-08-20,2.6176390647888184,1.5595191717147827,-0.7222113013267517,2.4447243213653564,2.9164698123931885,-3.2033610343933105
1994-12-17,1.0418894290924072,-0.238775297999382,-1.2000865936279297,-0.2032378762960434,0.0215962026268243,-2.2673189640045166
2003-05-19,-0.3531650602817535,-1.9841926097869875,-2.177409172058105,-1.8576794862747192,-3.169670343399048,-2.1827046871185303
1999-04-25,-0.6970776915550232,1.6156169176101685,-0.1344153583049774,-0.2587553560733795,-1.317532658576965,0.2103753685951233
2006-08-07,1.2862603664398191,1.608814358711243,2.1774306297302246,2.5603158473968506,3.555663585662842,3.2279040813446045
1985-06-04,0.4120994508266449,0.993635594844818,-2.7007744312286377,-0.9423807859420776,-0.4443136751651764,-2.615154504776001
2007-06-10,0.2119848877191543,-1.055456280708313,-1.8473442792892456,-3.125178575515747,-0.8592634797096252,-1.0988099575042725
1993-04-30,-2.5278408527374268,1.3331395387649536,-0.6119077801704407,-0.5660227537155151,-1.2694660425186155,-1.2176761627197266
1984-03-22,0.6408604383468628,-0.4679455757141113,0.8369462490081787,0.2902679145336151,0.1263829916715622,2.784850597381592
1990-04-24,-1.1207278966903689,-0.4204499423503876,-1.059524416923523,-0.8986161947250366,-0.9708053469657898,-3.020663261413574
1995-07-29,3.605969905853272,1.0272576808929443,0.0912752151489257,2.219651222229004,4.5234904289245605,-2.9842395782470703
2007-04-27,-2.0978481769561768,-1.9268702268600464,-1.8519285917282104,-0.1160105317831039,-2.0094869136810303,-0.9276676774024964
1988-01-19,-0.3890623450279236,-0.7280428409576416,0.1228867247700691,0.5190115571022034,0.7862271070480347,0.5309256911277771
1997-08-25,-0.6144984364509583,-1.8008979558944702,1.7078760862350464,2.0932323932647705,1.9163026809692385,0.98652321100235
1996-08-12,-0.2530266642570495,2.6588234901428223,2.192737579345703,2.927043437957764,2.4273996353149414,3.410727262496948
1983-10-22,-1.731791377067566,0.0547044426202774,-0.1249431669712066,-2.328368902206421,-1.1887505054473877,-1.54618501663208
1993-10-16,-2.8386576175689697,1.8273948431015012,-0.7921687960624695,-1.1772445440292358,-3.693321704864502,-0.4155419468879699
1998-09-19,-0.2303844988346099,-1.7737184762954712,-2.374320268630981,2.037522077560425,0.206867828965187,-1.3547886610031128
1991-01-20,1.1925907135009766,0.7856763005256653,-0.1953814625740051,0.599633514881134,0.717934787273407,-1.2177635431289673
1990-01-14,-0.4478385746479034,0.0817088410258293,-0.8501867055892944,0.1982984542846679,0.1950864046812057,-1.4239544868469238
1983-09-13,-0.599490225315094,0.5398075580596924,-0.6386813521385193,-1.011841893196106,-1.6337494850158691,-0.1525286585092544
1993-08-06,0.6745424270629883,3.560888290405273,3.483040332794189,1.811635136604309,2.9135003089904785,0.1564343273639679
2004-06-19,-2.0861029624938965,-0.3219346404075622,-1.874571681022644,2.622880697250366,-0.1241132989525795,-2.111095666885376
2007-10-06,0.5217882394790649,0.4241955876350403,0.903347373008728,-1.3180360794067385,0.1109992489218711,2.424980878829956
2005-12-17,0.4454637169837951,1.7114191055297852,1.289562106132507,0.6391588449478149,1.3006134033203125,0.211985558271408
1982-04-18,-1.5776469707489014,-0.6940699815750122,-0.0421444661915302,-0.353636234998703,-1.6726843118667605,-0.7042379379272461
1995-10-01,-0.4322157204151153,-0.4425950646400451,-2.034292221069336,-1.2275346517562866,-1.6263281106948853,-1.286207914352417
1981-10-19,-2.2186625003814697,-0.9826027154922484,-1.0221797227859497,0.0827651917934417,-2.343315601348877,-0.3055565953254699
1983-12-23,0.3954759240150451,-1.1185674667358398,0.0095632933080196,-0.0308240912854671,0.1706085801124572,-0.7480058670043945
1990-12-25,0.5308462977409363,2.480774402618408,0.0215194206684827,0.2497660815715789,0.3084730207920074,0.048383180052042
1989-03-18,-0.7567474246025085,4.454110145568848,0.2432268261909485,0.455797016620636,0.4455222189426422,-0.9431169629096984
1997-08-17,-0.2123475670814514,-0.2504783868789673,2.5477776527404785,0.4747229814529419,1.646480679512024,-0.1433635205030441
1982-06-21,-0.2739331424236297,-3.4470722675323486,-1.0846803188323977,-0.2522431313991546,0.5588075518608093,-1.8202667236328125
2000-10-25,-0.9927486181259156,1.1218132972717283,-1.196502685546875,-1.0325664281845093,-2.569731473922729,-1.573569655418396
1999-06-13,3.557783842086792,-3.034588098526001,1.076048493385315,-1.4912502765655518,0.2538242638111114,-0.2736751437187195
1990-07-01,-0.8451535105705261,0.3469614684581756,-1.082708716392517,-1.0546602010726929,0.7560132145881653,-2.7790918350219727
2004-07-24,1.153844118118286,2.601318597793579,1.632691502571106,2.175811290740967,2.553888320922852,3.4379584789276123
2006-11-01,-0.3794547617435455,-2.104501247406006,0.7302202582359314,0.0143571030348539,-0.5447950959205627,-1.0743887424468994
1992-02-15,-0.2482004314661026,0.4629571437835693,0.8238051533699036,0.5840680599212646,1.5424529314041138,0.074893020093441
2003-09-19,1.4792073965072632,3.4882559776306152,-0.1881631761789322,1.36261248588562,-0.3956396281719208,-0.0491123907268047
2002-07-04,1.9953852891922,1.301575779914856,-0.0010827768128365,-0.6770161986351013,1.928824543952942,1.1890181303024292
1993-04-02,-3.6915454864501953,3.802758932113648,0.217701107263565,-0.0778522938489914,-1.1321851015090942,-2.0197885036468506
1995-07-09,4.579479694366455,4.960213661193848,-0.3432337045669555,0.6503616571426392,2.6768805980682373,-0.1466544270515442
1995-07-26,2.164992332458496,0.1051825806498527,0.116202026605606,2.0351922512054443,4.157814979553223,-3.469163417816162
2005-09-26,-0.0596105121076107,1.2297413349151611,0.2150306850671768,-0.3243917822837829,-0.0601333230733871,1.8563661575317385
1994-03-26,0.0940622240304946,-1.0874284505844116,0.1875063776969909,0.5542290806770325,-0.4113309979438782,-0.0876316055655479
1992-10-23,-2.1448545455932617,-1.5632257461547852,-3.33154821395874,-1.774853229522705,-2.6025919914245605,2.0474154949188232
1998-05-15,-0.2395600080490112,-2.0708155632019043,1.0370924472808838,-0.9264748096466064,1.5085042715072632,2.181115865707397
1993-01-24,0.6228705048561096,0.7752940654754639,0.5336693525314331,0.2716437876224518,0.9603800773620604,-2.0935237407684326
1985-05-11,-0.7279618978500366,-3.679847478866577,-2.6598947048187256,-1.397024631500244,-2.5493922233581543,-2.2598204612731934
2003-06-23,0.039513312280178,-2.374689102172852,-2.1235134601593018,0.3562924861907959,0.7771991491317749,-2.514458179473877
1998-11-30,-1.4470396041870115,-1.561750411987305,-0.3069272935390472,-0.1750155687332153,-1.0336649417877195,-1.813664793968201
1987-10-30,-1.7975542545318604,-0.797575056552887,-0.7471075654029846,-1.6607341766357422,-1.6642102003097534,-1.9440523386001587
2003-04-06,-1.0106676816940308,0.3584527671337127,-0.4851585924625397,0.0097823459655046,-1.112699031829834,1.3730279207229614
1993-06-13,-0.8480126857757568,-3.3154661655426025,-2.597344398498535,-2.055171251296997,-2.219279289245605,-1.7088258266448977
1999-05-08,0.9220319986343384,1.2701343297958374,-0.3798958659172058,-0.3870148360729217,2.8606114387512207,1.4001833200454712
1982-12-31,0.4139262735843658,-0.9198234677314758,-1.2210782766342163,0.5426256060600281,-0.0396820306777954,1.4064558744430542
2005-08-23,0.9055210947990416,3.3390860557556152,1.6978663206100464,0.7232372164726257,3.5662965774536133,2.506542682647705
2005-01-05,1.1211819648742676,0.7037476301193237,1.7113560438156128,0.7929851412773132,1.476083278656006,0.656068742275238
1985-06-24,-0.4661079049110412,-3.811924934387207,-2.8045642375946045,-1.2871228456497192,0.4259050190448761,-3.721081018447876
1998-02-09,-0.8408530950546265,0.260538101196289,1.3245924711227417,0.5242781043052673,1.5425519943237305,0.7063956260681152
1995-01-09,0.2936926782131195,-1.3047423362731934,0.0919666513800621,0.4554782509803772,1.0082035064697266,-1.1341215372085571
1993-08-26,0.3055149912834167,2.18909215927124,0.9478663802146912,2.9632275104522705,0.8263064026832581,0.6165280938148499
1986-04-28,0.0129137858748435,3.965592384338379,-0.72441166639328,-0.1387602388858795,-0.6775485873222351,1.490374207496643
2005-04-18,-0.8412466049194336,2.051447868347168,-0.0663761496543884,-0.0612740665674209,-2.3115620613098145,5.437172889709473
2002-02-18,1.1510887145996094,-0.794832170009613,1.0225311517715454,0.7588496804237366,1.5179425477981567,0.5202552080154419
2007-09-02,-0.0029992088675498,0.7778337597846985,1.2211034297943115,0.8248268961906433,1.020022988319397,2.3834939002990723
2001-03-26,-0.6102721095085144,1.3358935117721558,0.2846026122570038,0.3650588095188141,-0.2674010097980499,4.527099132537842
1994-04-19,-0.5057629942893982,4.809917449951172,-0.2589577734470367,-0.0062324423342943,-2.006917953491211,1.2609256505966189
2003-07-14,0.7023624777793884,2.3265810012817383,-0.2816750705242157,1.675569772720337,1.6900714635849,-0.9293007254600524
1984-02-13,0.4291664361953735,0.8305454254150391,1.0346144437789917,0.4642805457115173,1.5125532150268557,-0.2636056244373321
1994-01-30,1.5520175695419312,-0.5662355422973633,-0.0878869071602821,0.3172832429409027,1.2239667177200315,0.3793521225452423
2002-04-29,-0.5150855779647827,-1.5992388725280762,-1.5142359733581543,-0.6290074586868286,-2.846998929977417,-1.259318232536316
1994-12-23,0.9330790638923644,-0.6231846809387207,-0.5176756381988525,0.0977995917201042,0.3063527941703796,-1.482505440711975
1984-09-04,0.9308890104293824,0.2614237666130066,1.80364203453064,1.9687851667404173,2.4280896186828613,1.6408720016479492
2004-01-20,1.1449247598648071,-0.9071045517921448,1.339357614517212,0.8293787837028503,1.3426600694656372,0.7561169862747192
2007-12-28,0.082233652472496,-0.5501229763031006,-0.7114123106002808,0.329111248254776,0.8157851099967957,0.3686133921146393
1986-12-20,0.4537035226821899,0.9784660339355468,-1.2961628437042236,-0.5887120366096497,-1.6073215007781982,-3.093831777572632
2001-02-25,0.0188894402235746,-0.1927167177200317,1.197080373764038,0.7251604795455933,1.3879626989364624,-0.4777346849441528
1994-02-12,1.238753080368042,1.0044959783554075,1.0434976816177368,0.5111543536186218,1.532788872718811,2.2984261512756348
1999-09-08,2.5385024547576904,-0.28736013174057,2.5288491249084477,-0.4864721894264221,2.6441071033477783,0.6077414155006409
1992-08-15,-0.0177187658846378,3.438981056213379,-0.5097350478172302,0.2631408870220184,-0.2049039006233215,-2.8971364498138428
1986-02-22,1.5010948181152344,-2.024812698364258,0.6025177240371704,1.0088497400283811,1.5079632997512815,-0.6097496747970581
2007-07-20,-0.0530965663492679,0.9337798953056335,0.1276414096355438,3.0085816383361816,2.3643829822540283,-1.263639211654663
1988-05-25,-1.7360219955444336,-0.9087727665901184,-0.2530756592750549,-1.103687047958374,-0.7087807059288025,0.1846474111080169
2006-08-27,0.2998813986778259,-0.2323417663574218,3.6963374614715576,3.361778259277344,3.0590057373046875,3.671564340591431
1992-04-07,-2.017507314682007,2.040313959121704,-0.7267855405807495,-0.0011980623239651,-1.643283128738403,-0.7892844080924988
1987-07-27,3.587547063827514,0.7001994252204895,1.7215427160263062,-0.1345526278018951,3.404226541519165,2.0748581886291504
1994-10-07,-1.7271021604537964,2.3183135986328125,-0.156948983669281,-0.6375428438186646,-2.0210928916931152,0.5571526288986206
1983-04-08,0.5549191832542419,0.1507153064012527,0.6845710277557373,-0.1854960322380066,-0.9095512628555298,2.3723132610321045
2007-07-16,-1.0479083061218262,-0.0954640582203865,0.4108221530914306,1.40488862991333,2.1635570526123047,-0.0574528388679027
1985-03-10,1.8432530164718628,-0.5729520320892334,1.0149410963058472,0.7206259369850159,0.9966725707054138,-0.115627996623516
1998-02-12,-1.0188994407653809,0.924415409564972,1.1997281312942505,0.5931212902069092,1.5589324235916138,0.9573639631271362
1995-12-27,0.6193996071815491,-0.8111732602119446,-0.1864450573921203,-0.0273327454924583,0.2149117887020111,-0.1622174233198166
1981-12-18,0.0865719094872474,-0.7146084904670715,0.8201147317886353,0.4766139090061188,1.5453414916992188,-0.2753216028213501
1984-05-29,-0.5299544334411621,-1.3743932247161863,0.9088033437728882,-2.3001515865325928,-1.605075716972351,2.8695735931396484
1998-11-26,-1.4489907026290894,-1.6297320127487185,-0.5868424773216248,-0.1297832429409027,-1.422091722488403,-1.3771268129348757
2003-01-18,0.2214026600122451,-1.004119038581848,0.3679447174072265,0.8336958289146423,1.4152458906173706,-0.8887172937393188
2004-03-25,-2.500286817550659,-2.4741039276123047,1.1846270561218262,0.9950637221336364,-0.4474242031574249,0.7570797204971313
1999-01-26,1.184071063995361,3.4750189781188965,0.7913695573806763,0.888498067855835,1.4284563064575195,-0.366684228181839
1997-06-20,0.4834385216236114,-0.9265079498291016,-1.3432345390319824,-0.8640283942222595,-0.7280741930007935,-0.4990245401859283
2001-08-08,0.6862847805023193,0.4987984299659729,1.0374161005020142,-0.459673136472702,4.045684337615967,0.1479174792766571
1994-11-05,0.1816180348396301,-1.808807134628296,-1.6917822360992432,-0.4804737567901611,-0.663844108581543,-2.588550090789795
1997-02-06,1.442587971687317,0.0344900079071521,1.7404043674468994,0.4865783751010895,1.5324106216430664,0.383072942495346
1999-11-04,-0.0884014964103698,1.691192865371704,-3.021768808364868,-1.5604908466339111,-1.593867301940918,-2.13856840133667
2000-11-06,-0.3916012346744537,0.3413643836975097,-0.1723713874816894,-1.1830295324325562,-1.5483254194259644,0.8030115962028503
1982-11-30,-0.1789712011814117,-0.0597246512770652,0.1531782895326614,-0.7997661232948303,-0.8020966053009033,-0.6571560502052307
1984-09-06,1.593273401260376,0.3776394426822662,1.749731183052063,1.595139503479004,2.120194435119629,1.7511298656463623
1989-08-28,0.654082715511322,-0.6133992671966553,1.0091336965560913,-0.0661555305123329,-2.776913642883301,1.265581488609314
1998-01-11,0.2343409806489944,0.8240900635719299,0.0450952164828777,0.2886746823787689,0.8316556215286255,0.309903085231781
2005-06-03,-2.81740403175354,-2.8627161979675293,-0.6295496821403503,0.3347443640232086,-1.020061731338501,0.3404967784881592
2003-02-28,0.1854744851589203,-2.540119171142578,1.0598063468933103,0.7826981544494629,1.2404422760009766,-0.54035884141922
1984-04-29,-1.7510051727294922,-0.8439291715621948,-0.0919397547841072,-1.1798391342163086,-2.161727905273437,-0.1678376495838165
1999-02-18,0.9003949165344238,2.314948558807373,1.7615467309951782,1.0039012432098389,1.530297040939331,5.761290073394775
2006-04-06,-0.055128701031208,-0.7944962382316589,0.9946847558021544,0.0400299616158008,-0.533775806427002,1.1841071844100952
1990-02-11,1.2391639947891235,5.020547866821289,0.4145887494087219,0.5642561316490173,1.5125532150268557,-0.6136116981506348
2002-05-28,-0.5541555285453796,-0.7804843187332153,-2.290773868560791,-1.966530680656433,-0.3773276805877685,-3.3572568893432617
1984-07-11,2.589489459991455,1.5001918077468872,3.036771297454834,-1.3796371221542358,1.4668585062026978,0.6633431315422058
1996-02-16,-1.161750078201294,0.5559199452400208,1.745478868484497,0.5430104732513428,1.5415338277816772,3.055718421936035
2007-10-20,-2.0348386764526367,0.7567816376686096,-1.7215322256088257,-0.98484468460083,-1.382590889930725,1.1374119520187378
1992-08-30,-0.2401271611452102,3.967670440673828,0.0863216817378997,-0.4482192397117615,-0.400985836982727,-2.9184319972991943
1998-03-30,-0.6927770376205444,1.671621322631836,0.7903154492378235,-0.0201423875987529,-0.426497220993042,0.6389766931533813
1994-02-26,1.3399604558944702,0.5469183325767517,0.8816947340965271,0.957305908203125,1.3786687850952148,0.2235151082277298
1987-05-01,-2.351409673690796,1.0548198223114014,-0.5907281637191772,-0.6934888362884521,-0.7927364706993103,2.773145198822021
1999-01-31,1.1164723634719849,1.8666648864746092,0.9262110590934752,0.8152605295181274,1.431588649749756,0.4105134308338165
1998-07-14,1.3283283710479736,-1.507323145866394,-0.0792819783091545,1.3640557527542114,1.0001530647277832,1.3754055500030518
1998-09-08,-0.3915207982063293,-1.5073612928390503,-0.741139829158783,2.0535364151000977,1.384127855300903,-2.182267189025879
1988-03-05,0.0981058403849601,0.3278970122337341,1.4004520177841189,0.5793405175209045,1.1559473276138306,3.523812055587769
1995-11-17,-0.1955642253160476,-0.5854450464248657,0.3059487640857696,-1.2065171003341677,-0.608098566532135,-1.2312850952148438
1987-05-18,-1.3495453596115112,2.449203968048096,-0.3029039204120636,-0.9564735889434814,-1.3514810800552368,0.1811158657073974
1991-05-09,-1.205414891242981,0.4971122443675995,-1.949654221534729,-1.5510296821594238,0.5226747393608093,-1.6022841930389404
1995-01-02,0.7231029272079468,-0.2941453456878662,-0.0706870034337043,0.3938733637332916,0.4701715409755707,-0.819977343082428
1992-06-17,-0.2618191242218017,-1.2996028661727903,-0.3704252541065216,-3.177507162094116,-0.379421591758728,0.4233751893043518
1996-11-08,-2.0582492351531982,0.5190609693527222,-0.9908934831619264,-1.276589035987854,-0.7557544708251953,-0.4885533452033996
1997-12-22,0.2030680477619171,-1.7531895637512207,-1.2076780796051023,0.5378020405769348,0.0763418152928352,-1.232505440711975
2003-11-04,-0.8667115569114685,1.2174007892608645,-0.8128446340560913,-0.624984860420227,-1.5324445962905884,-0.5020451545715332
2006-10-20,-0.6248351335525513,-0.0332269109785556,0.7784677743911743,0.2451663166284561,-0.1625896096229553,0.947409451007843
1986-03-24,0.854724109172821,-0.9292839169502258,0.2387913763523101,0.7518827319145203,-0.0442232824862003,0.3863280415534973
1986-07-14,-0.8364035487174988,-1.842937707901001,-1.3228949308395386,0.2139378786087036,0.5337472558021545,-0.2647130787372589
1987-10-25,-2.0248594284057617,-1.1032342910766602,-1.1115468740463257,-2.034862995147705,-2.2826151847839355,-2.2725918292999268
1984-04-21,-0.6357678771018982,-2.4200632572174072,0.5410605072975159,-0.7762519717216492,-1.9469202756881716,0.080933004617691
1995-11-10,-0.5043615102767944,-0.2328234016895294,-1.4086425304412842,-1.0198644399642944,-1.6328675746917725,-1.139474391937256
2005-08-17,1.1695504188537598,1.4634920358657837,3.757053852081299,-1.189197301864624,3.940624475479126,2.712923049926758
1995-01-26,0.9251009821891784,1.3029770851135254,0.9406569600105286,0.6704267859458923,1.4482591152191162,-1.8477741479873655
1982-10-07,-0.2007207125425338,-0.9922680854797364,-2.113966226577759,-2.001103401184082,-1.8816789388656616,0.3797518014907837
1984-02-28,1.269389510154724,0.0551607310771942,1.424059271812439,0.5584341287612915,1.4067555665969849,-0.2567009031772613
1986-02-14,1.338759183883667,-1.8055015802383425,1.2434793710708618,0.9511567950248718,1.532788872718811,-0.6315665245056152
1987-05-08,-2.4320552349090576,3.0695724487304688,0.1581876724958419,-0.7800584435462952,0.0255139674991369,1.2907516956329346
1990-07-18,0.1476631313562393,-0.4885007441043854,-0.942471206188202,-0.522092878818512,0.072262980043888,-3.0330381393432617
1984-03-13,1.024672031402588,0.9317912459373474,1.69746196269989,0.4711194634437561,0.7812456488609314,2.5917727947235107
1999-01-27,1.0415462255477903,3.3858320713043213,0.77019864320755,0.835655689239502,1.4161547422409058,-0.2267910838127136
2001-07-09,2.014401435852051,0.6371712684631348,-0.7544717788696289,-0.7346189618110657,0.7026433944702148,-1.1362454891204834
1993-05-27,-1.019944667816162,0.9755824208259584,-1.4712015390396118,3.159870386123657,-2.0650670528411865,2.2395687103271484
1997-02-03,0.8416034579277039,0.0764605179429054,1.2974669933319092,0.4702004492282867,1.5387126207351685,0.0276799704879522
1992-02-03,-0.0636051967740058,-0.1287847459316253,0.6052951812744141,0.357837975025177,1.3365403413772583,-0.6158139109611511
1986-03-12,1.1858437061309814,-1.991732120513916,0.38884437084198,1.1252820491790771,0.8421728610992432,-0.3692156374454498
2006-09-03,0.1223685964941978,-1.4305576086044312,2.2846994400024414,3.205505609512329,1.5323327779769895,-2.5026497840881348
2004-10-12,-1.522106647491455,-1.3231725692749023,-1.0848467350006104,-0.5622527003288269,-1.505563497543335,3.8068342208862314
2004-06-15,-1.2339246273040771,-0.4170735776424408,-2.084680318832397,-2.4522247314453125,-1.8411864042282104,-3.060287475585937
2000-03-20,1.2447388172149658,-1.249260663986206,1.0587986707687378,0.3818876445293426,0.1457791626453399,4.326330661773682
1991-03-04,-0.272377461194992,0.6745919585227966,0.626251757144928,0.5565224289894104,1.1994670629501345,-0.95754474401474
1996-10-18,-1.951792597770691,-0.01530288066715,-2.264957904815674,-2.298370122909546,-2.2287590503692627,-1.38621187210083
1982-05-11,-0.9854137301445008,-0.9728889465332032,-0.1196675971150398,-0.681034505367279,-1.977325201034546,-0.8522842526435852
2006-12-16,1.934886455535889,-0.9248062968254088,-0.0129291843622922,0.5354353189468384,1.8023676872253416,0.8492697477340698
2003-11-12,-0.2644338011741638,-0.426314502954483,-3.882510900497437,-0.3005843460559845,-2.189225435256958,-1.5777298212051392
1990-10-15,0.3755916357040405,1.357208013534546,0.5940904021263123,-0.4365922510623932,1.673553466796875,-0.6696921586990356
1997-09-09,0.660489022731781,0.9798099994659424,0.1113186627626419,1.498167872428894,2.076241970062256,1.0774823427200315
1991-04-14,0.0846394300460815,0.2832026183605194,-1.1432058811187744,-0.5062980651855469,-1.8337610960006716,-2.1334779262542725
2003-01-16,0.882437527179718,-2.195626974105835,0.279595285654068,0.7847336530685425,1.438267946243286,-1.20788311958313
1989-03-02,0.2216288894414901,-0.0862573012709617,1.3211404085159302,0.6578598022460938,1.278861165046692,0.1853131651878357
2004-04-30,-2.811773538589477,-1.895900130271912,-0.8221591711044312,-0.7362394332885742,-2.20414137840271,-0.8150164484977722
1986-12-26,0.5908438563346863,-0.2392266988754272,-1.168483018875122,-0.0502522252500057,-1.05154287815094,-3.1916069984436035
1995-02-04,0.3615925014019012,0.6764666438102722,0.7874571681022644,0.7101906538009644,1.4586955308914185,-1.0923151969909668
1997-04-24,-0.1540461629629135,-1.2056262493133545,-1.968111753463745,-0.6381691098213196,-2.3242828845977783,-1.412357211112976
1988-08-11,1.6862847805023191,0.2288094311952591,2.9674391746521,0.2203195393085479,3.255675792694092,0.3379199206829071
2006-11-20,0.8188925981521606,-1.7975246906280518,0.8849102258682251,-0.9950725436210632,0.9011827707290648,3.3518974781036377
2006-10-13,0.2313497364521026,-2.772611141204834,0.7378299832344055,-0.0572189390659332,0.426673412322998,0.354447066783905
1994-11-18,0.2213271260261535,-1.614633560180664,-1.6068880558013916,-1.2182005643844604,-0.9744764566421508,-2.428291082382202
1985-08-08,1.3945436477661133,2.2108821868896484,0.2930684387683868,1.671651005744934,4.5134758949279785,-0.2235400378704071
2000-06-12,-0.7222150564193726,-0.7445794939994812,-0.6539319753646851,-2.0212490558624268,-2.026174545288086,-1.8836909532547
2004-07-14,-0.2523307800292969,-2.2884886264801025,0.5175507664680481,2.057893753051758,0.2522556483745575,-0.5830563902854919
1993-08-19,0.4427469670772552,0.4958242774009704,0.5613219141960144,4.337252140045166,3.622232675552368,0.5240684151649475
1994-03-28,0.0297120306640863,-0.9441052675247192,-0.03537417948246,0.4750746786594391,-0.6073973774909973,0.1270748227834701
1991-01-21,1.251401424407959,0.6758736968040466,-0.0720577239990234,0.5637068152427673,0.7652520537376404,-1.1786953210830688
1984-06-20,0.6860888600349426,-0.5770772695541382,-1.3846681118011477,-1.302230954170227,-2.321197271347046,-2.5902862548828125
1998-05-16,-0.3156763315200805,-1.920952558517456,0.6511908173561096,-0.804419994354248,1.3748054504394531,2.329197406768799
1996-09-17,-0.2149435728788375,-2.1237287521362305,0.6696480512619019,-1.0499259233474731,1.4184740781784058,2.838109016418457
1996-07-21,-1.3963260650634766,-3.8477282524108887,-0.5116491913795471,-1.0686031579971311,-1.2518941164016724,1.3137696981430054
1983-10-29,-2.087118625640869,-1.6481025218963623,-0.9446908831596376,-1.6038933992385864,-1.5643742084503174,-1.8022081851959229
1986-07-28,0.2149801552295684,1.1051825284957886,-0.2338040769100189,0.2851922810077667,-0.0721653625369072,-0.2591719925403595
1991-06-01,-0.0721709057688713,0.7674769759178162,-3.690793752670288,-2.315241575241089,-0.4469504654407501,-3.5331344604492188
1997-08-04,0.6805758476257324,-0.4878129065036773,0.1370985805988311,0.221880167722702,1.2419719696044922,-1.453112244606018
2007-07-14,-0.3323478698730469,-0.5285093188285828,-0.2624480128288269,1.1378803253173828,1.39227032661438,-0.6830319762229919
1995-06-18,-1.073920965194702,4.832926273345947,-2.5546815395355225,-0.3922272622585296,1.0688172578811646,-4.4002838134765625
2004-04-10,-2.515366554260254,2.353209972381592,0.9668099880218506,-0.0262870751321315,-1.2237452268600464,0.5465147495269775
1989-02-23,0.3074683547019958,-0.3885993659496307,0.7678093314170837,0.6257318258285522,1.4753516912460327,-1.1361480951309204
1996-10-15,-2.1186563968658447,-1.8525978326797483,-2.0821774005889893,-1.7772201299667358,-0.793327808380127,0.544449508190155
1982-05-01,-1.165809988975525,-0.8041839003562927,-0.7107397317886353,-0.761421263217926,-1.686812162399292,-0.0769138559699058
2006-02-28,0.7676310539245605,0.0845956355333328,2.166260242462158,0.8565407395362854,1.2594646215438845,1.2924553155899048
2007-10-01,0.2392817288637161,-0.4922680854797363,1.2260301113128662,-1.6711169481277466,-1.1616777181625366,3.369741916656494
2004-04-13,-2.560521364212036,3.595843553543091,1.3059804439544678,-0.0083361389115452,-0.2442564815282821,0.0186909791082143
1995-07-12,1.7136147022247314,5.147083282470703,0.9670831561088562,-0.0660609006881713,5.52373743057251,2.2052881717681885
1995-12-29,0.8876073360443115,-0.9291753768920898,-0.0367593243718147,0.1820180267095565,0.4239601194858551,-0.1255222260951995
1984-02-24,1.45012104511261,-0.0360204428434371,1.311272144317627,0.5628066062927246,1.4929732084274292,-0.2122183591127395
1986-10-17,-2.10209321975708,-1.3831701278686523,-2.4348223209381104,-2.3422515392303467,-3.345590353012085,-2.2631731033325195
1991-03-05,0.7081217169761658,0.8978738188743591,0.7104496359825134,0.5493417382240295,1.1559473276138306,-0.9561989307403564
1988-07-12,2.254422187805176,2.2571663856506348,1.815535545349121,0.4153749644756317,0.8326482772827148,2.123733758926392
2002-05-05,-1.3934320211410522,-1.1063958406448364,-1.830278754234314,-1.28537118434906,-3.795684576034546,-1.9054266214370728
2005-01-17,1.211392879486084,-0.5541372895240784,1.4379215240478516,0.8937239050865173,0.9052361845970154,0.1313022673130035
1992-11-04,-3.919463396072388,-1.8245024681091309,-2.549778461456299,-1.385636806488037,-2.794795036315918,-1.2943899631500244
1987-02-07,0.1168393790721893,-0.6528871655464172,0.4505054950714111,0.7099558711051941,1.4159013032913208,-1.132540583610535
1987-04-23,-1.8012380599975586,1.0114699602127075,-0.2663883566856384,0.0087332557886838,-0.8415607810020447,5.017159461975098
2006-12-24,2.4694056510925293,0.3388511836528778,0.8735525012016296,0.412669688463211,2.594916582107544,2.987807035446167
1997-10-22,-1.0848571062088013,-0.5632256865501404,-1.0415395498275757,-0.8248410224914551,-1.3126140832901,-0.2025844454765319
1992-02-11,-0.2208274602890014,1.350534439086914,0.6246107220649719,0.5742658972740173,1.5125532150268557,-0.4236092865467071
1983-10-18,-1.36210298538208,0.0368128046393394,0.6951519846916199,-3.3522307872772217,-1.525583028793335,-1.973164677619934
2000-06-22,-1.1430985927581787,-1.8810539245605469,1.4652490615844729,-0.0419987291097641,-0.491508424282074,-0.2738353610038757
1996-11-02,-1.96988582611084,0.1403386741876602,-1.426837682723999,-1.4804418087005615,-0.7552087903022766,0.5504709482192993
2005-02-03,0.6805030107498169,-0.8135418891906738,1.2414770126342771,0.6487666368484497,1.4804534912109375,-0.1840655952692031
2000-10-26,-0.6875383853912354,-1.5475749969482422,-1.1671209335327148,-1.0407390594482422,-2.424220085144043,-1.5340486764907837
1986-12-31,0.5376012325286865,0.4008111655712127,-1.066758155822754,0.3620106875896454,-0.8360496759414673,-2.5255160331726074
2001-08-16,0.3876280188560486,1.0495399236679075,2.8077874183654785,2.5147316455841064,4.016475677490234,1.3766255378723145
1988-03-25,-0.3875720202922821,-1.2458000183105469,0.6922663450241089,0.4698745012283325,0.466470330953598,0.7321471571922302
2004-04-24,-2.601011276245117,0.6360818147659302,-0.4119470715522766,-0.389861136674881,-2.2617340087890625,-1.097830295562744
1993-11-09,-1.5882478952407837,3.1890439987182617,-0.8608886003494263,-1.646584153175354,-1.9957447052001955,-1.4085363149642944
1996-05-25,0.1680999249219894,-4.452432632446289,-2.4916043281555176,-1.7413195371627808,-3.8933706283569336,1.1948177814483645
1989-02-19,0.3780048191547394,-0.5466412305831909,0.578404426574707,0.6379590034484863,1.530032753944397,-0.2291288524866104
2001-06-24,-0.147059366106987,1.1422882080078125,-1.2113476991653442,-1.2349467277526855,1.537540316581726,-0.1645218580961227
1989-03-28,-0.8623757362365723,2.26487135887146,-0.2579173445701599,0.1750779747962951,-0.2383560240268707,0.3604189455509186
1985-02-03,1.57646381855011,0.9266623854637146,0.4062220454216003,0.4652544260025024,1.311593532562256,-1.2095122337341309
2006-07-15,1.1042214632034302,1.277489423751831,0.2283649891614914,0.1709812581539154,2.9267494678497314,1.9142184257507324
2001-12-30,1.4931325912475586,0.3882585167884826,1.259535551071167,1.0468052625656128,1.333929181098938,0.3646826148033142
1985-06-09,0.3458009958267212,-1.7538776397705078,-2.548793077468872,-1.1530557870864868,-1.1143964529037476,-2.255511522293091
2005-05-03,-1.5020320415496826,-0.8704298734664917,0.7982023358345032,-0.9600511193275452,-2.594511747360229,0.2207443565130233
1982-11-08,-0.5483929514884949,-0.4588315784931183,-0.4917699694633484,-1.400487184524536,-1.163844108581543,1.601452350616455
1983-07-29,0.6149740219116211,-0.2648125290870666,2.776205778121948,1.9951837062835691,1.5778285264968872,2.410841464996338
1991-07-26,1.91753363609314,0.8702128529548645,-1.6684719324111938,-1.3445440530776978,0.604238748550415,-3.3351454734802246
2006-07-12,3.1183369159698486,0.8526927828788757,2.35071063041687,-0.5559576749801636,2.580139636993408,2.995400667190552
1996-06-06,-1.7441953420639038,-1.0238666534423828,-2.238795518875122,-2.0330605506896973,-0.2043928354978561,0.3245055675506592
2000-09-01,1.571224808692932,1.528835654258728,3.5805776119232178,2.986477851867676,1.2128973007202148,2.8102500438690186
1997-01-15,0.988155722618103,-1.9715288877487185,1.324539303779602,0.1525143533945083,1.6119006872177124,-0.3512943685054779
1984-05-11,-1.897975325584412,-1.9198681116104128,-0.6298958659172058,-1.827017307281494,-1.1893764734268188,4.480169773101807
2007-02-17,2.2911033630371094,0.1251812428236007,1.3825165033340454,0.7188411355018616,1.5879498720169067,1.950247883796692
1991-06-06,0.1896619647741317,-0.3613448441028595,-4.180113315582275,-2.0072624683380127,0.9451276063919068,-3.8934521675109854
1994-02-22,1.687473177909851,0.4013786613941192,0.9578117728233336,0.9657281637191772,1.4753516912460327,0.433859258890152
1992-08-17,0.1341939866542816,3.064637422561645,-0.4435598254203796,-0.8068161606788635,-0.0566371008753776,-2.87937593460083
1991-02-23,0.4074744582176208,0.4313774406909942,0.5677971243858337,0.5957330465316772,1.4753516912460327,-1.3561493158340454
1989-08-15,0.613820493221283,1.2781977653503418,2.8354218006134038,0.894599437713623,2.3199172019958496,0.6511170268058777
2006-04-25,-0.2258076071739196,-0.0541839003562927,-0.8107458353042603,0.588554322719574,-0.776808500289917,1.973104476928711
1990-07-09,0.3436976671218872,-1.2068989276885986,-2.6805319786071777,0.1239190101623535,0.8421217799186707,-2.7055857181549072
1981-11-29,-0.9470700025558472,-1.301756501197815,-0.1766505986452102,0.4613945484161377,-0.8231077790260315,0.1673109382390976
1995-10-13,-0.3455536067485809,-1.2714297771453855,-1.1553852558135986,-1.0802794694900513,-0.785936713218689,-0.6250723600387573
2002-06-23,-0.5804818272590637,1.945318341255188,-1.5235072374343872,-1.123718500137329,-1.912803292274475,0.9055551886558532
1986-08-05,2.457336187362671,0.1887269467115402,0.1312729716300964,1.1951712369918823,0.1167163774371147,0.7316832542419434
1985-06-21,0.8345728516578674,-3.8540444374084473,-2.7682600021362305,-1.306579351425171,0.2384089976549148,-3.623574495315552
1993-05-09,-1.0179704427719116,3.060142755508423,-1.7498910427093506,-1.637014865875244,-1.6893764734268188,-0.3798154592514038
2005-07-16,1.8520855903625488,0.4545237421989441,1.5908453464508057,1.664867877960205,1.063581466674805,2.862529993057251
1982-10-11,-1.4633092880249023,-1.4392822980880735,-2.637676239013672,-1.8181589841842647,-1.6108458042144775,-0.2045505493879318
1989-08-03,2.3580148220062256,1.1438982486724854,3.2313649654388428,0.0782422497868537,2.282964944839477,-0.0939948558807373
2004-12-12,0.1965572535991668,-0.4145902097225189,0.2301184237003326,-0.2133885324001312,0.4553451836109161,2.2246782779693604
1988-11-01,-1.4970790147781372,0.1184971183538436,-0.2419019341468811,-1.2125136852264404,-2.442859411239624,1.769607663154602
1983-01-05,0.8030894994735718,-0.4541490077972412,-0.8406760096549988,0.033888004720211,0.10017641633749,0.560027539730072
2005-10-04,0.4328709244728088,1.278305172920227,0.873049795627594,-0.3375550210475921,-1.8211112022399905,3.677147626876831
2004-04-23,-2.177088737487793,0.7056131958961487,-0.2743994891643524,-0.2287565767765045,-2.16753888130188,-0.9396490454673768
1997-03-05,0.5240412354469299,0.230265662074089,1.0221678018569946,0.6719851493835449,1.061327338218689,-0.5379400849342346
1991-12-20,0.2949023246765136,0.8251937031745911,-1.0629169940948486,0.1354414373636245,0.1323543190956115,-0.3107339143753052
2005-03-31,-0.8380250930786133,-0.2734392285346985,1.0485520362854004,0.1370707303285598,-0.9228532910346984,5.138884544372559
1982-11-22,-0.5515348315238953,-0.7535773515701294,-1.479270339012146,-1.229759931564331,-1.880942821502685,0.0050899772904813
1996-10-06,-1.5671290159225464,-1.941696047782898,-1.3169525861740112,-1.7475587129592896,-0.1611075550317764,0.2371758073568344
2000-03-30,0.9335565567016602,4.107793807983398,1.2749903202056885,0.1264198869466781,-0.4933946430683136,-0.4997444450855255
2005-04-25,-1.095802664756775,0.7357941269874573,-0.2707372903823852,-0.511421263217926,-2.706801176071167,4.113088607788086
1997-07-10,2.634396553039551,-0.222814068198204,0.0255575086921453,0.8653871417045593,2.022650718688965,0.4737398624420166
1990-04-10,-1.2951189279556274,-1.1944901943206787,-0.5253347754478455,-0.3499541580677032,-0.763756275177002,0.1041206195950508
1989-08-02,2.320251703262329,1.6103802919387815,2.903409719467163,0.1322244554758072,2.561765193939209,-0.2784247100353241
2007-01-09,3.1043360233306885,3.044060707092285,0.3651025295257568,1.3487027883529663,3.031667947769165,0.769894540309906
2004-05-18,-1.0931552648544312,-1.4042060375213623,-1.547404170036316,-1.1776562929153442,-2.549644708633423,2.4472696781158447
1992-11-10,-2.724362850189209,-1.342808723449707,-2.658642530441284,-2.309873104095459,-1.9528748989105225,-1.9694914817810056
1983-03-05,1.045459866523743,0.9398613572120668,1.9198222160339355,0.5926957130432129,1.2404422760009766,0.0296179372817277
2004-07-22,0.9875409603118896,1.0401957035064695,1.4515231847763062,3.2654716968536377,2.75423264503479,2.1548752784729004
2001-08-29,0.6352112889289856,-0.599162220954895,1.0565282106399536,2.3064427375793457,0.8361626863479614,-0.8634828925132751
2004-10-10,-0.7855560183525085,-1.7414309978485107,-1.2953999042510986,-0.6502867341041565,-1.945940375328064,5.294940948486328
2004-09-05,0.9181338548660278,0.3968653976917267,-1.6114102602005005,1.2398622035980225,0.094406709074974,0.6594635844230652
1990-05-07,-1.7320430278778076,3.1895675659179688,-0.9418184161186218,-1.4500412940979004,1.125489592552185,-3.0392653942108154
1996-01-24,-0.327141672372818,-1.044713258743286,0.5636681318283081,0.4716254770755768,1.2203898429870603,0.186474934220314
1996-04-09,-1.5008468627929688,-1.5985101461410522,-0.1772158294916153,-0.2904788255691528,-1.536421537399292,-0.4659870862960815
2003-04-25,-1.0810222625732422,0.7260781526565552,-1.2919520139694214,-0.359862357378006,-1.5817108154296875,4.802163600921631
1989-01-07,0.952736794948578,-1.3220688104629517,-0.5540420413017273,0.46592977643013,-0.1044226661324501,-1.8360791206359863
2005-01-20,1.2795915603637695,-0.4003284871578216,1.4874171018600464,0.4609141051769256,1.0827655792236328,0.1718770712614059
1996-02-25,-0.7306104898452759,-0.6548307538032532,1.874071478843689,0.5684438943862915,1.37675678730011,1.013318657875061
1986-02-21,1.5303997993469238,-2.275047779083252,0.6715503931045532,0.8738963603973389,1.520317792892456,-0.6287245750427246
1999-05-02,0.3782289326190948,1.3740888833999634,-0.0921787247061729,-0.1262235641479492,-2.614145040512085,1.2050031423568726
1983-06-25,2.3638787269592285,0.8480787873268127,0.7454234957695007,-1.2771435976028442,3.7159135341644287,0.4789007008075714
2005-08-22,1.3786486387252808,2.732985258102417,1.778845191001892,0.2736219763755798,3.702125072479248,2.5189614295959477
1982-04-15,-1.2759687900543213,0.860321044921875,-0.6361855864524841,-0.2036392986774444,-1.3864635229110718,-0.7598047852516174
1991-11-12,-0.910019874572754,-0.0242667384445667,-0.8056290149688721,-1.0028997659683228,-1.2397379875183103,2.1201531887054443
2003-03-27,-0.0296479873359203,1.065682291984558,-0.0048324214294552,0.4841963648796081,-0.6984793543815613,4.632390022277832
1994-01-13,1.312171220779419,0.8417186141014099,0.5998255014419556,0.3582715988159179,0.6450986266136169,-1.2939496040344238
1998-10-16,-2.294114828109741,-1.4610966444015503,-1.8579508066177368,-0.8915666341781616,-2.1997578144073486,0.1931612342596054
1983-02-08,1.1268491744995115,0.037115279585123,1.1405079364776611,0.4199472963809967,1.4858781099319458,2.127469062805176
2004-01-17,1.3125858306884766,-1.0343310832977295,1.3446271419525146,0.859643280506134,1.2979518175125122,1.1422218084335327
1995-10-10,-0.6118864417076111,-1.7812708616256714,-1.713894605636597,-0.9171541929244996,-1.2255278825759888,-2.5542986392974854
2007-07-31,1.5573118925094604,1.4887146949768066,2.231279134750366,2.615184545516968,5.876726150512695,3.2916808128356934
1983-04-16,-0.2053691148757934,-0.2568059265613556,0.1367928981781005,-0.5162773132324219,-0.9937647581100464,7.016515731811523
1993-12-06,0.2698012292385101,2.7161710262298584,-1.868488073348999,-0.7139669060707092,-1.5815478563308716,-1.7533177137374878
1989-08-22,1.3979982137680054,0.1225907430052757,2.3249828815460205,0.6053376197814941,2.7516472339630127,-0.1767692267894745
2001-05-27,0.6138784289360046,-3.3984591960906982,-1.6808375120162964,-0.2177672237157821,0.8129046559333801,1.0584919452667236
2002-10-15,0.3258803486824035,2.40889835357666,-1.7979532480239868,-1.7115739583969116,-0.9097492694854736,2.673172235488892
1987-04-10,-1.3806627988815308,-1.2515325546264648,0.2348426282405853,0.1797957718372345,-2.022702693939209,0.9730340838432312
2007-09-28,0.0577745288610458,-1.32260000705719,1.4856969118118286,-0.437526136636734,-0.9363256096839904,2.453782320022583
1987-12-28,-0.7059696316719055,-0.5231865048408508,-0.66280597448349,0.3822224140167236,0.617798924446106,-0.1214356496930122
1997-11-24,-1.175142765045166,0.5162458419799805,-1.746328830718994,-0.5374389290809631,-0.8446217179298401,-1.4780410528182983
1998-11-09,-1.9843724966049197,-0.982823371887207,-0.4786193072795868,-0.5998815894126892,-1.1228578090667725,-1.649484157562256
2005-01-06,0.8836890459060669,0.8652406334877014,1.701982498168945,0.7754855751991272,1.3982181549072266,0.6758760213851929
2003-10-22,-0.5131717324256897,0.924350917339325,2.2927780151367188,-0.125060886144638,-0.8908596634864807,-0.1767331212759018
1993-12-02,-0.3293134868144989,2.4501187801361084,-2.2969789505004883,-0.9465219974517822,-2.095669746398926,-2.0576155185699463
1984-04-14,-0.2959882616996765,-1.5496826171875,0.7838278412818909,-0.4536392986774444,-1.2864574193954468,-0.3498011231422424
1996-11-30,-1.9170408248901367,-2.9017467498779297,-0.0769162997603416,-0.5850192308425903,0.1963459849357605,-0.2236685007810592
2005-05-14,-2.405703067779541,-0.780937910079956,-1.2387933731079102,0.565575122833252,-3.085216522216797,-0.2108111530542373
1989-10-14,-2.1455414295196533,-1.1914126873016355,-2.3353779315948486,-1.4202758073806765,-3.735918521881104,-0.8650625944137573
1984-03-01,1.1888723373413086,0.1072710826992988,1.647062063217163,0.5551775693893433,1.3479846715927124,0.7122677564620972
2005-06-10,1.4119665622711182,-4.015447616577148,-1.2673577070236206,-0.4251663982868194,-0.1992597877979278,-0.5488222241401672
1984-09-26,-0.5427762269973755,-0.1681282073259353,-1.7971701622009275,-0.7966277003288269,-2.050277709960937,-0.313653290271759
1997-09-26,-1.7012492418289185,0.3868840634822845,0.1821597069501876,0.7521063089370728,-0.2761853635311126,0.5342791676521301
2003-03-07,0.1253929436206817,-0.9566499590873718,1.0179880857467651,0.7384508848190308,0.9006615877151489,-0.7416830658912659
1991-02-02,0.97648823261261,4.166683197021484,0.3762232661247253,0.4552446603775024,1.2916045188903809,-0.3094877898693084
1985-09-14,-0.6805539131164551,-0.3717042207717895,-1.2371361255645752,1.3303648233413696,-0.5022558569908142,-1.9986149072647093
1993-06-08,-1.5707247257232666,-2.1148223876953125,-2.177764892578125,-2.6006505489349365,-3.147770643234253,-0.4514102041721344
1999-11-06,-0.0044206324964761,0.2341403663158416,-2.673041343688965,-1.329165816307068,-1.4705874919891355,-2.434830665588379
1987-01-20,0.842428982257843,0.26436448097229,0.099602609872818,0.5647324323654175,0.6682484149932861,-0.3278782665729522
1982-02-27,0.6970996856689453,-1.358021855354309,1.394214153289795,1.098552107810974,1.4422156810760498,0.1816263794898986
1997-03-26,-0.7423806190490723,-3.155142068862915,-0.2279185801744461,0.2250962853431701,-0.5083450675010681,0.4704042971134186
2003-10-12,1.0156062841415403,1.507201910018921,2.724095344543457,-0.2066117823123932,0.2735291123390198,0.2703103125095367
1986-05-28,-0.6819061636924744,2.127553939819336,-2.3316006660461426,-0.6413134932518005,-1.693358302116394,0.0048152850940823
2007-03-20,0.5043466687202454,1.3581109046936035,0.5515593886375427,0.5163315534591675,0.0471897535026073,1.7699477672576904
1996-03-14,-0.6464691162109375,-0.1278904974460601,1.590016484260559,0.3947861790657043,0.5135239958763123,1.01099956035614
2003-12-01,0.1382620334625244,-3.138157844543457,-0.157115951180458,0.4618144631385803,-0.1084250509738922,-0.0915145277976989
1982-05-03,-1.3478482961654663,-0.5468654036521912,-0.6419065594673157,-0.8460215330123901,-1.7194782495498655,0.9823359847068788
2004-06-03,-2.097402811050415,-1.9427026510238647,-2.219576597213745,-1.2452422380447388,-3.250072717666626,-2.949511766433716
2004-12-27,0.2303899377584457,0.2707353234291076,1.3664474487304688,0.8608615398406982,1.6757813692092896,1.1518900394439695
1992-05-18,-1.9521414041519165,-1.991380333900452,-1.1552337408065796,-1.8825141191482544,-2.708939552307129,-3.023195266723633
2006-05-15,-0.9421316981315612,0.3586257100105285,0.6047760248184204,0.247490718960762,2.071059226989746,2.016813278198242
1997-09-25,-2.049917221069336,0.6172899007797241,0.0937036722898483,0.731661319732666,-0.0362494997680187,0.5002652406692505
2007-04-12,-1.1176555156707764,-2.7440576553344727,-0.7621456980705261,-0.163633793592453,-1.7426916360855105,-1.974257469177246
1996-02-17,-1.0460216999053955,0.490336149930954,1.7730377912521362,0.5509784817695618,1.5371055603027344,3.079003095626831
1989-06-09,0.4592739939689636,0.2351836264133453,-0.5977783799171448,-1.000675082206726,-3.667790174484253,-0.3314150869846344
1989-08-29,0.3743339478969574,-0.4244581460952759,0.6926301717758179,0.1154654771089553,-2.9175100326538086,1.4060968160629272
1983-01-28,1.5847190618515017,0.9697250723838806,0.6580843329429626,0.2514574527740478,1.0555647611618042,2.659940719604492
1987-10-24,-2.175553560256958,-0.9500163793563844,-1.2044925689697266,-2.114100933074951,-1.7433029413223269,-2.167473793029785
1990-06-11,-0.6427932977676392,1.1840263605117798,-2.434767007827759,-0.9652135968208312,-2.3515963554382324,-1.1128696203231812
1998-03-25,-0.7759329080581665,1.8925825357437132,0.967505156993866,0.3042290806770324,-0.2613371014595032,1.6123806238174438
1985-10-17,-0.7120785117149353,-2.033164024353028,-1.7948381900787354,-1.972256302833557,-0.87558913230896,-1.823170781135559
2001-01-24,1.6751010417938232,-0.0170302502810955,0.9406569600105286,0.9704145789146424,1.9282701015472408,-0.1277729570865631
2001-10-03,-0.0608531311154365,0.92680025100708,-0.7401025891304016,-0.7140269875526428,0.2434647977352142,0.3943034708499908
1986-08-23,0.8380006551742554,0.4025895297527313,0.6549693942070007,2.585348606109619,2.651641130447388,0.4432258903980255
1994-10-28,-0.3875505924224853,-0.567564070224762,-2.20712947845459,-0.0207500420510768,-1.7642163038253784,0.3859647214412689
1985-08-12,2.3262689113616943,3.248798370361328,0.9774184823036194,3.1903207302093506,1.8456721305847168,0.2279040515422821
1999-10-15,-0.9986612796783448,1.7774070501327517,-1.5921565294265747,-1.5472396612167358,-2.633324146270752,0.164444625377655
1987-11-28,-1.5670651197433472,-1.03176748752594,-1.5866543054580688,-1.0386054515838623,-2.0731077194213867,2.057325601577759
1995-01-04,0.9399988651275636,-0.8814049363136292,-0.0547863878309726,0.466188371181488,0.9768615961074828,-0.5014714598655701
1983-07-18,2.678334474563598,0.1026927605271339,3.070711851119995,1.9040337800979612,1.1201481819152832,3.355386018753052
1994-01-01,1.5231313705444336,-0.8617414832115173,0.2795245349407196,0.3367832899093628,0.6239376664161682,0.0146765224635601
1990-06-03,-1.8178809881210327,3.503645420074463,-3.6907646656036377,-0.9923990964889526,-4.2543110847473145,-2.045177698135376
2001-04-03,-0.9950991272926332,-0.319285899400711,-0.3554375171661377,0.1745198369026184,-0.7795463800430298,1.7623279094696045
1987-12-31,-1.3124048709869385,-2.899176597595215,-0.3667764067649841,0.6220204830169678,-0.3860374391078949,0.0545009598135948
2007-09-29,0.1035558357834816,-1.1669700145721436,1.1739155054092407,-2.0328619480133057,-0.8065836429595947,3.094476222991944
1994-04-17,-0.8645225167274475,3.684792280197144,-0.4974581599235534,-0.1436686366796493,-2.0371789932250977,3.120523452758789
1999-05-16,1.0942968130111694,-2.520958662033081,0.5511847138404846,-1.804419994354248,-2.445201873779297,-0.3408160209655761
1993-01-25,0.6547263860702515,0.7897323966026306,0.4380830824375152,0.6214525699615479,1.0055769681930542,-2.050081253051758
1986-01-30,1.2315486669540403,-0.6341569423675537,0.7001913189888,0.3056568801403045,1.2661608457565308,-0.2967984080314636
1982-08-18,-0.4577212035655975,1.188981056213379,1.600250244140625,3.093127489089966,0.4750887751579284,2.4628794193267822
2003-02-13,0.3808609843254089,-2.1398637294769287,1.365730881690979,0.6540353894233704,1.5733152627944946,0.3010295927524566
1988-01-27,-0.8952919244766235,-0.6302810311317444,0.2880891859531402,0.3514635562896728,1.1055525541305542,1.1999188661575315
1983-09-08,0.5269995927810669,0.4178484082221985,0.7011143565177917,-0.4151633381843567,1.730014443397522,-1.2864888906478882
1987-07-06,2.2812693119049072,0.2834886014461517,0.5335516333580017,-1.025346040725708,-0.0764619186520576,-1.2732611894607544
2000-04-27,-0.7114255428314209,0.8448283076286316,0.0892645195126533,-0.7334973812103271,-1.9927486181259155,0.3631415963172912
1996-02-21,-0.97987163066864,-0.6060277819633484,1.741264820098877,0.5727858543395996,1.4929732084274292,0.6977853178977966
1998-10-23,-2.61317777633667,1.2843667268753052,-1.3172377347946167,-0.465057224035263,-1.4708462953567505,-0.346746563911438
1987-05-19,-1.1056848764419556,1.199042558670044,-0.2387933135032653,-0.914405345916748,-1.1251945495605469,0.1991925090551376
1998-11-05,-2.1067018508911133,-0.8925845623016357,-0.3428434133529663,0.715011477470398,-1.4224287271499634,-0.4720463454723358
1986-11-18,-0.7821606993675232,-0.996035635471344,-2.3807365894317627,-0.9347129464149476,-1.9718270301818848,-1.593869686126709
1989-08-12,0.088220976293087,1.0441243648529053,2.7737576961517334,1.9549131393432615,0.8102909326553345,-0.1758544892072677
2005-01-09,1.004330039024353,-0.7059392333030701,1.5251061916351318,0.7186979055404663,1.6116544008255005,0.1199006512761116
1997-10-25,-1.357107639312744,-0.1680915206670761,-0.9646798968315125,-0.2839165329933166,-1.6843693256378174,-2.372184991836548
2007-10-28,-1.4570704698562622,0.5084812641143799,-0.4418836236000061,-0.8524977564811707,0.4671441912651062,0.6796112656593323
2003-07-18,0.1112750917673111,3.502670288085937,0.5449591875076294,3.5395641326904297,2.722709894180298,0.3818919658660888
1995-12-02,0.0007035993039608,0.4501188695430755,0.1630124896764755,-0.6465342044830322,-0.4756746888160705,-0.6376020312309265
1992-01-01,0.8122446537017822,0.6798880100250244,-1.1414355039596558,0.239114910364151,-0.4041855633258819,1.218619465827942
1997-08-05,-0.2354612350463867,-0.6191043853759766,0.3830647766590118,0.6716509461402893,1.243487000465393,0.3764355480670929
1999-09-02,2.7012298107147217,-0.501163125038147,2.520580053329468,0.3464632928371429,1.9728765487670896,0.7602622509002686
2005-12-18,0.6153827905654907,1.6371197700500488,1.3413161039352417,0.6424864530563354,1.4873837232589722,0.3742959797382355
1994-11-22,0.3010685741901397,-0.9592477083206176,-2.514132261276245,-0.8738512396812439,-0.23146353662014,-2.4427504539489746
1986-01-27,1.5646995306015017,-0.8402724862098694,0.0280794221907854,0.3914721012115478,1.1155623197555542,-0.370058000087738
1984-12-30,1.4439250230789185,2.580176591873169,0.0889192894101142,0.5626146197319031,0.8103240728378296,-1.5535355806350708
2003-01-12,0.6187520623207092,-1.211673617362976,0.1029598042368888,0.6571246385574341,1.5362932682037354,-1.3687313795089722
1999-09-10,3.2841482162475586,0.4583499729633331,4.246007442474365,-0.4662255644798279,3.2908172607421875,1.278705358505249
1998-04-23,-0.2418999224901199,-1.1276251077651978,-0.2731446325778961,0.0218704231083393,-0.3520340323448181,-0.3860310018062591
1992-12-05,-0.4171627759933471,-0.6251025795936584,-1.6778327226638794,-1.2818760871887207,-1.3863245248794556,1.0806641578674316
1984-12-12,1.864535570144653,2.5789060592651367,-0.953906774520874,-0.2444315701723098,-0.2519844472408294,-1.4001609086990356
1986-01-18,-0.1618381887674331,-1.4815386533737185,-0.3854521512985229,0.2425106912851333,0.5118946433067322,-0.7812870144844055
2000-04-22,-0.4719108939170837,1.8823541402816768,0.3468504846096039,-0.5881149172782898,-1.4220412969589231,-0.5860432386398315
1997-03-18,-0.0934472382068634,-2.3592758178710938,0.0978491455316543,0.5530484914779663,0.2083590626716613,1.9669722318649288
2007-03-08,1.554670810699463,1.6417827606201172,0.9674815535545348,0.6911206841468811,0.9812273383140564,0.5117557644844055
1989-04-05,-0.9158999919891356,1.529207468032837,-0.3025048971176147,-0.1587933003902435,-0.4753214418888092,-1.4637465476989746
1983-09-07,1.613262414932251,0.2376247942447662,-0.0202883761376142,-0.4448385834693908,1.920212745666504,-0.8388664722442627
1999-05-26,0.5300431251525879,-1.6344029903411863,-0.3812052011489868,-0.8801381587982178,-1.935062289237976,-0.6404361724853516
1984-11-07,0.0116046071052551,0.5311892032623291,-2.091776132583618,-2.090489625930786,-1.043848991394043,-2.87855863571167
2007-05-08,-1.724676251411438,-2.7252371311187744,-1.912856101989746,-1.4398820400238037,-1.38455331325531,1.5232665538787842
2000-06-19,0.8434544205665588,-2.0265140533447266,1.4267544746398926,-1.7940211296081543,-0.5180827379226685,-3.5090038776397705
2007-05-11,-1.968347191810608,-4.601486206054688,-1.6128870248794556,-1.3411685228347778,-0.3842333555221557,0.7635603547096252
2003-11-20,-0.6689326763153076,-3.509265899658203,-1.7541224956512451,-0.3438219428062439,-0.9414550065994264,-0.3427442610263824
2001-05-29,-0.2521635890007019,-3.552499771118164,-1.670774221420288,-0.6052197217941284,0.5930275321006775,4.426856994628906
2005-01-27,0.5220187902450562,-1.5762453079223633,0.9220923185348512,0.7672954201698303,1.3739606142044067,-0.0106625193729996
1998-10-03,-2.34073543548584,-0.8322644233703613,0.3860338032245636,0.9588879346847534,-1.5116838216781616,-0.9102567434310912
2001-09-03,-0.4330224096775055,0.1278398633003235,2.2311131954193115,2.004850149154663,0.4000278115272522,0.873484194278717
1993-02-03,0.5847862362861633,0.7744736075401306,0.3323954939842224,0.4694842994213104,1.3589357137680054,-1.7534103393554688
1993-09-12,-0.6905636787414551,-0.0417176559567451,-0.0571434162557125,-0.2596315443515777,0.1877465695142746,-1.1786075830459597
1983-11-05,-1.7496521472930908,0.5157920718193054,-0.4229006767272949,-1.814860224723816,-1.975063800811768,-2.7838947772979736
1997-11-16,-0.8255690932273865,1.1645549535751345,-0.4640707671642303,-0.9165391325950624,-0.90811687707901,-0.5112839341163635
1996-03-09,-0.5641563534736633,0.8782629370689392,1.598835825920105,0.4752880930900574,0.8421728610992432,0.7407697439193726
1996-07-23,-1.1784828901290894,-4.763607501983643,0.0086886072531342,0.6665981411933899,0.0431058295071125,0.3100282251834869
1982-04-21,-1.2995954751968384,2.2228188514709477,-0.7424412369728088,-0.6296459436416626,-1.6914268732070925,-2.398753881454468
1992-08-27,2.004058361053467,2.7066080570220947,0.5391324162483215,0.0338505692780017,1.4330778121948242,-4.264417171478272
1988-07-10,2.21946382522583,2.180215120315552,1.7467626333236694,0.7903763055801392,2.8468635082244877,2.0833261013031006
1991-09-01,-1.3447996377944946,1.05083167552948,0.4265233874320984,-0.1435695439577102,-0.8838385343551636,0.7565122246742249
2004-08-31,1.321224808692932,1.128811240196228,3.0805776119232178,1.606473088264465,1.5929021835327148,2.0702598094940186
1983-03-16,0.797374963760376,0.9146846532821656,1.168137788772583,0.6799063086509705,0.6921268105506897,0.6993069052696228
1986-04-16,0.8440583944320679,1.895051121711731,-0.371846854686737,1.100355625152588,-1.4325172901153564,-2.2382826805114746
1987-10-05,-2.7192471027374268,-0.5102035999298096,0.1240388378500938,-1.8773845434188845,-1.8250290155410769,-1.67353355884552
1998-05-31,-0.5100849866867065,-1.5044593811035156,-1.4207758903503418,-0.4238560497760772,-0.6259609460830688,0.0408644042909145
1988-08-26,1.0286425352096558,0.8129717707633972,1.798834204673767,2.1936354637146,1.842139720916748,-0.4710593223571777
1998-03-04,-0.3430874049663543,1.8797894716262815,1.6724176406860352,0.7511789202690125,1.2398706674575806,2.1436710357666016
2003-02-24,0.1299690306186676,-3.373064517974853,1.0516775846481323,0.767303466796875,1.3786687850952148,-0.286464124917984
2000-03-04,2.014031410217285,0.2602644562721252,3.732159376144409,0.5919680595397949,1.171312689781189,1.3320549726486206
2003-08-14,0.9924070239067078,2.991093635559082,1.4072470664978027,3.652666330337525,0.5328996777534485,2.7960352897644043
1981-09-16,0.9463678598403932,-0.4604317545890808,0.7719268202781677,1.7479194402694702,1.30704927444458,1.2755472660064695
1984-02-20,0.3939501941204071,0.320322722196579,1.2430084943771362,0.5409992337226868,1.5371055603027344,-0.1709968149662017
1984-03-21,0.606564998626709,-0.5892868041992188,0.7878210544586182,0.3130582273006439,0.2083590626716613,2.96697211265564
2000-08-13,2.31229829788208,-0.0710286945104599,2.76025390625,2.233142137527466,1.2250888347625732,1.7528880834579468
2005-06-07,-1.9527908563613887,-2.0459847450256348,-0.3447706699371338,0.0347863733768463,-1.4615815877914429,-0.2728732824325561
1991-07-19,1.1042214632034302,1.117485761642456,-2.741636276245117,-0.749001681804657,0.7867653965950012,-4.075771808624268
2002-08-22,4.583443641662598,0.0582564696669578,5.0420451164245605,1.275031566619873,3.900568008422852,0.1428302526473999
1984-11-13,-0.1700296401977539,0.1957344859838485,-0.0856278091669082,-2.3229072093963623,-0.8397135734558105,-1.1098579168319702
2000-06-13,0.6740558743476868,-2.023345470428467,-0.529998779296875,-1.7270023822784424,-1.1818522214889526,-2.088292360305786
1985-04-02,0.6072412729263306,-1.598367691040039,-0.1796857565641403,0.1998588293790817,-0.496504545211792,-1.1610416173934937
1984-05-26,-0.9660024046897888,-2.328755617141724,-0.9830561280250548,-2.093707799911499,-1.8787941932678225,3.6146399974823
1996-07-29,-1.2307758331298828,-1.422950029373169,-0.2166190892457962,1.5429328680038452,0.4770538806915283,1.946480393409729
2007-10-14,-0.9341294169425964,2.448906898498535,-1.6379495859146118,-0.5015825033187866,0.0102641601115465,3.2131502628326416
2004-04-28,-2.7950844764709477,-0.3892474174499511,-0.8742213249206543,-0.7790013551712036,-2.206984281539917,-1.079295039176941
2006-11-11,-0.0544423386454582,-2.336318254470825,0.2874718904495239,-0.6205917000770569,-0.299241304397583,2.9122605323791504
2000-03-02,2.598105907440185,0.6478738188743591,3.790466785430908,0.6193490624427795,1.1859461069107056,1.2138144969940186
1986-04-12,0.2391739338636398,-0.5985100865364075,0.0927731841802597,0.5095394849777222,-1.546431303024292,-2.775984525680542
2000-02-18,2.470402240753174,1.7549508810043335,1.6315723657608032,0.6639049053192139,1.530297040939331,1.7212815284729004
2001-01-31,1.7463923692703247,0.2812189161777496,1.065317153930664,0.827839195728302,1.7865525484085083,1.0741885900497437
1983-07-26,0.2468912303447723,-0.8762176632881165,2.807634115219116,1.4285645484924316,1.094393968582153,2.556337594985962
2003-09-03,1.196982502937317,0.7178362011909485,2.921115636825561,1.024839162826538,0.6500278115272522,1.5634866952896118
1993-08-22,0.7881280183792114,3.073068857192993,0.8751010894775391,3.220889091491699,1.7153323888778689,0.134966030716896
2000-11-17,0.1184480488300323,0.6464165449142456,0.0407187342643737,-0.4897391498088836,0.3790669739246368,3.2450802326202397
2002-10-10,0.7744702100753784,2.150947093963623,-1.183222770690918,-1.833267092704773,-0.6339653134346008,2.3006951808929443
2006-03-29,0.1235589981079101,-1.1522157192230225,-0.1450231075286865,0.2464150041341781,0.006605343427509,0.0402335859835147
1998-12-07,-0.7971788048744202,-1.6319525241851809,-0.5805550813674927,-0.1087594851851463,-0.7647798657417297,-1.8714754581451416
1992-08-24,-0.3565586507320404,3.2282698154449463,-0.4779439270496368,1.025031566619873,0.270563006401062,-1.827170968055725
2005-10-29,-1.048713445663452,-0.54815673828125,-0.7079159617424011,-0.3188993334770202,0.3457024991512298,1.772480845451355
1999-12-01,1.7306840419769287,1.810104250907898,-1.2369813919067385,-0.3165476322174072,-0.4056673645973205,1.4823931455612185
2004-11-27,-0.3249031603336334,-1.2536667585372925,-0.3569358289241791,0.5164023041725159,0.557674765586853,1.9003114700317385
1983-02-14,1.8847795724868772,1.07319974899292,1.0651161670684814,0.5082147121429443,1.543980360031128,0.9281052350997924
1987-05-02,-2.2078640460968018,0.9031162858009338,-0.5919187664985657,-0.7460154294967651,-0.6994892954826355,2.532323837280273
1984-06-26,0.8969100117683411,1.478961944580078,-0.6447362899780273,-1.6619938611984253,-0.1715011000633239,-1.6738293170928955
1998-12-30,0.3922311961650848,-1.1101205348968506,-0.0814379602670669,0.8491308093070984,0.7857863306999207,-0.8413780331611633
1996-09-04,-1.643013834953308,1.2178361415863037,1.0510900020599363,-1.035158395767212,2.3400301933288574,4.173502445220947
2001-02-27,0.341623991727829,-0.1562341004610061,1.2911416292190552,0.6778793334960938,1.308859944343567,-0.3946734070777893
1993-11-27,-0.5489663481712341,3.9102766513824463,-2.6468400955200195,-0.8697734475135803,-2.9920990467071533,-2.447134017944336
1992-12-15,-0.0734317526221275,-1.2746061086654663,-1.2598718404769895,-0.7033787965774536,-0.7746352553367615,-2.8653180599212646
1985-05-02,0.4721590578556061,-3.356863021850586,-1.8619078397750852,-0.7560251951217651,-1.9794880151748655,-4.417657852172852
2007-02-10,2.341116428375244,1.1444166898727417,1.5197354555130005,0.7631042003631592,1.7589446306228638,2.047360181808472
1996-07-14,-2.8516643047332764,-1.997313380241394,-0.2192966341972351,-1.2459601163864136,1.1201481819152832,1.3053982257843018
1996-03-11,-0.7881694436073303,0.1939300596714019,1.5538936853408811,0.446011483669281,0.7178980112075806,0.5512581467628479
1995-08-06,1.8645448684692385,1.3408870697021484,1.3430562019348145,0.4616595208644867,4.2034783363342285,-0.7335498332977295
1998-11-14,-1.848461627960205,-2.826331377029419,-0.5269227623939514,-0.7327268123626709,-1.085544228553772,-1.9960312843322756
1981-09-19,-1.053198218345642,-0.5284140706062317,1.1821045875549316,1.6863678693771362,1.4190328121185305,1.886742115020752
1994-07-22,2.3036556243896484,4.022266864776611,2.0783472061157227,-0.2985836267471313,4.498106002807617,-2.016216993331909
2005-10-22,-0.5305901765823364,1.3627605438232422,-0.1816119253635406,-0.0647327005863189,0.5618961453437805,3.9400594234466553
2007-04-17,-1.742982029914856,-2.53387451171875,-0.9269229769706726,-0.2134472876787185,-2.473632574081421,-0.980437397956848
1999-11-01,-0.249652087688446,1.6557762622833252,-3.37288236618042,-0.7148541808128357,-2.0250515937805176,-2.763905763626098
2001-07-21,0.036899771541357,-0.2462433278560638,-0.0023634727112948,0.138586476445198,3.0543854236602783,0.8163474202156067
1999-02-13,1.0917959213256836,3.2229669094085693,1.5538160800933838,1.0940778255462646,1.5524321794509888,4.664889335632324
2006-05-06,-0.0979570299386978,1.1801379919052124,1.4301016330718994,-0.9870209693908693,0.5706333518028259,2.6401734352111816
1990-01-26,0.2847007215023041,-0.0002761461946647,0.2280916273593902,0.3414537906646728,0.9755781292915344,-1.2200640439987185
1999-02-06,1.082572102546692,4.96448278427124,1.0504019260406494,0.8965820074081421,1.5124216079711914,1.0030680894851685
1992-06-01,-0.5800923109054565,-1.2344703674316406,-1.5907893180847168,-1.9138462543487549,-0.9859768152236938,-0.5291123986244202
1994-01-22,1.734921097755432,0.0228881146758794,0.8693563342094421,0.3193690180778503,0.8526698350906372,-1.0338610410690308
2002-07-30,2.710235834121704,-1.5896319150924685,0.9034096598625184,3.2322306632995605,1.411771297454834,-1.0984320640563965
1998-05-08,0.7020307779312134,-0.8798595666885376,-0.0199105180799961,-0.8670258522033691,1.4706271886825562,1.5801759958267212
2001-10-02,-0.3807133734226227,0.5277209281921387,-0.853956401348114,-0.3710986077785492,0.0083357030525803,0.059744469821453
2006-11-19,1.1810734272003174,-2.209247589111328,0.9458897113800048,-0.993846356868744,0.9685486555099488,3.0072617530822754
1986-04-03,0.7735528945922852,-1.9421937465667725,-0.3550145626068115,1.2764137983322144,-0.2733934223651886,-1.159748077392578
1982-10-22,-2.3317973613739014,-1.6253187656402588,-0.824955403804779,-1.9583739042282104,-2.1787712574005127,1.353808879852295
1995-07-06,3.285393714904785,2.411561250686645,-0.6410974264144897,-0.6070088744163513,1.768820881843567,-0.700996458530426
1983-08-01,1.2859625816345217,-0.0327399224042892,3.011258125305176,2.019669532775879,2.0934975147247314,2.4257640838623047
1987-09-12,0.520504891872406,0.2898075580596924,0.5913296341896057,0.598173975944519,0.1462492793798446,0.5574933290481567
1997-07-20,-1.3882114887237549,-2.5180888175964355,-0.2991912066936493,0.5050719976425171,2.0942189693450928,-3.4477219581604004
2004-02-01,0.6747825741767883,-1.7155166864395142,1.5024088621139526,0.4694842994213104,1.5689271688461304,0.896583616733551
2003-05-13,-1.2237598896026611,-1.2709800004959106,-2.487586975097656,-0.9587177634239196,-4.177822589874268,-0.9074054956436156
2002-06-11,0.1519873291254043,-0.9654600024223328,-1.0273369550704956,-2.355159044265747,-1.4292707443237305,-2.8388001918792725
1992-10-13,-2.0855438709259038,-0.5014102458953857,-3.625386476516724,-2.3202695846557617,-1.865923285484314,-1.9250601530075075
1992-08-09,-1.6240719556808472,2.264843702316284,-0.2067731171846389,-0.3132867515087127,-0.2063123732805252,-3.476964473724365
1991-12-22,0.1453815698623657,2.347111225128174,-0.8486863374710083,0.1724852323532104,0.2274044454097747,1.034299612045288
2002-07-23,2.04753851890564,0.0502055287361145,0.4415438771247864,1.1454461812973022,-0.3157746791839599,1.4648728370666504
1999-11-23,0.0068346639163792,0.1443064361810684,-1.9358229637146,-0.4362638890743255,-0.606522798538208,-0.933183252811432
1994-02-07,1.492575764656067,1.4244741201400757,0.8603994846343994,0.4466003477573395,1.4624338150024414,2.783066749572754
2004-06-07,-2.0627763271331787,-1.3559821844100952,-2.594770669937134,-0.9352148175239564,-3.3815951347351074,-3.0628819465637207
1981-12-13,-0.3054778575897217,-0.4510926306247711,1.436077356338501,0.3955525457859039,1.128020405769348,-0.260146290063858
2006-04-10,0.0346516370773315,-1.0867924690246582,0.6067941188812256,0.1537055969238281,-0.0937708392739296,0.5765135288238525
2007-01-02,2.816892623901367,-0.1663048416376114,0.661237359046936,1.2513749599456787,2.417224884033203,1.441622257232666
1989-10-27,-1.367117404937744,0.2619011402130127,-1.6946909427642822,-1.3939019441604614,-2.2343571186065674,0.6977917551994324
2005-09-13,0.4367920160293579,0.4915749132633209,1.3421082496643066,0.5463836789131165,1.4590413570404053,3.996727466583252
2004-08-09,1.2717779874801636,0.2307848334312439,4.07218074798584,4.950496196746826,1.9075191020965576,1.1417566537857056
2003-12-31,1.1530956029891968,-0.6341416835784912,2.489310503005981,0.5338879823684692,0.9301934838294984,2.550017833709717
1983-10-06,-2.069253206253052,0.0497939810156822,0.3340608179569244,-2.097385883331299,-1.5350509881973269,0.3564652502536773
2006-08-01,2.208163261413574,1.6148109436035156,1.7931840419769287,2.563065767288208,2.813060522079468,2.728652000427246
2006-03-11,0.361268401145935,-0.245935633778572,1.850169062614441,0.6828185319900513,0.6539942026138306,0.3359104990959167
1992-07-15,-1.2316691875457764,-1.667326807975769,-2.359280824661255,-0.8759649991989136,-0.7298579812049866,-5.244589805603027
2003-07-21,0.716892421245575,3.0837738513946533,1.9076402187347408,3.808569431304932,4.634402751922607,3.826357126235962
1994-09-16,-0.5132201910018921,-0.3384421765804291,1.8620972633361816,-1.5036345720291138,-0.8809549808502197,0.1867298483848571
2006-11-18,1.0733561515808103,-2.4608640670776367,0.8671486973762512,-1.082561731338501,0.8056115508079529,3.082861423492432
1987-01-15,0.4721748530864715,-0.0182972662150859,-0.3601964712142944,0.3982801437377929,0.4550961554050445,-0.5239301323890686
1984-03-28,0.8040536642074585,0.1125836968421936,0.867499053478241,0.1342461556196212,-0.4013517498970032,1.0923916101455688
2001-01-03,1.5368938446044922,-0.5662987232208252,0.0512520298361778,0.7813737392425537,1.4572333097457886,-0.0083899181336164
2000-02-16,2.5039660930633545,1.9403483867645264,1.6730316877365112,0.6709735989570618,1.5470848083496094,1.859001994132996
1987-02-22,-0.4689063429832458,-1.1248188018798828,0.3925262689590454,0.6888423562049866,1.5079632997512815,0.3102637529373169
1996-03-25,-1.1459280252456665,-2.057429790496826,1.2375246286392212,0.1342461556196212,-0.4113309979438782,1.8323818445205688
2005-07-26,-1.4740471839904783,0.4372613131999969,2.311276435852051,2.989670753479004,2.7834694385528564,1.6057872772216797
2003-12-28,1.140393614768982,-0.4392866492271423,0.736473023891449,0.6508395671844482,1.0357972383499146,3.9018900394439697
2006-04-18,-0.0112294964492321,-0.6185349225997925,-0.2863773703575134,-0.1212716251611709,-0.8415607810020447,1.167153239250183
1988-12-03,-0.3692915141582489,0.780105471611023,-1.9369935989379885,-0.3465464115142822,-1.235684514045715,-2.2876265048980717
1995-11-05,-0.1983868479728698,-0.0088193686679005,-1.3117773532867432,-1.080479860305786,-1.413844108581543,-1.738574504852295
1985-01-08,2.3427515029907227,2.227949619293213,0.1459701806306839,-0.1140873059630394,0.7755821943283081,-1.356068134307861
1989-07-17,-0.1976314485073089,0.6665773391723633,1.328340768814087,0.8355734348297119,1.840065360069275,-3.0593056678771973
1992-08-20,-0.710454523563385,2.703512668609619,0.5570415258407593,-0.539203405380249,0.6606256365776062,-2.667081832885742
1984-08-14,3.101794958114624,2.1707873344421387,3.49216365814209,0.9204972982406616,3.0475337505340576,2.071749210357666
1991-04-03,-0.6315478682518005,0.932763695716858,0.0276986584067344,-0.0878315418958664,-0.6222058534622192,0.7002127170562744
1988-06-30,-0.9619430303573608,0.5572489500045776,0.1510913372039795,-0.7255422472953796,-0.2812399268150329,2.0786287784576416
1994-09-24,-1.0427762269973757,-0.5481330752372742,0.1628212481737136,-0.0666167289018631,-1.9102630615234373,-0.743645966053009
2002-12-27,2.0176122188568115,-0.8291692733764648,-1.006760597229004,0.5920217037200928,0.7539466619491577,-2.9355196952819824
1998-04-30,-0.4650672972202301,-4.279231548309326,-0.7942347526550293,-0.7590123414993286,-0.7369831800460815,0.8306781649589539
1997-03-03,0.6581034064292908,0.2379006892442703,0.9504703879356384,0.7193551659584045,1.1559473276138306,-0.5661842823028564
1997-01-26,0.9840587973594666,0.5449957251548767,1.4613829851150513,0.548471212387085,1.7384538650512695,-0.0566866695880889
1991-05-13,-0.8087736368179321,2.3864200115203857,-1.4454952478408811,-1.4567489624023438,-0.9675641655921936,-2.8760907649993896
1982-02-05,0.0164118949323892,0.1512140333652496,1.185312271118164,0.837848961353302,1.6565476655960083,0.1041873171925544
1996-04-21,-1.2504847049713137,-1.514082908630371,-0.9672658443450928,-0.8696448802947998,-2.340611696243286,-0.116260826587677
2004-07-11,-1.0044574737548828,-2.980189323425293,0.0046464689075946,0.7532535195350647,0.5424620509147644,-1.4989129304885864
1994-03-02,0.9454537630081176,0.3598747849464416,0.5798258781433105,0.7927079200744629,1.2404422760009766,-0.960372269153595
1997-11-07,-0.8416134715080261,0.1113534048199653,-0.1423726081848144,-1.1130222082138062,-0.2383278161287307,-1.5070165395736694
1990-09-28,-0.6012431979179382,1.316876769065857,2.062164545059204,-0.6478875875473022,0.6638171076774597,1.784279227256775
1997-01-25,0.9851290583610536,0.9529709815979004,1.4206680059432983,0.5704206824302673,1.7182786464691162,0.2322123944759369
1999-03-16,-0.1067535355687141,2.204110145568848,2.2732255458831787,0.585801899433136,0.3955344259738922,3.2868940830230717
1993-01-09,0.3536902368068695,-0.6647581458091736,0.1319751888513565,0.015475801192224,0.5382022261619568,-0.8441435098648071
1988-01-03,-1.6568613052368164,-2.821732997894287,-0.3304608166217804,0.6668003797531128,-0.1960696429014206,0.0646948367357254
1995-07-25,0.9975507259368896,-0.1297871470451355,0.2415316700935363,1.7654718160629272,4.194235324859619,-3.8251357078552246
1986-03-06,3.0681071281433105,-0.1721029728651046,0.2604679465293884,1.0693612098693848,1.1559473276138306,-0.096183031797409
1992-12-28,0.163926288485527,-0.9198234677314758,-0.1910794973373413,0.2026292830705642,-0.0196930188685655,-0.9135515093803406
2002-02-22,1.077104568481445,-1.868031620979309,0.3242067694664001,0.8485520482063293,1.4422156810760498,0.0716410353779792
2006-07-09,2.4836037158966064,2.727069616317749,2.427105188369751,-1.0360621213912964,2.58373498916626,1.0452845096588137
1988-12-23,0.3645694553852081,-2.237753868103028,-0.7777776122093201,0.1053694933652877,0.0226445533335208,0.8861339092254639
1995-12-14,0.5130941271781921,-0.4431554079055786,-0.5756629109382629,-0.688997745513916,-1.4297165870666504,-1.7598117589950562
1999-01-09,0.6650987863540649,3.415835380554199,0.0011437706416472,0.3372659385204315,0.938185453414917,-1.125232815742493
1998-05-04,-0.4612956941127777,-1.7650134563446045,0.4157344400882721,-1.1450625658035278,0.5761914849281311,2.3462438583374023
1993-02-21,0.3801137208938598,1.1439722776412964,0.761284351348877,0.5628066062927246,1.4929732084274292,-1.6422110795974731
1998-12-03,-0.6943358182907104,-1.8465629816055296,-0.5374011397361755,-0.1299551278352737,-0.6119523644447327,-2.215405941009521
2004-01-01,1.2420612573623655,-0.9073521494865416,2.3978936672210693,0.5803540349006653,0.9945003986358644,1.9546563625335691
2000-04-03,1.0648983716964722,2.3206982612609863,1.5045478343963623,-0.0655009150505065,-0.7695671319961548,-0.2176830917596817
2005-02-24,-0.1511239856481552,2.107271194458008,2.287076711654663,0.7851885557174683,1.3479846715927124,1.2622555494308472
2003-02-05,1.062583088874817,-2.5655159950256348,1.2303946018218994,0.7765868902206421,1.5824289321899414,-0.2569111883640289
2007-12-25,-0.0260456409305334,-0.7798088192939758,-1.1910794973373413,0.1426012068986892,0.3803313970565796,0.01644117385149
2005-09-21,0.2272128015756607,-0.4181281924247741,0.7428078055381775,0.3233673870563507,0.3397369384765625,3.8363406658172607
1986-01-20,0.202414333820343,-1.145639181137085,-0.5104132294654846,0.1547287851572036,0.6182606220245361,-0.6278966069221497
2007-01-19,2.7149016857147217,1.3928831815719604,1.479341745376587,0.9593836665153505,2.462655067443848,0.8461133241653442
1988-06-17,-1.5091477632522583,-0.1816785037517547,-0.5555244088172913,-1.4024255275726318,-1.8162771463394165,0.5573997497558594
1989-09-18,-0.659871518611908,-0.7917335033416748,-0.710186243057251,0.1977709531784057,-1.9723771810531616,-0.1232944577932357
1982-04-01,-0.4496614038944244,0.015694523230195,0.0151565922424197,0.4041792750358581,-0.5184561610221863,-0.1276198923587799
1998-09-26,-0.6012431979179382,-1.223131775856018,-2.027831792831421,1.4721075296401978,0.0137926703318953,-0.8657147288322449
1997-01-06,0.3374991714954376,-0.6887121200561523,0.9893468022346495,1.0497809648513794,1.0418645143508911,-0.1345850676298141
1986-10-15,-2.1055328845977783,-1.3714053630828855,-2.545399904251098,-2.3102903366088867,-3.1459221839904785,-2.6950795650482178
2006-06-13,-0.2191392481327057,-0.4216992557048797,-0.3155036270618438,0.6275731921195984,0.2937082350254059,1.3973960876464844
1987-12-12,-1.015469312667847,-0.3910950720310211,-1.023914098739624,-0.304429143667221,-0.6019905805587769,0.4698341786861419
2007-11-18,-1.2266316413879397,0.259137213230133,0.1771462261676788,-0.2125666141510009,-0.2543860077857971,1.4028687477111816
1984-05-05,-2.0017759799957275,-0.9959062337875366,-0.3121799528598785,-1.4962186813354492,-1.7941375970840454,5.404984951019287
2003-08-18,1.3495430946350098,3.733511447906494,2.847050189971924,3.740795373916626,0.1906244158744812,1.8829363584518437
1991-02-19,0.2180316597223281,0.7833453416824341,0.698399543762207,0.5979504585266113,1.530032753944397,-0.8791227340698242
1992-12-19,0.0849108770489692,-0.8648087382316589,-1.0429279804229736,-0.3045609891414642,-2.077637195587158,-1.8107339143753047
1985-05-12,-0.1510480493307113,-3.947310447692871,-2.7209742069244385,-1.333318829536438,-2.701812744140625,-2.357961893081665
1994-03-01,0.9716289043426514,0.4237524569034576,0.6311379671096802,0.8178634643554688,1.278861165046692,-1.3346757888793943
1985-12-09,-0.3435555696487427,-2.272778272628784,-2.409393310546875,-1.0062618255615234,-0.8676789999008179,-1.797333002090454
2006-12-27,2.4203922748565674,0.100721888244152,1.0064620971679688,0.5508639812469482,2.845794677734375,1.8718912601470947
1995-05-14,-1.818353295326233,-3.6114654541015625,-1.4729028940200806,0.5288266539573669,-1.3642443418502808,-1.61644446849823
1983-09-04,1.75219464302063,0.1854218244552612,-0.3910101950168609,-0.2079061418771743,0.6158514618873596,0.142958715558052
1985-07-16,0.4655437171459198,1.9398239850997925,0.8746415972709656,0.3332706093788147,1.7424437999725342,-0.2489129602909088
2000-11-30,0.1706865131855011,-0.3998872339725494,0.3030271232128143,-0.2365305423736572,0.2343167513608932,-1.0476056337356567
2000-11-19,0.1933513134717941,0.489148199558258,-0.1028525531291961,-0.472545862197876,-0.6843786835670471,2.6828675270080566
1982-01-02,0.3103765249252319,-0.2392744421958923,0.386466920375824,0.3908603489398956,1.4158021211624146,-0.49810391664505
1993-05-10,-1.5710614919662476,2.882676124572754,-2.520992517471313,-1.713323712348938,-1.7918089628219604,-0.4179595112800598
1999-11-22,-0.2810829877853393,-0.7175381183624268,-2.065101861953736,-0.5150615572929382,-0.7888196706771851,-0.4981085360050201
1991-07-16,-0.6916606426239014,1.992676854133606,-2.809293031692505,-0.5459479093551636,-0.0198665224015712,-4.014609336853027
1999-07-24,0.8475568294525146,0.0602152943611145,1.8515475988388064,0.7754510641098022,3.44423508644104,3.0348801612854004
1985-03-07,0.5669162273406982,-0.8402117490768433,1.0024347305297852,0.7411691546440125,1.1098963022232056,-0.356329083442688
1984-12-19,1.4518930912017822,3.081232070922852,-0.5900707244873047,0.0267731044441461,0.1715901046991348,-2.4673311710357666
1985-03-02,1.7361083030700684,-1.4137749671936035,0.890234112739563,0.612028956413269,1.3147121667861938,-0.5204565525054932
1987-09-22,0.5295947194099426,1.0262693166732788,0.5156638026237488,0.517533004283905,-0.8831285238265991,0.8151941895484924
1999-05-05,-0.0520503781735897,0.6795579195022583,-1.0318148136138916,0.129945233464241,-0.6444994807243347,2.2007553577423096
1981-10-15,-2.155522584915161,-0.4290394484996795,-0.2532301545143127,-0.663284182548523,-2.583946943283081,-0.4593144953250885
1996-12-02,-1.3517282009124756,-2.748143196105957,-0.0871391519904136,-0.5881733298301697,-0.0784262716770172,1.6684952974319458
2005-07-07,1.7163704633712769,-0.7717819809913635,1.485442280769348,2.2975175380706787,2.003690004348755,0.2630996108055115
1996-08-10,0.1982063204050064,2.1341207027435303,2.9737393856048584,2.6849241256713867,2.47029447555542,2.264147996902466
1987-06-09,0.3257814645767212,-0.3938922584056854,-0.8088028430938721,-1.873057007789612,2.305616855621338,-1.7855103015899658
1991-06-22,0.2234592735767364,-5.716516494750977,-3.1232333183288574,-2.5940394401550293,1.0419148206710815,-2.2490246295928955
2006-02-17,1.2611045837402344,0.985166609287262,2.002511739730835,0.8188472390174866,1.7479535341262815,0.5502539873123169
1999-03-03,0.4481119513511657,1.937882423400879,1.6704715490341189,0.7293649315834045,1.1559473276138306,3.3437888622283936
1990-11-30,-0.2528837323188782,0.0343365520238876,-1.306920886039734,-0.8122534155845642,-1.4216736555099487,-1.1956291198730469
1999-06-22,3.495020627975464,-1.5967687368392944,2.9749178886413574,2.130222797393799,3.541409730911255,0.3573105931282043
1982-11-02,-1.9946858882904053,-0.0642112717032432,-2.484785795211792,-1.6357020139694214,-1.0107496976852417,2.737566947937012
2001-02-23,0.6393846273422241,-0.4248502552509308,1.184069037437439,0.7784353494644165,1.4567433595657349,-1.016680121421814
2001-12-21,1.4430887699127195,0.3868250846862793,0.3823182880878448,0.3977873921394348,0.7463552355766296,1.357521414756775
1989-07-24,1.8768961429595947,0.9837676882743835,1.3976304531097412,0.3885864615440368,1.774386644363403,-0.4836404025554657
1999-02-01,0.9063960313796996,1.881224989891052,1.115304946899414,0.817859947681427,1.4465562105178833,-0.2358090281486511
1990-10-28,-0.3127559721469879,3.3018059730529785,0.6034850478172302,-1.6525615453720093,-1.8597400188446045,0.6064230799674988
2000-03-05,1.909487009048462,0.1893564462661743,3.5396716594696045,0.5718035101890564,1.1102306842803955,0.9789489507675172
1993-04-14,-2.335934400558472,6.395051002502441,-0.261861503124237,-0.0496383160352706,-2.262503862380981,-3.638307094573975
1995-02-28,-0.2338929176330566,1.8162360191345213,1.140234112739563,0.702025294303894,1.3147121667861938,-1.0604650974273682
1998-03-16,-0.4367706179618835,1.6941004991531372,1.5132464170455933,0.655809223651886,0.5055197477340698,1.7968733310699463
2000-12-21,0.7430766224861145,-0.6231846809387207,-0.4476988017559051,0.0777800604701042,1.5263540744781494,0.1975177526473999
1984-07-04,1.5811394453048706,0.5286611914634705,-0.4169101119041443,-1.291174292564392,1.1660162210464478,-0.5025720596313477
2002-04-17,0.8642321228981018,3.4299123287200928,-0.1789406985044479,-0.8562385439872742,-1.6769007444381714,-0.1290584504604339
1994-12-21,0.8453632593154907,-0.3628802895545959,-0.7187119722366333,0.0524901188910007,0.1273983418941497,-1.565706491470337
1994-06-09,-0.3569307625293731,0.8744806051254272,-1.8064355850219729,-1.4980744123458862,-2.200189113616944,-4.09721040725708
1984-09-23,-0.950785219669342,-1.421747803688049,-1.518149733543396,-0.2273838073015213,-2.145639657974243,0.0208644159138202
1989-09-16,-0.1649639010429382,-0.9737772941589355,-0.2634536325931549,1.00592839717865,-2.2072603702545166,0.7282097935676575
2006-03-09,0.5018391013145447,0.0139068672433495,1.9338985681533811,0.585995614528656,0.7578760385513306,0.5512581467628479
2002-03-28,-0.010503439232707,4.484279155731201,0.2637182176113128,0.3324265480041504,-0.4115048944950104,0.616334080696106
1983-07-20,3.287677764892578,-1.218511700630188,2.7575409412384038,1.6478900909423828,0.9222691059112548,3.0669679641723637
2002-01-09,1.8553133010864256,0.2254479527473449,1.0388641357421875,0.6583371162414551,1.4460257291793823,2.612798929214477
1987-01-28,0.8251253962516785,0.2129807323217392,0.1606581956148147,0.5204023718833923,1.0482652187347412,0.7222026586532593
1997-10-11,-1.2755175828933716,-0.1690601855516433,-0.6432142853736877,0.1567231267690658,-2.013970136642456,-0.7993108034133911
1996-08-21,0.7981377840042114,1.8530675172805784,2.455118179321289,1.2308987379074097,2.925323724746704,2.2249624729156494
1989-04-27,-1.5970715284347534,1.7256022691726685,-1.4744117259979248,-0.7987639307975769,-1.8075534105300903,-1.979627013206482
1988-03-14,0.1473505198955536,-0.3053165972232818,1.058121919631958,0.5398916602134705,0.6521487832069397,0.6493191123008728
1995-06-30,1.2948611974716189,-0.7530141472816467,-2.0926878452301025,-1.1646455526351929,3.0260021686553955,-2.0990991592407227
2000-04-06,0.9393140077590942,1.8484430313110352,1.3248389959335327,-0.3101944625377655,-0.9027075171470642,0.183025524020195
1988-11-15,-1.134428858757019,-0.7663108110427856,-0.152530550956726,-0.9005904793739319,-2.249253511428833,0.6922591924667358
2002-07-24,1.774977684020996,0.1151618286967277,0.236197143793106,0.7952020764350891,-0.4021824598312378,1.300825595855713
2007-11-21,-1.06314218044281,0.4543344974517822,-0.9358230233192444,0.05375687032938,0.0334613509476184,0.946821630001068
1993-11-08,-1.7416073083877563,3.3913826942443848,-1.0123677253723145,-1.7130283117294312,-2.32832407951355,-1.6270116567611694
1991-09-24,-1.0369460582733154,-0.7739565968513489,-2.059577226638794,-1.3144338130950928,-2.5141756534576416,-2.05353045463562
1993-12-28,1.7439433336257937,-0.6998222470283508,-0.0210660640150308,-0.007392690051347,0.6403106451034546,0.1564558148384094
1992-08-31,-0.484814316034317,4.030842781066895,0.0165197253227233,-0.4235683083534241,-0.5438421964645386,-2.85347318649292
1992-05-16,-1.9795502424240112,0.0492099672555923,-1.7029283046722412,-2.0664894580841064,-2.7614846229553223,-3.4488890171051025
1981-09-28,-0.9570786952972412,-2.251037120819092,-0.8827594518661499,-0.2779334485530853,-0.3242887556552887,-1.5824004411697388
1988-04-01,0.8972498178482056,-0.6383762359619141,1.1203325986862185,0.3698417544364929,0.243485689163208,2.688964366912842
2003-04-01,-0.8480348587036133,2.5365583896636963,-0.021455343812704,0.327073186635971,-1.0228289365768433,0.7588794827461243
1987-07-08,2.215386390686035,-0.518431544303894,-1.8610986471176147,-0.5170125365257263,1.378836750984192,-1.6609879732131958
2006-07-14,1.267658233642578,0.9915102124214172,2.2475311756134038,0.0979022458195686,2.992276430130005,2.7269411087036133
1985-01-16,1.608742356300354,1.498348355293274,0.6529781222343445,0.2171222269535064,0.8862993717193604,-1.0687435865402222
1995-08-11,3.2282052040100098,0.5341145992279053,1.743728518486023,1.4349241256713867,5.300281047821045,-1.0558593273162842
1988-04-12,-0.7977842688560486,0.1764381825923919,0.6591370105743408,-0.1717039495706558,-1.2006781101226809,1.222686767578125
1990-06-23,0.8938774466514587,-0.6319321990013123,-2.6245715618133545,-2.287122964859009,0.9559037685394288,-3.481090784072876
1989-02-02,0.6664601564407349,-2.5233192443847656,0.2162196040153503,0.6852556467056274,1.301583766937256,0.2904877960681915
2003-05-05,-1.3834222555160522,1.1236151456832886,-1.830278754234314,-0.6453870534896851,-2.245696783065796,-0.1054388284683227
1992-09-14,-2.065105438232422,1.8922343254089355,-0.3368588387966156,-0.0135547118261456,-0.2912670373916626,-2.3188564777374268
1993-01-31,0.8250124454498291,0.3108508586883545,-0.0548455007374286,0.521751344203949,1.2640554904937744,-1.0844495296478271
1994-07-23,2.7868998050689697,4.373782157897949,3.507646322250366,1.0185914039611816,5.144381999969482,-1.403653860092163
1998-03-08,-0.6346167922019958,2.3633573055267334,1.48798930644989,0.9884508848190308,0.9606591463088988,1.898301124572754
1997-04-15,-1.030522704124451,-2.634167432785034,-0.9940072894096376,0.0016736269462853,-1.3942503929138184,-0.9713297486305236
2002-01-23,2.184725046157837,0.7397446036338806,1.288089156150818,0.7514574527740479,1.6255720853805542,0.579923689365387
1991-03-13,0.1818317919969558,1.5639251470565796,0.6138912439346313,0.735989511013031,0.7178980112075806,2.321277618408203
1987-07-23,2.691805601119995,2.0119099617004395,1.720797777175903,-0.3349243700504303,4.784221172332764,1.4622818231582642
1992-03-23,-1.91563618183136,0.3381218612194061,0.3415679037570953,0.3363389074802398,-0.1328029185533523,-0.3400681316852569
1993-02-07,0.8225623369216919,0.5044912099838257,0.5403921604156494,0.4665893614292145,1.4624338150024414,-1.7969197034835815
2000-05-25,-0.5499434471130371,-1.6344029903411863,-0.8512064218521118,-0.6001393795013428,-2.2650792598724365,0.2195491641759872
1999-10-02,0.0107333986088633,-0.6201889514923096,1.224044919013977,0.2625995576381683,1.2249587774276731,0.93645179271698
2001-09-04,-0.1776191890239715,0.4194485247135162,2.8047189712524414,1.9055179357528689,0.0923303067684173,1.3073477745056152
2007-05-20,-2.328246593475342,-2.8271000385284424,-1.5841864347457886,-2.144947052001953,-2.3959901332855225,-1.2008357048034668
1992-06-15,-0.6059429049491882,-0.5433345437049866,-0.0400085188448429,-2.2570011615753174,0.1881429105997085,-0.1482900083065033
1994-10-21,-0.8753253221511841,0.4740206301212311,-3.33606505393982,-0.9527568221092224,-2.322929620742798,-1.5314037799835205
1996-09-09,0.520504891872406,-0.4901912212371826,0.8313198685646057,-0.581849217414856,2.146249294281006,3.197477340698242
1991-07-13,-1.7164084911346436,0.0670659989118576,-3.082904577255249,-1.0560511350631714,-0.0962576195597648,-4.854709625244141
2002-07-03,1.1728184223175049,1.20710551738739,-0.5844032764434814,-0.811489999294281,1.9401935338974,1.3124935626983645
1992-01-02,0.063139870762825,1.5282732248306274,-1.000474214553833,0.226797953248024,-0.3260745406150818,1.134671688079834
2000-04-04,0.4943717420101166,2.1210670471191406,1.4997916221618652,-0.1029692068696022,-0.6855613589286804,-0.2128477394580841
1989-03-01,-0.1039185523986816,-0.0637688413262367,1.180242657661438,0.652037501335144,1.3147121667861938,-0.2404577732086181
2005-02-11,-0.0581979863345623,0.8329522609710693,2.153791666030884,0.6640851497650146,1.5524321794509888,1.1948881149291992
1990-08-20,0.8527505993843079,1.0058339834213257,3.091320753097534,1.307253360748291,0.1422216892242431,2.224050045013428
1996-03-19,-0.5091639757156372,-0.8879590034484863,1.5069291591644287,0.2902679145336151,0.1263829916715622,0.064849279820919
2003-09-20,3.080352783203125,3.651520013809204,0.4001035690307617,0.0986493602395057,-0.2559635639190674,0.0979711189866066
1996-05-09,-1.4310468435287476,0.7926796674728394,-1.300991415977478,-1.403326153755188,-3.071807861328125,3.832040548324585
2003-01-21,0.1996049880981445,-0.4803150594234466,0.4074000716209411,0.820930004119873,1.4427509307861328,-1.5881327390670776
1983-02-21,1.258009672164917,2.1533403396606445,1.258397102355957,0.5679516792297363,1.530032753944397,0.3408784568309784
2003-04-12,-1.0459257364273071,0.0050669577904045,-0.451863944530487,0.1703629046678543,-1.8325111865997317,4.431700229644775
2001-03-30,-0.8164434432983398,-0.4622132778167724,-0.2150304317474365,0.3464211225509643,-0.513414204120636,3.130260467529297
1991-07-03,0.0611504837870597,-2.8413338661193848,-4.116922378540039,-1.921179175376892,-1.8939813375473025,-5.592568397521973
2003-01-04,1.8727502822875977,-0.7520614862442017,-0.7440444827079773,0.6759212613105774,1.275582194328308,-1.536060810089111
2006-03-17,0.3108433187007904,0.5120348930358887,1.6969316005706787,0.5402678847312927,0.2163793295621872,1.0848382711410522
1996-08-11,0.2217901796102523,2.5807909965515137,2.272162437438965,2.550502061843872,2.3075129985809326,3.951754093170166
1991-07-02,0.2325333505868911,-3.1025466918945312,-4.255380630493164,-1.923222064971924,0.4050978422164917,-5.826165676116943
2004-02-15,1.1939685344696045,-2.5796711444854736,2.073025703430176,0.8609760403633118,1.5671043395996094,-0.0009833824587985
1997-03-06,0.4694845676422119,0.4093576669692993,1.05966055393219,0.6617998480796814,1.0102550983428955,-0.4110656678676605
1990-09-14,0.326342225074768,0.6295645833015442,1.8519134521484373,0.2079413831233978,0.077068842947483,-1.4944417476654053
1993-12-24,1.8608328104019165,-0.7192376852035522,-0.328486680984497,-0.310261994600296,0.4784559309482574,-0.1516290307044983
2004-11-12,-1.06846284866333,-3.046332597732544,-1.1769165992736816,-0.3027341663837433,-0.705539345741272,2.1739821434021
1988-05-10,-0.9879716634750366,-1.2498546838760376,-0.2898995280265808,-0.6170258522033691,-1.4993740320205688,1.0101686716079712
1984-04-08,0.3343680799007416,-2.3589439392089844,1.3097891807556152,-0.2029447853565216,-0.6955711245536804,-0.8028441071510315
2005-09-08,1.7441396713256836,0.7683475613594055,4.056005001068115,0.1437902897596359,4.0008087158203125,3.188709020614624
2000-03-01,2.9076151847839355,0.7445992827415466,3.316254138946533,0.6265297532081604,1.2494548559188845,0.92246013879776
1982-02-16,0.1411042660474777,-0.5755845904350281,1.3297330141067505,0.8031127452850342,1.5789214372634888,1.1873749494552612
1988-05-22,-1.5031589269638062,-0.7142035365104675,0.0725909397006034,-0.537672221660614,-0.7496569156646729,0.6972697377204895
1986-03-25,0.7043588757514954,-0.9518867135047911,0.3115691244602203,0.6663254499435425,-0.1328029185533523,0.499928206205368
1987-10-06,-2.860724449157715,-0.3322644233703613,0.1660325974225998,-1.891118168830872,-1.7516740560531616,-1.6202481985092163
1987-12-27,-0.8521645665168762,-0.4458871483802795,-0.7301741242408752,0.3812303841114044,0.5789567828178406,-0.101271815598011
1994-01-27,1.5840649604797363,-0.5249810814857483,-0.1386231184005737,0.2684724330902099,1.0884599685668943,0.193313330411911
2007-11-01,-1.669463276863098,-0.7145170569419861,-1.2197918891906738,-0.8456282615661621,-1.8547927141189573,-0.4044058620929718
1995-08-26,0.8454930186271667,1.4090934991836548,1.8078821897506716,-0.106779858469963,-0.1237058192491531,-1.313464641571045
1983-08-05,0.8980234265327454,-0.3561017513275146,2.8913686275482178,-2.131779670715332,0.1129515841603279,1.6159965991973877
1981-12-25,-0.175408586859703,0.0122461831197142,0.8022394776344299,0.555351197719574,1.4226384162902832,-0.7238514423370361
1985-11-25,-0.0211037453263998,-0.2075283378362655,-2.3551104068756104,-1.245072603225708,-1.358826994895935,-2.4080817699432373
1999-01-29,0.6620334386825562,3.2937498092651367,0.7720984220504761,0.8172832131385803,1.4239789247512815,-0.2106747329235077
1985-11-15,-0.5100290775299072,-0.2259845733642578,-1.2275240421295166,-1.0982292890548706,-1.6128727197647097,-2.3089423179626465
1983-08-14,0.1682075411081314,-0.6858866214752197,1.623733401298523,-0.9850893616676332,0.8702884912490845,0.774157702922821
1989-06-17,-0.5591661334037781,0.8183214664459229,-0.5455146431922913,-1.3624475002288818,-1.5862966775894165,-1.982608795166016
1981-12-01,-0.7809095978736877,-1.8976978063583372,-0.2169026434421539,0.3589931428432464,-0.5816208124160767,0.118539847433567
1998-07-05,-0.2446354627609253,-1.228422999382019,-0.9610742330551147,0.432999700307846,1.068839192390442,2.5890121459960938
2005-02-04,0.4825660288333893,-0.6755014657974243,1.2404043674468994,0.6366027593612671,1.4924325942993164,-0.1669148653745651
1999-07-18,2.382114887237549,-0.8854725956916809,2.390833139419556,1.474865436553955,2.59358024597168,1.1525386571884155
1981-09-18,0.5850360989570618,-0.2537761032581329,1.2365463972091677,1.615944266319275,1.4727323055267334,1.2182306051254272
1993-02-01,0.3364736139774322,0.4366721510887146,0.0962244868278503,0.4952532052993774,1.301583766937256,-1.8394865989685056
2007-09-25,-0.2911555767059326,0.6577093601226807,0.8225937485694885,-1.4065794944763184,-1.2241491079330444,2.629647254943848
1985-09-20,-0.8049399256706238,-0.1237288117408752,-0.0803519561886787,1.2200936079025269,0.1184863001108169,-1.831904411315918
1986-05-12,-1.1310590505599976,2.112687110900879,-0.840969443321228,-0.7433224320411682,-0.7318114042282104,0.4720246195793152
1991-11-30,-0.8228605389595032,0.5743451118469238,-0.5569209456443787,-1.0522741079330444,-0.5116699934005737,0.5743904113769531
2007-08-16,0.2227457463741302,0.8858084082603455,0.7313048243522644,0.0972618609666824,1.2022192478179932,1.6740622520446775
1998-04-28,-0.8414304256439209,-1.925191164016724,-0.9607537984848022,-0.5535047054290771,-1.4927486181259155,1.093152642250061
1986-04-01,0.7195075750350952,-0.1857344508171081,-0.3962854444980621,1.4524521827697754,-0.1515256613492965,-1.263640284538269
1994-06-12,-2.043361186981201,4.064050674438477,-2.240278005599976,-2.0688064098358154,-2.341163396835327,-3.4937148094177246
1999-12-07,2.0028090476989746,1.8580377101898196,0.6194266080856323,-0.1187692508101463,0.1352140307426452,0.6085050106048584
1990-04-02,-0.5864629745483398,0.7778074741363525,-0.1150243356823921,-0.0335837677121162,-0.563401997089386,-1.989765167236328
1997-03-09,0.8658668398857117,0.1582617312669754,0.538838267326355,0.6352612376213074,0.8421728610992432,-0.3992144167423248
2003-10-07,0.1617723554372787,0.5741894841194153,3.0333521366119385,1.7719602584838867,-0.5889824628829956,2.164971113204956
2002-08-17,3.362760305404663,-1.5641733407974243,3.621319532394409,2.777254581451416,4.162241458892822,-1.1059365272521973
1985-08-28,1.645511269569397,0.6190849542617798,-0.3921299874782562,1.6932384967803955,2.8162965774536133,-1.313464641571045
1988-11-07,-1.4367188215255735,0.3373959064483642,-0.0328458659350872,-1.134994626045227,-2.622440814971924,3.387969493865967
1997-03-11,0.361824482679367,-0.136087030172348,0.4638973474502563,0.696011483669281,0.7178980112075806,-0.4887198805809021
1999-04-09,-0.3908309638500213,3.7414863109588623,0.5427854061126709,-0.0704776048660278,-1.356428861618042,0.8639994859695435
2003-01-19,0.1688375473022461,-0.53505939245224,0.469518631696701,0.7569605112075806,1.3801571130752563,-0.7007424235343933
1996-01-17,-0.4090513586997986,-0.1680452525615692,-0.2870864272117615,0.6490164399147034,1.0262478590011597,-0.3390693962574005
1982-06-18,-1.245957612991333,-4.243346691131592,-1.07000732421875,0.0030086508486419,0.6481343507766724,-2.108281373977661
1998-06-12,-0.0880334228277206,-1.845464825630188,-1.1573418378829956,-0.5251724720001221,0.8107194304466248,1.1711790561676023
1993-04-28,-2.4557881355285645,1.9358062744140625,-0.7907263040542603,-0.2314224988222122,-2.046797513961792,-2.006906509399414
1994-07-11,3.804409980773926,5.087183475494385,2.125533103942871,-0.4146116077899933,2.562628746032715,-3.1162564754486084
1986-01-02,0.8222239017486572,0.2698843479156494,-1.2114123106002808,0.0291234571486711,-0.0442002229392528,-1.361367106437683
1990-05-11,-1.3510602712631226,-0.0873252004384994,-2.260982751846313,-1.243322491645813,-1.8317869901657104,-2.71797776222229
1986-07-24,1.7436580657958984,0.5022779107093811,-0.1916418522596359,-0.3385921716690063,1.9381083250045776,0.2237733602523803
1991-09-07,-1.787635087966919,-0.6105502843856812,-0.895293116569519,-2.094482183456421,-0.2076574862003326,-0.0626473054289817
1999-12-26,1.3094019889831543,2.558852434158325,0.2635671496391296,0.5026660561561584,0.4449227750301361,-0.4122174084186554
2001-10-12,-0.7243839502334595,0.3272092640399933,0.114079400897026,-1.4965897798538208,-0.3364562392234802,-1.2396994829177856
1997-05-23,-1.7860097885131836,-2.698750734329224,-2.93306827545166,-1.503680944442749,-2.2887978553771973,-1.2053672075271606
1991-07-11,-0.8536369204521179,-1.5217819213867188,-3.2845468521118164,-1.1924726963043213,0.1137057542800903,-5.046897888183594
1991-01-11,1.19509756565094,2.235842704772949,-0.4088293612003326,0.4272622764110565,0.668196439743042,-0.6452217698097229
1995-10-07,-0.8471278548240662,-0.8016814589500427,-0.976956307888031,-0.9575501680374146,-0.9411063194274902,-2.242835283279419
1998-02-19,-0.6088904738426208,0.1951885670423507,0.8225189447402954,0.9488521218299866,1.5179425477981567,1.570273518562317
2004-06-21,-2.1630876064300537,-1.521038055419922,-1.1847448348999023,2.0680172443389893,-1.4015121459960938,-3.0538341999053955
1984-04-05,0.8519773483276367,-0.9234331250190736,1.6985459327697754,-0.1029194965958595,-0.4428423345088959,-1.4111340045928955
1993-02-25,0.1893724054098129,1.5051729679107666,1.184069037437439,0.5684438943862915,1.4067555665969849,-1.306688666343689
1993-08-04,-0.1018342971801757,2.5448036193847656,3.213197469711304,1.2430585622787476,2.3930470943450928,0.1486349999904632
1983-05-14,-0.714666485786438,1.544751763343811,1.017136573791504,-1.939882040023804,-1.644532561302185,1.2432677745819092
1993-12-21,1.4853779077529907,-1.2028765678405762,-0.7686997652053833,-0.4575196504592895,0.4573849141597748,-1.095705270767212
1997-03-12,0.3073541820049286,-0.1253239065408706,0.508134126663208,0.7399038672447205,0.6521487832069397,-0.6606784462928772
2006-08-10,1.5869696140289309,1.0388282537460327,2.432727813720703,2.4870409965515137,2.7373971939086914,3.980734586715698
1989-05-09,-1.295411229133606,4.597118377685547,-1.099648118019104,-1.1010479927062988,0.0026857426855713,-1.5122878551483154
2002-11-25,0.8610373139381409,-2.3697221279144287,-3.4068193435668945,-0.8697734475135803,-0.5421173572540283,-2.397146224975586
1995-03-26,-0.8559194803237915,-0.2374224066734314,0.2074953913688659,0.3842461705207824,-0.3113554120063782,5.732375621795654
2003-09-17,2.8815507888793945,1.2356319427490234,-0.0483994223177433,1.513338923454285,0.6015725135803223,-0.9090465903282166
1992-10-07,-3.147115707397461,1.468307614326477,-1.2669647932052612,-1.9975587129592896,-1.9711050987243648,-1.7828437089920044
1989-10-11,-3.051888942718506,0.5587254762649536,-1.583889722824097,-1.4871615171432495,-3.0855133533477783,-1.3943254947662354
1991-04-01,0.4772364199161529,0.0316372066736221,0.0503252260386943,-0.0201423875987529,-0.616499662399292,1.5489498376846311
1997-08-23,-0.6565464735031128,-1.6817337274551392,1.9120402336120603,1.955054759979248,1.650567889213562,1.22284734249115
2006-09-18,1.7292073965072632,-1.121760010719299,-0.1181558519601821,1.1026332378387451,-0.1556188762187957,-1.4991246461868286
1996-02-28,0.1760802268981933,-1.3037896156311035,1.530218243598938,0.562041163444519,1.3047024011611938,0.8195397853851318
1999-11-30,1.2729616165161133,1.1082630157470703,-1.4469114542007446,-0.3950167894363403,-0.5736430287361145,1.6263071298599243
1983-01-07,0.9599878787994384,-0.2113914936780929,-0.6148144602775574,-0.0638104155659675,0.2068420350551605,0.7785273194313049
1984-01-20,0.6509461998939514,0.4919584095478058,0.5829086899757385,-0.1109933257102966,0.6762417554855347,-0.3590584099292755
1988-08-21,1.0895333290100098,2.453512668609619,1.3270305395126345,1.680797815322876,1.920635461807251,-1.5970746278762815
1988-02-28,0.2699836790561676,-0.2930780351161957,1.5116995573043823,0.647308349609375,1.3786687850952148,2.523533344268799
1986-04-06,0.6941158771514893,-2.250791311264038,0.0874792262911796,0.7112017869949341,0.6147053837776184,-1.0737624168395996
2007-08-03,0.9745302200317384,2.4108943939208984,2.1830525398254395,3.0516557693481445,4.5634942054748535,3.7564404010772714
1993-10-22,-2.075577974319458,1.0999714136123655,-1.3745059967041016,-1.0640827417373655,-2.423326015472412,-0.5075006484985352
1998-03-07,-0.4867335259914398,1.5170443058013916,1.6049374341964722,1.020613670349121,1.006682276725769,1.7843658924102783
1983-08-04,0.9102481603622437,-0.3296221494674682,2.883420705795288,-1.977791428565979,0.1317725032567978,1.7615838050842283
1996-06-23,1.1169111728668213,0.2189521342515945,-0.7547521591186523,-1.8119877576828003,1.4885025024414062,-2.1638195514678955
1994-09-21,-0.960794985294342,0.278233915567398,0.441841721534729,-1.1673862934112549,-1.7856237888336182,0.4808863997459411
2007-09-18,-1.1507974863052368,0.428258329629898,0.331856369972229,-1.2273838520050049,-2.135629892349243,2.470876693725586
2003-03-05,0.1894857883453369,-0.8606313467025757,0.98965322971344,0.7618059515953064,1.0102550983428955,-0.8510376214981079
2002-03-09,0.5946793556213379,-1.3482074737548828,1.1774729490280151,0.6611219048500061,0.8312334418296814,0.2817447483539581
1989-05-25,-0.1560048758983612,2.9712321758270264,-0.5530634522438049,-1.363696813583374,-0.7787880301475525,-1.1053611040115356
1992-12-18,-0.0162977017462253,-0.9715461730957032,-1.1161701679229736,-0.3687107861042022,-2.397330045700073,-2.143850088119507
1986-09-15,-1.283643126487732,-1.130414605140686,1.1719207763671875,2.3179266452789307,-1.43294095993042,1.0755350589752195
2006-01-08,1.6353120803833008,1.9854271411895752,1.8888702392578125,0.5683407783508301,2.206035614013672,1.302801251411438
2006-10-27,-0.7446858882904053,-1.2841819524765017,0.805222749710083,-0.8756922483444214,-0.7507398724555969,0.1575804054737091
2004-11-14,-1.0855484008789062,-2.3354451656341557,-1.1540732383728027,-0.5465134978294373,-0.488103449344635,2.368721008300781
1999-09-30,0.2977647483348846,-0.0426011718809604,0.0057164267636835,0.5424543023109436,1.0136865377426147,0.4337933361530304
1991-08-17,-1.977594256401062,0.8710985779762268,-2.2627358436584477,0.6726554036140442,0.8929155468940735,-1.4939427375793457
1983-05-11,-0.025391736999154,1.9671134948730469,1.470328688621521,-1.7710309028625488,-1.437316656112671,1.4076950550079346
1988-12-12,-0.460186094045639,-0.2811011970043182,-1.276167869567871,-0.1576447039842605,-0.7421963810920715,-0.5547363758087158
1992-09-19,-1.6084394454956057,2.6056270599365234,0.0115981362760066,0.1633328348398208,0.5015664100646973,-2.4290661811828613
1999-10-09,-0.8618864417076111,1.2587376832962036,0.4561188220977783,-0.4871615469455719,-0.2955352365970611,1.7756879329681396
1994-04-23,-0.3807072043418884,3.569570779800415,-0.2595061063766479,-0.8886064291000366,-1.8007919788360596,3.319333076477051
1989-12-02,-0.7070493698120117,-0.6417369246482849,-1.5169187784194946,-1.0750094652175903,-0.9736674427986144,-2.233678340911865
1993-05-29,-1.3361033201217651,0.791543185710907,-1.2808130979537964,3.1322388648986816,-4.237082958221436,2.0284931659698486
2000-12-17,1.314891338348389,-2.0448014736175537,-0.9029133319854736,0.1354414373636245,0.5123592019081116,-0.1707192659378051
1999-06-02,2.14445424079895,-0.1081478893756866,0.9193224906921388,-1.5008034706115725,-0.4419427812099457,1.198754906654358
2005-12-28,1.0222361087799072,3.2198660373687744,2.2285594940185547,0.469125896692276,1.6657912731170654,6.188620567321777
1982-02-03,-0.1149899736046791,0.1508472114801406,1.0651496648788452,0.761741578578949,1.6140615940093994,0.2055590599775314
1994-11-12,-0.0652301833033561,-2.02530574798584,-2.231907844543457,-0.3656652867794037,-0.8963879346847534,-1.9696738719940183
1989-09-24,-0.9069717526435852,-0.1539614796638488,-0.2595588564872741,-1.5544545650482178,-2.2841646671295166,-1.4635339975357056
1982-04-10,-1.1375023126602173,-0.949676275253296,-0.4667758047580719,0.0187909509986639,-0.7732880711555481,-0.7392966151237488
1993-06-16,-0.6291429400444031,-1.901679754257202,-3.0055060386657715,-3.302419424057007,0.1236948147416114,-1.852603912353516
2001-01-02,1.4499781131744385,-0.5613976120948792,-0.0448071397840976,0.736177384853363,1.466851830482483,-0.2114629298448562
1997-12-25,0.2440120875835418,-1.2131890058517456,-1.0728095769882202,0.5922138690948486,0.4277965128421783,-1.2114319801330566
2001-04-07,-1.3051286935806274,-0.1544816046953201,-0.205327421426773,0.1700348407030105,-1.023766040802002,1.1341193914413452
1996-10-25,-1.677114963531494,0.2019035965204239,-1.7146799564361572,-1.6839104890823364,-1.1943790912628174,-2.852195978164673
1981-12-16,-0.1108695864677429,-0.8021029233932495,0.95800518989563,0.3751090466976166,1.4239985942840576,-0.5045255422592163
1985-03-26,0.9824536442756652,-0.9757804870605468,-0.0077153309248387,0.2398634999990463,-0.1235565319657325,0.6221618056297302
2003-10-10,0.5944775342941284,0.9909434914588928,2.996769905090332,0.676712155342102,-0.5439689755439758,0.2906855046749115
2003-09-21,2.943034410476685,2.886047124862671,1.2304314374923706,0.075550377368927,0.5658107995986938,0.0664647743105888
1991-06-02,0.6499186754226685,0.2255210876464843,-3.890777111053467,-2.26385235786438,-0.4959865510463714,-3.6391282081604
1990-03-06,0.4569003880023956,1.0297833681106567,0.3224115073680877,0.5911752581596375,1.1098963022232056,-0.976324200630188
1989-02-12,0.3147722780704498,-0.6868099570274353,0.3351052105426788,0.6781976222991943,1.523991346359253,-1.2118788957595823
2007-05-19,-2.420619010925293,-5.555570602416992,-1.615622639656067,-2.196280241012573,-2.412947177886963,-1.3466240167617798
1991-02-11,1.1891456842422483,1.360544204711914,0.4646070599555969,0.5542768836021423,1.5125532150268557,-0.4935860931873321
1998-02-13,-0.9881906509399414,1.0829522609710691,1.2237989902496338,0.5840680599212646,1.5624419450759888,1.0648832321166992
2007-08-06,3.4459352493286133,2.894818067550659,2.303206205368042,4.536688804626465,3.763688802719116,0.8430429697036743
2004-07-17,-1.5687175989151,-2.6073150634765625,0.5849677324295044,3.73957633972168,0.9827195405960084,0.9818675518035888
2004-01-27,1.1375272274017334,-2.0845906734466557,1.5771055221557615,0.7419329881668091,1.551324486732483,1.2719026803970337
1991-09-22,-1.3607889413833618,-0.5117440819740295,-1.758139967918396,-1.36736798286438,-2.625620126724243,-2.229135513305664
1995-10-14,0.0055965250357985,-0.9227907061576844,-1.0659133195877075,-1.0865861177444458,-0.6164550185203552,-0.5996848344802856
2005-07-01,0.2312510460615158,-1.366535782814026,-0.7564569115638733,1.004652738571167,0.893539309501648,-2.09323787689209
1987-12-23,-0.8746379613876343,-1.3328814506530762,-0.2087022066116333,0.2624815702438354,0.4873836934566498,0.1943033039569854
1995-06-10,0.6772140264511108,-1.9059699773788448,-1.2947828769683838,-2.0552403926849365,-0.7615998983383179,-3.4328770637512207
2007-09-11,-1.865093231201172,2.2622294425964355,1.393152117729187,0.416468471288681,-0.6012645959854126,3.081167936325073
1989-09-25,-0.8627835512161255,-0.0681220963597297,0.0628151446580886,-1.2966277599334717,-2.1302642822265625,-1.7736446857452393
1989-11-30,-0.7528837323188782,-0.5156512260437012,-1.186925768852234,-0.4722570776939392,-1.0916565656661987,-2.305614471435547
1985-12-16,0.1531087756156921,-2.023142099380493,-1.6556495428085327,-0.4689965546131134,-0.4197068512439728,-2.1298067569732666
1993-02-19,0.3103985786437988,1.0849679708480835,0.5915638208389282,0.5539195537567139,1.520317792892456,-1.7387099266052246
2004-09-14,0.3001199662685394,1.3282616138458252,1.319812536239624,0.1077440902590751,-0.8523821234703064,0.4067043364048004
2006-05-16,-1.2189035415649414,0.1679064035415649,0.5478183031082153,0.3992269039154053,2.17738938331604,1.8740234375
2006-02-20,1.2131186723709106,0.6473982930183411,1.7521231174468994,0.8876268267631531,1.705104112625122,1.708483338356018
1991-08-15,-0.2761941254138946,0.948211133480072,-2.1045806407928467,0.644599437713623,0.7299209833145142,-2.0688841342926025
1999-04-15,0.2494761347770691,2.105853319168091,1.2060048580169678,-0.4883471131324768,-1.7242674827575684,1.5286701917648315
1992-05-15,-2.453770875930786,0.0790261030197143,-1.2576065063476562,-2.068733692169189,-2.527828931808472,-4.307429790496826
1983-05-06,0.5682314038276672,0.5741010904312134,0.3278346955776214,-1.4962186813354492,-0.2141205221414566,1.4149945974349976
2007-09-08,-1.4258432388305664,1.2883670330047607,1.3760122060775757,0.1437902897596359,-0.3592072129249573,2.168689489364624
2004-12-17,0.4054551720619201,-0.2085637748241424,0.7195852398872375,0.3091722428798675,1.4706268310546875,1.2920026779174805
1995-04-13,-1.2353678941726685,0.7931818962097168,-0.8831961154937744,0.0937080457806587,-1.1737574338912964,-0.3434693813323974
2003-12-10,0.0746939405798912,-2.7414093017578125,0.2911515533924103,0.5188654661178589,-0.1235139146447181,1.9804606437683103
2004-08-13,1.262426495552063,0.2511034607887268,4.247243404388428,2.9126455783843994,2.4929215908050537,1.2860560417175293
1999-08-20,0.1379884332418441,1.982606649398804,3.7649853229522714,1.845327854156494,0.7816461324691772,3.463214874267578
1994-06-21,2.303445816040039,4.423498153686523,0.0467495620250701,-2.2240443229675293,-0.188065618276596,-2.3290112018585205
1982-06-15,-1.3833576440811155,-2.265966415405273,-0.0502756536006927,0.8912156224250793,0.5288318395614624,-2.3637099266052246
1991-10-30,-1.1315045356750488,-0.2662127315998077,-1.73652184009552,-1.3784571886062622,-1.677870512008667,-0.5636710524559021
1994-04-28,-0.6558002829551697,-0.1941985487937927,-1.2307287454605105,-1.0514298677444458,-2.626814603805542,0.5230922698974609
1984-04-23,-0.9612417221069336,-1.8585251569747925,0.0836177468299865,-0.8712716102600098,-2.081551074981689,0.2071617543697357
1986-03-09,1.729494333267212,-0.3306325674057007,0.4396654665470123,1.0718034505844116,1.0102550983428955,-0.1510559171438217
1997-03-17,-0.1093009412288665,-2.281901597976685,0.026604613289237,0.614910364151001,0.288084477186203,2.477644920349121
1999-12-29,1.770367980003357,2.250715732574463,-0.163551390171051,0.6808383464813232,0.5657959580421448,0.0018960923189297
2007-11-03,-1.4367188215255735,-0.4126040935516357,-1.0728543996810913,-0.524978756904602,-1.6524397134780884,-0.8820500373840332
1988-04-25,-1.4019036293029783,-0.3476262986660003,-0.2031678408384323,-0.4581405520439148,-1.8320449590682983,3.123978853225708
2003-01-20,0.2849088907241821,-0.3771057724952698,0.3793660998344421,0.7593714594841003,1.4026576280593872,-1.4538744688034058
1999-07-23,1.0815268754959106,0.2063937336206436,0.9986788630485536,0.8465908169746399,3.2730863094329834,2.830047845840454
1990-06-19,1.0760729312896729,-2.2070820331573486,-1.5646607875823977,-2.3622283935546875,1.4688111543655396,-0.5802765488624573
2003-04-03,-0.8451052308082581,2.1006970405578613,-0.0854485034942627,0.1545003056526184,-1.0395561456680298,1.0823352336883545
2000-05-23,-0.4739031493663788,-1.850552201271057,-0.6222216486930847,-0.6924780011177063,-1.2612470388412476,1.0398613214492798
1995-02-12,-0.0212261360138654,0.6345008611679077,1.1034952402114868,0.6411592364311218,1.542768120765686,0.4384407997131347
1993-09-04,-0.1367375254631042,1.2576442956924438,0.0397091843187809,1.365159034729004,0.9802102446556092,-2.918853044509888
2001-12-01,0.0982840061187744,1.7518569231033323,0.1028632894158363,-0.1881794333457946,-0.5284079909324646,1.3384782075881958
2001-07-10,1.6236183643341064,0.9070623517036438,-0.5428960919380188,-0.6660670042037964,0.4737191796302795,-0.4847142994403839
1985-08-06,1.6781644821166992,0.9448280334472656,-0.5868207812309265,1.1630719900131226,4.563060283660889,-0.4613503515720367
1986-12-15,0.4591377377510071,0.4378873109817505,-1.7120082378387451,-0.1248909533023834,-1.0960209369659424,-4.454537868499756
2005-05-21,-1.8660268783569336,-2.868764162063598,-1.4130487442016602,-0.393695592880249,-3.2387795448303223,1.2946327924728394
2001-09-10,-0.23057222366333,-1.7717286348342896,2.49287486076355,0.2603574693202972,0.6577478051185608,1.1413997411727903
2006-11-02,-0.4183880686759949,-1.998809576034546,0.5682275891304016,0.0795238018035888,-0.4538526833057403,-1.00856351852417
1988-08-18,0.9041829705238342,1.414612889289856,1.9564340114593504,1.3131790161132812,2.9533727169036865,1.7106205224990845
1984-10-23,-1.855305790901184,-2.1159756183624268,-3.0560662746429443,-2.212766647338867,-2.332939386367798,-1.2914135456085205
2003-12-05,0.0464590676128864,-2.282788038253784,-0.5493775010108948,0.1537418812513351,-0.6576875448226929,0.8326414227485657
2000-06-11,-0.6280114650726318,-0.6754514575004578,-0.8073662519454956,-1.915156602859497,-2.6692609786987305,-1.8788087368011477
1998-12-21,-0.165429338812828,-2.347739219665528,-1.1477727890014648,0.745353639125824,0.2026372253894806,-1.9038746356964111
1998-02-25,-0.63004070520401,2.136914730072021,1.351695895195007,0.957305908203125,1.3486700057983398,1.0435224771499634
1987-06-01,0.8358286023139954,-1.4605075120925903,-1.0107749700546265,-1.316536784172058,-0.0173118002712726,-1.0272704362869265
2002-08-25,4.194060802459717,-0.2033956199884414,2.6791470050811768,-1.1561518907546997,2.653079032897949,0.865587592124939
1997-10-18,-0.9817913174629213,-1.1052992343902588,-1.4249614477157593,-0.9883726835250854,-1.1887505054473877,-0.106182612478733
1982-07-05,-1.5788642168045044,-0.8313241600990295,-2.246896743774414,-1.261175513267517,-2.0939934253692627,-1.2925500869750977
2005-04-22,-1.1940547227859497,0.9343884587287904,-0.0981166288256645,-0.0781715512275695,-2.5542938709259038,4.767635345458984
1998-12-29,0.3403753042221069,-1.139268398284912,-0.213539183139801,0.8108432292938232,0.6757813096046448,-1.0581014156341553
1994-04-24,-0.4119133353233337,3.232360363006592,-0.8131532073020935,-0.9481307864189148,-1.8220351934432983,2.663956880569458
2007-08-14,0.2742086350917816,2.6346142292022705,1.2264230251312256,1.3031997680664062,1.6933629512786863,2.030627727508545
2004-09-15,0.2550576627254486,1.046284556388855,0.2496346086263656,0.2000740766525268,-0.9915295839309692,1.078099250793457
2000-01-10,2.415310859680176,2.265456438064575,0.9288788437843324,0.6783566474914551,0.8660086393356323,0.2828122675418854
1988-08-27,1.115512490272522,0.5490776300430298,1.9878748655319212,2.4132397174835205,1.8263063430786133,-0.4034609198570251
1986-03-29,-0.1323647797107696,0.0248506776988506,0.022081421688199,1.9350876808166504,-0.2383560240268707,-1.4895871877670288
1984-11-05,0.7101068496704102,0.580341100692749,-2.326831579208374,-2.220432043075561,-1.4552210569381714,-3.119511842727661
1995-02-20,-0.0188941415399312,2.555173873901367,0.7925201654434204,0.6688533425331116,1.5079632997512815,-0.4597252607345581
1987-10-10,-2.303305625915528,-0.4593018889427185,0.1223029121756553,-1.33814799785614,-1.9708616733551023,-0.484549343585968
1999-10-29,-0.6646687984466553,0.6758095026016235,-2.604780912399292,-1.5956934690475464,-2.200752019882202,-1.4524354934692385
1995-03-16,0.0341804474592208,2.038784980773926,0.0977110415697097,0.4457584023475647,0.4406895637512207,0.0546872094273567
1991-09-03,-1.4091378450393677,0.0114237545058131,-0.3863298594951629,0.1287888139486313,-1.3519092798233032,2.140872001647949
1999-03-06,0.6894857883453369,1.8193613290786743,1.43966543674469,0.4117998480796814,1.0102550983428955,3.218939304351806
2003-05-18,-0.4959084093570709,-2.153029203414917,-2.179556608200073,-1.8191648721694944,-3.7062137126922607,-2.0191609859466557
1993-12-19,1.264903545379639,1.9151901006698608,-0.3429157435894012,-0.5945695638656616,-0.5376285910606384,-1.4307290315628052
1991-06-12,-0.7682803869247437,-3.096104145050049,-4.672737121582031,-1.7221441268920898,0.3080533444881439,-5.238383293151856
1986-07-30,0.5941870212554932,0.7886878848075867,0.3210510611534118,0.8072715997695923,0.382439911365509,0.126287430524826
1986-06-09,-1.0742124319076538,-2.193880081176758,-2.018794298171997,-1.4730631113052368,-1.0244001150131226,-0.9155151844024658
1996-02-20,-1.0488929748535156,-0.374818742275238,1.7325226068496704,0.5688472390174866,1.5079632997512815,2.080252885818481
1995-08-29,-0.3737276494503021,0.4659073948860168,2.1683712005615234,1.848116874694824,-2.425539016723633,-1.261910915374756
1989-09-02,-0.0777919739484787,-1.2845793962478638,1.0089837312698364,-0.1278890520334243,-3.314141273498535,2.452956199645996
2004-09-26,-0.379587322473526,-0.4902598261833191,-0.294979065656662,-0.1043905615806579,-1.2601150274276731,2.5463685989379883
1999-06-06,1.9557863473892207,-2.963869094848633,1.471195936203003,-1.3630472421646118,-0.8543867468833923,1.6544921398162842
2005-02-14,-0.2560437023639679,2.5903422832489014,2.503018379211426,0.7009723782539368,1.5371055603027344,1.7690056562423706
1998-03-19,-0.5191432237625122,0.5120348930358887,1.3969438076019287,0.4502410590648651,0.256357342004776,1.4048455953598022
1997-11-02,-0.9998846054077148,0.0103643033653497,-1.396838903427124,-1.1604344844818115,-0.8651941418647766,-1.299504637718201
2004-03-24,-2.4423623085021973,-2.475149393081665,1.1420764923095703,0.8450914025306702,-0.3583511412143707,0.4904238283634186
1997-08-27,-0.3856758177280426,-2.044453382492065,1.072635054588318,1.875475287437439,2.1024789810180664,1.0560907125473022
2005-10-23,-0.5371002554893494,0.5318901538848877,-0.4146921336650848,-0.0639153122901916,0.7256343960762024,3.377815008163452
1993-05-18,-1.0121389627456665,4.348616123199463,-1.6052459478378296,3.017479658126831,-2.388932228088379,-2.813173294067383
2001-06-09,0.9817196130752563,-4.776127338409424,-1.472724676132202,0.1978692859411239,-0.4119478762149811,2.731617927551269
1999-11-12,0.3599660396575928,0.4540081024169922,-2.537552118301392,-0.7282341718673706,-1.2128788232803345,-2.4089484214782715
1991-02-10,1.101901650428772,1.2065322399139404,0.4319542646408081,0.5593487620353699,1.4984780550003052,-0.556695818901062
1994-08-16,0.7324277758598328,2.251103401184082,3.9472556114196777,2.6026480197906494,0.9829118847846984,2.4060511589050293
1994-07-17,2.177661895751953,5.431512832641602,2.0875275135040283,-0.2720928788185119,3.06225323677063,0.1769533902406692
1995-11-28,-0.2809095978736877,0.4422985911369324,0.153092473745346,-0.2509922087192535,-0.6616073846817017,-0.3214626014232635
1993-07-21,0.6417872905731201,-2.088096141815185,-1.899197340011597,1.155065894126892,-2.0157663822174072,-1.1777023077011108
2001-06-13,0.9440448880195618,-1.853332042694092,-2.120025634765625,0.3529842495918274,0.7281209230422974,2.571711301803589
1993-10-31,-2.0470669269561768,1.13848614692688,-1.6318861246109009,-1.7425124645233154,-1.952869176864624,-1.660385012626648
1985-11-05,-0.9298772811889648,-2.949657678604126,-2.166827917098999,-1.5304296016693115,-2.245198965072632,-4.25952672958374
1994-04-25,-1.5440303087234497,1.7743847370147705,-1.12811541557312,-0.8581703305244446,-1.6842986345291138,2.4776268005371094
2006-01-20,2.0895891189575195,2.1496899127960205,2.917409896850586,0.540931224822998,1.7427387237548828,0.2718831598758697
1989-07-07,-0.1546086072921753,1.021577000617981,1.2489172220230105,0.252976506948471,1.618826985359192,-2.570991516113281
1996-02-29,-0.278371125459671,-1.0962365865707395,1.5611306428909302,0.5578842163085938,1.268851399421692,0.7253217101097107
1989-11-14,-0.0200388450175523,0.2040081024169922,-2.007522821426392,-1.0982292890548706,-1.6028629541397097,-0.4889349341392517
1981-10-13,-2.401895046234131,-1.4212549924850464,-0.1638762950897216,-0.5071505308151245,-2.3355133533477783,-1.5143206119537354
1981-12-11,-0.2471910268068313,-0.3319647312164306,1.4994314908981323,0.6212515234947205,0.0652372241020202,-0.4214937686920166
2007-03-13,0.7041938900947571,3.838772773742676,0.6377195715904236,0.8457828164100647,0.5406651496887207,1.434661626815796
1983-09-02,1.3298801183700562,-0.7023429870605469,-0.1436587870121002,-0.4482192397117615,0.1190031841397285,0.2515813708305359
2005-04-10,-0.6353617906570435,-0.8967900276184082,0.9468209743499756,-0.0962943956255912,-1.2737635374069214,3.4665281772613525
1999-08-06,2.2000834941864014,0.4908737540245056,4.6710524559021,1.272369623184204,4.397600173950195,4.267325878143311
2001-03-20,-0.1452758759260177,-0.1692741215229034,0.4087742865085602,0.4718839824199676,0.1157498583197593,0.2263243645429611
2001-07-20,0.283666580915451,-0.2577318549156189,0.068337395787239,-0.1785885095596313,2.638120412826538,0.7537721395492554
1994-09-30,-0.5366281867027283,0.0529799647629261,-0.0206139627844095,0.7386195063591003,-0.9741711020469666,1.6844263076782229
1996-01-30,0.0920261144638061,-1.3662538528442385,1.042117953300476,0.5472941994667053,1.4939862489700315,3.54933500289917
1982-03-20,-0.2667571902275085,0.3541041314601898,0.8232439160346985,0.625810444355011,0.9655112028121948,0.6768781542778015
1997-03-20,-0.1564284265041351,-2.48796820640564,0.1339227557182312,0.4765387773513794,0.0421805530786514,1.52128267288208
1997-09-20,0.859212338924408,1.5382436513900757,0.851845383644104,1.23260760307312,0.4543664753437042,1.5208643674850464
2003-12-29,1.0922434329986572,-0.8601205348968506,0.8485852479934692,0.6591283679008484,1.1858108043670654,3.4986183643341064
1992-04-09,-2.125136137008667,-0.1244828253984451,-1.1153310537338257,-0.1899810284376144,-1.503746509552002,-1.94586718082428
2000-12-15,0.9619028568267822,-1.5687618255615234,-0.3400707542896271,0.0267731044441461,0.5015766620635986,-0.0473177805542945
1996-09-21,-1.399627685546875,-1.6484981775283811,1.2801084518432615,-1.6013628244400024,1.7040278911590576,2.707956552505493
1998-01-30,-1.114989995956421,2.7908618450164795,0.5251410603523254,0.571739137172699,1.4940664768218994,0.6155627369880676
1992-03-29,-2.6196749210357666,0.6857079267501831,-0.1948348581790924,0.2641951441764831,-0.6084830164909363,-1.5476027727127075
1998-05-12,-1.5733562707901,-1.3523361682891846,-0.2588580548763275,-1.1638402938842771,0.8991757035255432,0.1140028536319732
1995-04-06,-0.995648980140686,-0.0989341735839843,-0.7101998329162598,-0.0929594412446022,-0.8155662417411804,0.7871522307395935
1988-04-21,-1.362977147102356,-0.9338683485984802,-0.1069461703300476,-0.3234631717205047,-1.8536373376846316,2.7795722484588623
2005-05-18,-1.923141837120056,-3.1842048168182373,-1.597391963005066,-0.0576612092554569,-3.719658136367798,-0.7927204966545105
1986-08-03,-0.0397640541195869,0.0903607606887817,1.3134132623672483,1.512229323387146,-0.1882348209619522,1.3615899085998535
1987-08-24,1.6781426668167114,-0.5569361448287964,1.235116958618164,0.6508817076683044,1.5853275060653689,1.2149831056594849
1987-05-03,-2.1050820350646973,0.3907513618469238,-0.6142420768737793,-0.7989903688430786,-1.0069721937179563,2.2706806659698486
1986-05-19,0.064298041164875,1.479041337966919,-1.4088068008422852,-0.2244028896093368,0.5648079514503479,-0.3408160209655761
1991-04-08,-1.0575157403945925,-0.2996823787689209,-0.7367953062057495,-0.2711870670318603,-1.103305101394653,-1.5092856884002686
1999-12-05,1.5697890520095823,2.2461698055267334,0.641491174697876,-0.0539937689900398,-0.1215259432792663,0.9366847276687622
1982-04-03,-0.9027684926986694,-0.9783725738525392,-0.1396772116422653,0.2498466223478317,-0.466505765914917,-0.0610355325043201
2000-03-15,1.6332366466522217,-0.4558934271335602,0.9832475781440736,0.575822651386261,0.4955100119113922,5.316892623901367
1993-04-10,-1.4208297729492188,4.601501941680908,-0.2272341400384903,-0.0404788292944431,-1.966444730758667,-3.625990629196167
2000-11-05,-0.3844255208969116,0.2541293799877167,-1.3030463457107544,-1.1491426229476929,-1.5305850505828855,0.1251667886972427
1986-09-06,-0.6567265391349792,-0.1923678815364837,1.339727520942688,2.575150489807129,-0.2498007118701934,-0.8788750171661377
1993-05-24,-1.0960073471069336,1.6112468242645264,-1.4430475234985352,-0.553699254989624,-0.8287758231163025,2.444626569747925
1984-10-09,-1.2671107053756714,0.9983063340187072,-1.1769684553146362,-1.5175477266311646,-2.7710928916931152,-0.0628424957394599
1993-01-21,0.2588338851928711,0.60495525598526,-0.3704777061939239,0.2169519960880279,0.8101497888565063,-0.9007241129875184
1983-06-21,0.4560778439044952,0.6729227304458618,-0.2246644049882888,1.187759280204773,2.658813714981079,-1.0802764892578125
1993-05-28,-1.2580395936965942,0.8435816764831543,-1.2909550666809082,3.0210275650024414,-4.086319923400879,2.234106540679932
2003-08-15,0.5242086052894592,4.014618873596191,2.9664132595062256,3.2931900024414062,0.1833836585283279,2.840625286102295
1983-04-22,-0.8357800841331482,-0.270069271326065,1.0810385942459106,-0.7862312197685242,-1.2869166135787964,4.530945301055908
2006-11-27,1.275102972984314,-0.3136643469333648,1.3230873346328735,-0.0635842606425285,1.437649130821228,2.8502931594848637
1992-01-11,0.7250963449478149,-0.0841646492481231,0.0011437706416472,0.1072854772210121,0.538191556930542,-0.0452156774699687
1981-10-08,-2.2308361530303955,-3.663196086883545,-0.9101160168647766,-0.7040172219276428,-1.1365400552749634,1.6642924547195437
1993-12-14,0.6330892443656921,3.806844472885132,-0.4256690144538879,-1.138979434967041,-0.8796982765197754,-1.2697910070419312
2003-11-26,-0.5609083771705627,-5.687675952911377,-1.0269001722335815,-0.3310092985630035,-0.3416000604629516,0.7885532975196838
1990-12-09,0.1028150767087936,-1.0919439792633057,-1.720569729804993,-0.6787667870521545,-0.6647737622261047,0.6585233211517334
2002-01-21,1.9196062088012693,0.2796641886234283,1.3073939085006714,0.690925121307373,1.6127643585205078,0.4418660700321197
1989-04-24,-1.7707217931747437,2.13954758644104,-1.059524416923523,-0.6986039876937866,-1.2307846546173096,-1.060641169548035
2001-12-23,1.537819504737854,0.5641226172447205,0.5798234343528748,0.7512255311012268,0.8989641070365906,0.1287391781806945
1992-04-25,-1.5140315294265747,2.924378633499145,-1.6581141948699951,-0.4481971859931946,-2.6142914295196533,-2.78238296508789
2005-03-26,-0.8996736407279968,1.065682291984558,0.6051529049873352,0.4841963648796081,-0.5284659266471863,0.8523910641670227
1984-12-28,1.6440365314483645,1.8868170976638796,-0.0228218398988246,0.3622028827667236,0.667786717414856,-1.9314332008361816
1999-02-25,0.799982488155365,4.1869330406188965,1.581676363945007,0.56732177734375,1.3786687850952148,3.953526020050049
1986-08-10,0.8772042989730835,1.952176809310913,1.391091227531433,2.1040589809417725,1.834355115890503,0.5295066237449646
2001-11-25,-1.2989662885665894,0.1802655756473541,0.3631697595119476,-0.5197673439979553,-1.2020905017852783,1.9028719663619995
1995-09-16,-0.3932250738143921,-0.2084372788667678,-1.5479063987731934,-0.8936187624931335,-1.0409586429595947,-2.083259105682373
1982-11-18,-0.8784604668617249,-0.606330156326294,-1.7969117164611816,-1.072723150253296,-1.925540566444397,1.5739760398864746
1990-05-10,-1.5979570150375366,0.2401355355978012,-1.969892263412476,-1.3070282936096191,0.8806309103965759,-2.6398253440856934
1998-01-22,-0.2003889083862304,0.9196788668632508,0.2473964095115661,0.3409189879894256,1.1927509307861328,0.3318807184696197
1995-09-21,-1.910776734352112,-1.2617441415786743,-2.258140087127685,-0.5173923373222351,-0.2256262004375457,-1.7191258668899536
2006-05-30,0.4521079957485199,-0.2663741707801819,0.1792305260896682,0.2976094186306,-0.1643148958683014,1.094836950302124
1988-08-04,0.9373167157173156,1.0687317848205566,1.9212814569473269,0.4851797819137573,3.84672737121582,0.3616881370544433
2000-04-14,-0.0905202105641365,5.27583646774292,0.9059866070747375,-0.238347128033638,-1.0242552757263184,2.638686180114746
2001-05-16,-1.3521353006362915,-1.4214035272598269,-1.90523374080658,-1.1425238847732544,-2.148941993713379,4.116819381713867
1987-04-14,-1.7359907627105713,0.1003112569451332,0.0638266205787658,0.1863448321819305,-0.536457359790802,2.100180625915528
2002-03-11,0.837352991104126,2.794689416885376,0.778123140335083,0.7099050879478455,0.8021426796913147,-0.4106784164905548
1997-09-13,1.044879913330078,0.5122295022010803,-0.0868588536977768,1.4364575147628784,1.6687244176864624,0.801169216632843
1998-02-01,-1.0036076307296753,2.491210460662842,0.7053012847900391,0.587848961353302,1.4565354585647583,0.6841738820075989
1995-07-08,4.463692665100098,4.9231061935424805,-0.2905479371547699,-0.4060797691345215,2.6321303844451904,-0.0656016394495964
1991-10-24,-1.5148497819900513,-0.1632317900657653,-2.1415457725524902,-1.154858112335205,-2.3726115226745605,-1.4726039171218872
2000-07-22,1.0915366411209106,1.5464205741882324,3.678702116012573,3.82660174369812,1.2430875301361084,2.000030755996704
1987-01-24,1.164913773536682,-0.9671021103858948,-0.1106546372175216,0.7193629145622253,0.8526698350906372,0.3961316347122192
1998-03-21,-0.655255138874054,0.5507270693778992,1.2587803602218628,0.3618986308574676,0.1057706102728843,1.4963133335113523
1991-06-10,-1.1269197463989258,-1.0955206155776978,-3.956429481506348,-1.8980683088302608,0.3697877824306488,-5.65720796585083
2005-02-13,-0.3017647266387939,0.7159236073493958,2.415461778640747,0.7030141353607178,1.5515130758285522,1.6557244062423706
1990-02-08,1.462576985359192,0.1644948869943618,0.2303946167230606,0.6265929937362671,1.4624338150024414,-1.6569355726242063
1989-01-04,1.0920368432998655,-1.8573644161224363,-0.1721136569976806,0.5003369450569153,0.5244991779327393,-0.1753485798835754
1983-12-10,0.0164602883160114,-1.5327880382537842,-0.6893921494483948,-0.8062800765037537,-0.7076753377914429,-0.6973573565483093
1995-10-17,-1.3341233730316162,0.0189143307507038,-0.587961733341217,-0.0815690606832504,-1.5797626972198486,0.1731722205877304
2003-10-20,-0.5355694890022278,0.1199909523129463,2.2655086517333984,-0.5240741968154907,-0.9833236336708068,-0.2374810874462127
1990-04-18,-1.4645286798477173,-1.045188069343567,-0.3274447321891784,-0.4936747550964355,-1.427193522453308,-1.649496078491211
2007-04-19,-1.5004847049713137,-3.044081687927246,-0.9672658443450928,-0.0796668604016304,-2.190617799758911,-0.826252281665802
1990-07-25,2.851515769958496,2.9263949394226074,0.3886934816837311,-0.1433994323015213,1.4531095027923584,-2.359954595565796
1993-01-20,0.1914038807153701,0.3158883154392242,0.1379337310791015,0.1037153303623199,0.7552422881126404,-0.8386989831924438
1990-07-10,0.2394832968711853,-3.1397922039031982,-2.613253116607666,0.0603653006255626,0.6768805384635925,-2.5966665744781494
1992-02-21,-0.6889075636863708,2.185178756713867,0.7025238275527954,0.6088557839393616,1.5079632997512815,-0.1497276872396469
2001-01-22,1.5728522539138794,0.0353038124740123,0.9036644697189332,0.8116218447685242,1.9003825187683103,-0.4435299336910248
1984-09-16,-1.2851066589355469,0.9322124123573304,-0.2468625158071518,-0.4635364115238189,1.2487415075302124,-0.868844211101532
1998-10-17,-2.578502655029297,-2.7186641693115234,-1.5122010707855225,-0.8852860331535339,-2.144876003265381,0.1929544061422348
1996-10-17,-2.048503875732422,-0.178655594587326,-2.3322083950042725,-1.8852860927581787,-2.124886989593506,-1.577034592628479
1984-12-22,1.8454575538635252,2.461419105529785,-0.48042693734169,0.1391588151454925,0.2706146836280823,-1.6979875564575195
2006-01-21,1.9428778886795044,1.9453074932098389,2.873665809631348,0.4916144907474518,1.7903971672058103,0.3164798319339752
2001-05-15,0.2543004751205444,-1.160942792892456,-2.028801918029785,-1.124427318572998,-1.9252128601074217,4.099186420440674
1999-04-21,0.4295079112052917,2.765915870666504,0.5427439212799072,-0.4596412181854248,-0.2106069177389145,0.833751380443573
2006-09-14,0.500132143497467,-1.7517249584197998,-0.3101923763751983,2.187761068344116,-0.5623735785484314,-1.773288369178772
2001-01-13,1.7241017818450928,-0.0660840049386024,0.5045437812805176,0.6152150630950928,2.315243721008301,-1.5645164251327517
1987-01-06,1.5299952030181885,0.138614609837532,-0.9947888255119324,0.276185929775238,-0.3431457579135895,-1.5014715194702148
1983-07-06,2.2907159328460693,-1.4093276262283323,2.73272442817688,0.5914362072944641,1.2288031578063965,5.97174072265625
2001-01-25,1.9540600776672363,-0.0349908433854579,0.9613829851150512,0.938485860824585,1.9284563064575195,0.333297461271286
2003-10-11,0.9244659543037416,1.4385921955108645,2.784617185592652,0.2397278994321823,-0.1059440448880195,0.2749215364456177
1986-05-17,-0.0437672585248947,2.879044532775879,-1.6376113891601562,-0.7287067770957947,0.8321870565414429,-0.2574115991592407
1990-07-24,2.73691201210022,2.6437714099884038,0.1076218783855438,-0.2214293926954269,1.274386644363403,-2.543637990951538
1986-09-09,-1.050586223602295,-0.3975319266319275,1.340540051460266,3.327199459075928,-0.482845276594162,1.0926671028137207
1990-03-27,-0.3859182596206665,1.6025739908218384,0.1075198054313659,0.1742241829633712,-0.2813566327095032,-0.7776340246200562
1983-03-14,0.964674472808838,0.7817668318748474,1.1874827146530151,0.6911206841468811,0.8112444281578064,0.8017643094062805
1990-10-27,-0.4671234488487243,3.4718925952911377,0.8552969098091125,-1.6239129304885864,-1.9643681049346924,1.0077893733978271
1985-05-05,-0.3917600810527801,-2.735896587371826,-2.7821812629699707,-0.7262296676635742,-2.234140157699585,-3.185011625289917
2005-12-24,0.099410593509674,1.9688255786895752,1.42357075214386,0.2426867932081222,1.5249093770980835,5.627790927886963
1985-02-14,1.488753080368042,0.0745032951235771,0.6435038447380066,0.6511384844779968,1.532788872718811,0.1884407848119735
1989-05-14,-1.353355050086975,3.907673597335816,-0.3288653790950775,-1.0438451766967771,-1.5407962799072266,-1.5559800863265991
1985-06-13,0.8717342615127563,-1.1661114692687988,-2.992713689804077,-1.0121526718139648,-1.0919405221939087,-2.808390617370605
1986-04-02,0.8272424936294556,-0.1883640140295028,-0.4696637988090515,1.3898307085037231,-0.246504545211792,-1.2710269689559937
2004-12-18,0.4453693628311157,0.0371136181056499,0.8413161039352417,0.8324888944625854,1.6073788404464722,1.434293508529663
2000-09-15,2.8901162147521973,1.3282616138458252,1.549793004989624,1.1477526426315308,1.8576093912124636,-0.1732822507619857
2003-08-22,1.7134486436843872,3.4682600498199463,3.2820353507995605,2.905036449432373,1.580560564994812,3.3428425788879395
2001-03-28,-0.7305046319961548,-0.5057417750358582,-0.1062768995761871,0.3524460792541504,-0.4215146601200104,3.846344947814941
1989-10-10,-2.3382277488708496,0.4141858220100403,-1.686648964881897,-1.6180238723754885,-3.109001874923706,-1.4050363302230835
1996-08-13,-1.4961953163146973,2.348205089569092,2.1253998279571533,2.704596996307373,2.6799330711364746,3.3711183071136475
1996-03-20,-0.3564406335353851,-1.0279463529586792,1.393902063369751,0.2665473222732544,0.0421805530786514,1.801281452178955
1988-05-07,-1.6420466899871826,-1.8104323148727417,0.0181730259209871,-0.9400315880775452,-2.1044909954071045,1.1407577991485596
2002-10-09,1.015682578086853,2.2543303966522217,-1.0894023180007937,-2.095566987991333,-0.8805041909217834,2.8076086044311523
1982-03-31,-0.3102843165397644,0.0359057448804378,0.0746111720800399,0.4950636923313141,-0.4574034512042999,-0.2528995275497436
1990-12-21,0.2454514950513839,0.3314142525196075,-0.210437923669815,0.0391832329332828,-0.0493926405906677,0.9619855880737304
1985-02-15,1.7411103248596191,-0.0255967825651168,0.6897183656692505,0.6330993175506592,1.5389434099197388,0.4273651838302612
1993-05-01,-1.8950599431991575,1.3907513618469238,-0.6442408561706543,-0.7590123414993286,-0.9869831800460817,-1.029307246208191
1998-03-28,-0.5296480059623718,2.0056848526000977,1.05516517162323,-0.0658219382166862,-0.3884817957878113,0.6323898434638977
1986-11-22,-0.4442021548748016,-1.3223079442977903,-2.1012442111968994,-0.7912001013755798,-1.947568655014038,-2.011183500289917
1994-04-04,-0.7758853435516357,2.249208688735962,-0.1525110155344009,0.1111957058310508,-1.3552957773208618,-2.2937636375427246
1987-06-25,-1.144963622093201,-2.666776180267334,0.5149264335632324,-0.5997881293296814,0.9314243793487548,-1.0226942300796509
2007-10-11,-0.8643985986709595,2.927215337753296,-0.7559157013893127,-0.7366105318069458,-1.29644775390625,1.3703163862228394
1983-11-21,-0.5786911845207214,0.1453762501478195,-0.6569064259529114,-1.2681883573532104,-1.554463028907776,-1.3582838773727417
2007-02-07,2.569150447845459,1.980539321899414,1.5346144437789917,0.8342756628990173,1.8925275802612305,1.0964102745056152
1983-02-18,1.1508500576019287,2.7901289463043213,1.345711350440979,0.5540598034858704,1.5532957315444946,0.3410076200962066
1996-10-09,-1.3718961477279663,-2.381276845932007,-2.3738677501678467,-1.6971529722213743,-1.3655120134353638,-0.0242998171597719
1993-03-17,-1.4267609119415283,4.324105262756348,0.3732317090034485,0.425798237323761,0.3655356466770172,-1.6131303310394287
1994-04-15,-0.5476482510566711,4.515952110290527,-0.5721432566642761,-0.113646000623703,-1.9626928567886357,4.325760841369629
1996-10-31,-1.858711004257202,-0.518157958984375,-2.007934331893921,-1.3588773012161257,-0.9142767190933228,0.4724625051021576
1999-07-20,2.731783628463745,0.1219259351491928,1.1907989978790283,1.525061011314392,2.3442189693450928,-0.3777145445346832
1988-01-17,-0.3259165585041046,-1.2560559511184692,-0.0254549998790025,0.6652028560638428,0.715237557888031,0.8854958415031433
2002-04-26,-0.0958027243614196,-1.1841888427734375,-1.5507360696792605,-0.921424925327301,-1.766798734664917,-1.186899185180664
2000-06-05,-0.9742063283920288,-0.9338703155517578,-0.188807725906372,-0.9430643320083618,-2.434403896331787,-1.7354919910430908
1988-02-15,0.1211152449250221,-2.065574884414673,1.0997220277786257,0.6330993175506592,1.5389434099197388,1.2773712873458862
2000-09-24,1.3000890016555786,0.7673143148422241,2.0337061882019043,1.131655216217041,0.5237480401992798,0.7202664613723755
2005-07-10,-0.2660162448883056,-0.1820617020130157,1.310109257698059,1.5632442235946655,1.627002239227295,0.0977183058857917
1992-02-06,-0.0031557399779558,0.0671140551567077,0.5304920673370361,0.5299631953239441,1.4258805513381958,-0.0525235496461391
1994-07-07,1.1690062284469604,0.9768919348716736,0.4935362637042999,-0.3418818414211273,0.719478189945221,0.6863211393356323
1994-08-22,-0.1018560901284217,2.433084726333618,3.795114517211914,-0.1591158658266067,0.4853213727474212,0.0549794510006904
1998-02-27,-0.0539002455770969,2.7462286949157715,1.420232892036438,0.972014307975769,1.2946926355361938,1.0095422267913818
1999-11-10,0.2299642562866211,0.1157479062676429,-2.435633897781372,-0.8529058694839478,-1.2097392082214355,-3.0298407077789307
2005-10-30,-0.989642322063446,-0.4142006039619446,-1.18287992477417,-0.1648663729429245,0.364932507276535,1.3560892343521118
1997-07-17,2.75424599647522,-2.772528886795044,-1.0416240692138672,0.2409885823726654,-0.0232321675866842,-1.0957608222961426
1986-04-30,-1.085792899131775,3.6858062744140634,-0.1407324224710464,-0.4114457070827484,-0.746809720993042,-1.526895523071289
1989-01-10,0.7737036943435669,-1.1247496604919434,-0.1680126041173935,0.4954867959022522,0.2082156687974929,-1.5241361856460571
1990-11-10,-0.6582552790641785,0.3590573370456695,-1.3908873796463013,-1.076576828956604,-2.7257556915283203,-0.5885289311408997
1989-07-29,1.1141760349273682,2.358695268630981,2.0410218238830566,0.4772850573062897,1.2824337482452393,-0.6337223052978516
1992-07-09,1.22947359085083,-1.9298008680343628,-2.413240909576416,-0.4796127378940582,-0.0831292420625686,-1.706652045249939
2001-07-07,2.249462604522705,-1.5598057508468628,-0.5432459115982056,-1.0696395635604858,1.0668646097183228,-0.9266532063484192
1984-10-14,-1.2955371141433716,0.1909556835889816,-1.853236198425293,-1.713271975517273,-3.173943281173706,-2.8693182468414307
1995-06-22,0.2738823294639587,0.4980726838111877,-2.674589872360229,-1.7971326112747192,-0.4740888774394989,-3.611095666885376
1985-01-03,1.6331472396850586,3.018263339996338,0.01954529248178,0.216788187623024,0.6739254593849182,-1.065310001373291
1990-09-30,-0.5795994997024536,0.7197316288948059,2.73501968383789,-0.804402768611908,1.6898666620254517,1.7363710403442385
2004-08-26,-0.3937471807003021,1.2559159994125366,3.1483516693115234,3.638125419616699,1.5544413328170776,2.608084201812744
2005-02-26,-0.6183674335479736,2.983750104904175,2.08115029335022,0.8278732299804688,1.278861165046692,2.4753217697143555
1982-09-15,-0.97056245803833,-0.4517213106155395,0.0928809940814971,0.2403684556484222,-1.972257137298584,1.1013911962509155
1998-09-22,0.3930465877056122,-1.6939395666122437,-2.069556474685669,1.9655649662017824,0.3858181536197662,-0.2935510873794555
1985-07-26,0.5515280365943909,0.116397388279438,-0.2513211667537689,0.6765773892402649,1.2031095027923584,0.7800294756889343
2004-12-04,-0.2435494810342788,-0.7627684473991394,0.2106017619371414,0.3237248063087463,0.8123136758804321,3.742645025253296
1981-10-04,-2.122218132019043,-3.7525925636291504,-0.6743067502975464,0.6224713921546936,-0.6863256096839905,0.4637921154499054
1988-11-03,-1.959643602371216,0.1357872039079666,-0.3929018974304199,-1.104868769645691,-2.955044269561768,2.3660991191864014
1994-09-14,-0.4751090705394745,-0.487770527601242,2.173151016235352,-0.3035327494144439,-0.6412731409072876,1.2311619520187378
1996-07-03,0.2112620323896408,-4.886524677276611,-0.6164727807044983,-1.895341157913208,-1.266464352607727,0.7267388105392456
1983-10-30,-2.14274263381958,-1.5781989097595217,-0.8365173935890198,-2.3525736331939697,-1.9297473430633545,-1.753562331199646
2002-03-06,0.7132786512374878,-1.9129483699798584,1.3549374341964722,0.6605978608131409,1.046690821647644,0.1943695694208145
2005-11-16,0.0084627000615,2.166435956954956,-0.5992653965950012,-0.2197501212358474,0.4990620911121368,-1.6649234294891355
1993-01-14,0.4887472093105316,-0.3116492331027984,0.0629817768931388,0.0271197836846113,0.5163042545318604,-0.7687252759933472
1988-07-16,2.688344240188598,1.222687840461731,1.4207180738449097,0.1840325593948364,0.8701481223106384,4.605385780334473
2006-04-14,1.0354713201522827,-1.945212483406067,0.7525418400764465,0.0563435666263103,0.0728064402937889,2.170511245727539
1995-10-31,-0.3070765733718872,-0.6514918804168701,0.2081102728843689,-1.1024978160858154,-1.612872838973999,-1.220382571220398
2006-06-14,-0.2318203598260879,-1.1096004247665403,0.0695771723985672,0.652479350566864,0.960574746131897,1.3733874559402466
2006-11-12,-0.1184812039136886,-2.106330156326294,0.4130797088146209,-0.4627378284931183,-0.1555515527725219,3.4039626121521
2005-05-23,-1.6718964576721191,-3.252450942993164,-1.3716093301773071,-0.4713000357151031,-4.753355979919434,0.4848262667655945
2005-11-09,-0.4352558255195617,1.4146966934204102,-0.531926155090332,-0.7156713604927063,0.8936206102371216,-1.4796531200408936
1984-11-22,-0.1541936099529266,-0.1323055177927017,-0.9012624621391296,-1.341187834739685,-1.717557668685913,-1.5211931467056274
2000-11-22,0.0668627396225929,0.2143137603998184,-0.6258254647254944,-0.3762663304805755,-0.3665325343608856,2.266829013824463
2005-08-09,1.8117865324020384,-0.0591932013630867,2.352179527282715,1.6504777669906616,3.5775325298309326,1.4517542123794556
1986-09-19,-2.429860591888428,-2.111740827560425,0.659808874130249,2.417772054672241,-2.802363872528076,-0.593295693397522
1989-01-09,1.0311551094055176,-1.1962767839431765,-0.3286219537258148,0.4429790675640106,0.1060881912708282,-1.7339153289794922
2004-10-05,0.0467005111277103,-0.9392823576927184,-1.7176934480667114,-0.9781627058982848,-2.130865335464477,4.025460243225098
2005-12-20,0.3730814754962921,1.3768153190612793,1.7323243618011477,0.017782500013709,1.6563589572906494,3.287513971328736
2007-04-28,-2.0250649452209477,-1.8892474174499512,-1.9642481803894043,-0.1290074288845062,-2.266981840133667,-1.159312129020691
1992-12-24,0.1208426207304,0.2007757425308227,-0.5084793567657471,-0.0102436803281307,-0.90151846408844,-1.8715996742248533
1986-08-18,0.7023984789848328,2.371098518371582,-0.3527321815490722,2.7826712131500244,2.4829118251800537,0.5760341286659241
1986-05-04,-0.4230420887470245,3.5277562141418457,-0.2376512736082077,-0.6524162292480469,-0.7052232623100281,0.3382429778575897
1994-08-25,0.018632797524333,3.672957181930542,4.128851413726807,0.0136427273973822,0.762122631072998,1.7089638710021973
1993-04-11,-1.4377988576889038,4.596421241760254,-0.2208678871393203,0.318316787481308,-2.0106756687164307,-4.517303466796875
2002-11-30,1.0206925868988037,-2.5198824405670166,-2.0369691848754883,-0.1765329837799072,-0.3156710267066955,-2.1676008701324463
2001-01-20,1.5649076700210571,0.1128844544291496,0.8893453478813171,0.7193629145622253,1.9826747179031368,-0.6738756895065308
2003-06-28,0.1148379519581794,-0.0130238849669694,-1.172705054283142,-0.5646394491195679,3.5160229206085205,-0.449074774980545
1986-07-03,-0.617472767829895,-1.1725538969039917,-0.9953711032867432,-0.0732159167528152,0.0150831881910562,-0.4661497175693512
1986-09-22,-2.170387029647827,-4.333715915679932,0.5056845545768738,1.7175147533416748,-2.2631332874298096,0.6951990723609924
1990-10-16,0.3679080307483673,2.2868127822875977,1.5251691341400146,-0.4022490084171295,1.534414529800415,-0.6031695008277893
2002-11-09,-0.1900186538696289,0.7257332801818848,-3.555629014968872,-0.8728948831558228,-1.4197306632995603,-3.499841928482056
1997-03-08,0.8453941941261292,0.3833463490009308,1.0779856443405151,0.6384447813034058,0.9006615877151489,-0.3816977143287658
1984-11-18,1.0778247117996216,0.2339753359556198,-0.6307367086410522,-1.6847130060195925,-0.5318245887756348,-0.6238684058189392
2001-12-03,0.6228457689285278,2.4948925971984863,0.462151437997818,-0.1218724474310875,-0.1063257083296775,1.2306580543518066
1986-07-10,-0.6663120985031128,-1.6769001483917236,-1.4905296564102173,0.9738945960998536,0.0021254466846585,-0.495594322681427
1990-02-15,1.5118093490600586,3.642980337142944,0.5538161396980286,0.6540753841400146,1.5424529314041138,-0.8251008987426758
1995-04-03,-0.8480348587036133,-0.3134172558784485,-0.5514541268348694,0.7670755982398987,-0.6928423047065735,0.4388721585273742
1992-07-01,-0.747477650642395,-0.0125502347946167,-1.3353674411773682,-0.1232037097215652,-1.3049241304397583,-0.0461668148636817
2003-04-19,-1.5712270736694336,-0.3785447180271148,-1.5563664436340332,-0.2612557709217071,-2.1815571784973145,4.487160682678223
1990-07-07,0.4553767442703247,-1.238432765007019,-3.69108510017395,-1.0470112562179563,0.0588293895125389,-3.7909927368164062
1981-11-18,-1.39847993850708,-2.526313066482544,-0.0869203060865402,-0.8527219295501709,-1.265536904335022,-0.6860337257385254
1988-10-08,-2.737112045288086,-0.9616851210594176,-0.376950204372406,-1.2575379610061646,-3.601109981536865,-0.4528266191482544
1991-09-29,-2.7911555767059326,-4.042303085327148,-1.7573927640914917,-1.3065733909606934,-2.564145565032959,-1.0603551864624023
2007-11-10,-1.7000315189361572,0.8440227508544922,-1.2075350284576416,-0.2882317304611206,-0.7028689980506897,0.4410577416419983
1987-04-08,-1.915631890296936,1.2910804748535156,0.1098074913024902,0.1370515525341034,-0.5255576968193054,0.9571351408958436
1990-06-22,1.043466567993164,-0.8565006256103516,-1.7432284355163574,-2.4040369987487797,1.0519245862960815,-0.669007420539856
1982-10-06,-0.3992702662944793,-1.0901901721954346,-1.315963625907898,-2.087376117706299,-2.175035238265991,0.4964493811130523
2001-04-28,-1.6678556203842163,-0.2168788164854049,-1.4519041776657104,-0.8860300779342651,-2.1594808101654053,-0.1176700964570045
1988-04-11,-0.1308517009019851,-0.3185113370418548,0.7327878475189209,-0.1004763841629028,-1.386427640914917,1.2240153551101685
1990-08-01,1.7039892673492432,1.6480988264083862,0.7274358868598938,0.0271241869777441,4.113139629364014,-2.421595335006714
1997-09-16,1.3101297616958618,0.2582542896270752,-0.3001826107501983,0.9277514219284058,0.7376142144203186,2.2267117500305176
1983-11-29,-0.5470761060714722,-1.45175039768219,-0.6666408181190491,-0.7785956859588623,-1.1331357955932615,-1.3126695156097412
2002-06-10,0.2666362524032593,-0.7059689164161682,-0.7002695202827454,-2.4688003063201904,-1.5511547327041626,-2.9237074851989746
1990-03-28,-0.5723671913146973,0.8848665356636047,0.0820789784193039,0.1350999474525451,-0.3283523619174957,-0.889581024646759
2005-12-26,0.3475987911224365,2.660820960998535,1.463240623474121,0.4320180118083954,1.7239478826522827,4.814480304718018
1995-02-02,0.5863887071609497,0.6412347555160522,0.6253147125244141,0.707844078540802,1.4465562105178833,-1.2758175134658811
1982-07-12,1.519482135772705,-0.4897984266281128,1.4567540884017944,-0.4496139585971832,0.6068732142448425,2.233319997787476
2003-12-21,0.8130839467048645,-2.5631871223449707,0.2023255974054336,0.5378020405769348,0.4863454699516296,-0.2625042200088501
1999-06-19,3.3236746788024902,-2.500537872314453,3.4388883113861084,-0.5904996395111084,1.429440975189209,2.7734861373901367
2006-02-22,1.259379744529724,0.3351595103740692,2.4640679359436035,0.8184438943862915,1.5867482423782349,1.823316216468811
1991-07-17,-0.7176204323768616,1.8565797805786133,-2.711667776107788,-0.5744302272796631,0.1400531083345413,-4.969309329986572
2004-09-04,1.079418659210205,0.4624534249305725,-0.1294611543416977,1.9771934747695925,0.0171547271311283,0.8626561164855957
2004-06-11,-1.5122236013412476,-0.5945855975151062,-2.6639416217803955,-0.8412563800811768,-2.246175765991211,-3.2436764240264893
1994-05-28,-0.9880200624465942,0.1335902363061905,-2.080963611602783,-2.0189809799194336,-3.316331148147583,-0.8458800315856934
1984-07-02,1.7048343420028689,0.2369761168956756,-0.7226927876472473,-1.014651656150818,1.596009612083435,-0.8690882325172424
1984-11-29,0.8010092377662659,3.2302839756011963,-3.3068437576293945,-0.8797832131385803,-1.5321075916290283,-2.387136459350586
2003-07-26,0.1141760423779487,3.2586891651153564,2.1510376930236816,2.987294912338257,1.2424252033233645,2.1762752532958984
1996-11-18,-2.291555643081665,-1.9235602617263796,-0.1992715001106262,-1.079766035079956,0.1090779677033424,0.125085100531578
1988-11-19,-0.7586838603019714,-1.034616470336914,-0.6569064259529114,-0.7882079482078552,-2.044453382492065,0.3917161226272583
1996-07-22,-1.1130940914154053,-4.796231269836426,0.2676255404949188,-0.6714110970497131,0.0744049921631813,1.146364450454712
1990-09-21,-1.0904003381729126,1.0162900686264038,1.675667405128479,-0.85249263048172,-0.0331224016845226,-0.5648106932640076
2003-10-15,0.7158949971199036,0.5389033555984497,2.6520590782165527,-1.6015886068344116,0.3302409648895263,-0.3068387508392334
1986-02-05,1.7947776317596436,-0.5155044198036194,1.1423929929733276,0.4595050513744354,1.3889344930648804,-0.0434188395738601
2004-12-19,0.5145938396453857,0.1622705906629562,0.9522333741188048,0.765373170375824,1.4126591682434082,1.4861400127410889
1992-11-13,-1.6500437259674072,0.1639995574951172,-2.4775240421295166,-2.188225507736206,-2.692859172821045,-3.868939876556397
2006-06-11,-0.1422284692525863,-0.5045892596244812,-0.2339490503072738,0.6887423992156982,0.4038181602954864,1.9763249158859253
2002-07-22,2.371535301208496,-0.0235867425799369,0.4886995851993561,0.4065883457660675,1.5431058406829834,1.4200440645217896
1988-10-10,-2.3282179832458496,-0.1257922053337097,-1.096652626991272,-1.1180238723754885,-3.028984785079956,-0.2750314474105835
2002-03-05,0.9294760227203368,-0.07062279433012,1.36965811252594,0.6917986273765564,1.1202404499053955,0.3389343321323395
2004-02-14,1.008232831954956,-2.794055700302124,1.995478868484497,0.8930165767669678,1.5815118551254272,0.0757378712296485
1986-10-13,-2.064304113388061,-2.3356659412384038,-2.359391450881958,-2.395585298538208,-3.8905138969421382,-2.4024133682250977
1991-11-20,-0.8915311694145203,1.966423869132996,-0.0192788243293762,-0.7197501063346863,-1.2709269523620603,-1.2349307537078855
1987-05-31,-0.2360971570014953,-1.5084445476531982,-0.9308375120162964,-1.3677611351013184,-0.6071087718009949,-1.0315043926239014
2000-02-12,3.021109104156494,0.4744032323360443,1.6897183656692505,0.7531249523162842,1.5589324235916138,2.2373626232147217
2004-03-22,-2.220982789993286,-2.530984401702881,0.9109269976615906,0.5824900269508362,-0.1963888704776764,-0.2470545470714569
1995-05-20,-1.7958961725234983,-0.253035306930542,-2.239584684371948,-1.3591734170913696,-1.0261906385421753,-1.8091695308685305
2003-10-02,2.589287757873535,-0.6522717475891113,2.896043539047241,1.5288952589035034,1.6983381509780884,1.6697298288345337
2004-07-30,0.3680246770381927,1.2539141178131104,2.5913503170013428,2.538233757019043,2.3429625034332275,2.1660149097442627
1990-12-12,0.0598334521055221,-1.3810768127441406,-1.396162986755371,-0.4076446890830993,-0.3621914982795715,0.9352538585662842
2006-12-11,1.793092966079712,0.4868372678756714,0.244344413280487,0.3610205352306366,1.8103041648864744,1.3502041101455688
1995-01-17,0.6209474205970764,2.0019681453704834,0.5829086899757385,0.4290152192115783,1.1462429761886597,-0.2190742939710617
2000-01-25,1.6251132488250732,1.1929612159729004,1.5106643438339231,0.8804182410240173,1.4182603359222412,1.1922038793563845
1997-06-22,0.0750376358628273,1.843233704566956,-1.5950894355773926,-0.7297930121421814,-0.7785975933074951,-0.7726942896842957
1995-12-23,0.8530924916267395,1.4368128776550293,-0.5476744174957275,-0.1122223809361457,-0.3436411023139953,-0.3924785852432251
1989-12-21,-1.2545485496520996,-0.7985906004905701,-2.500416040420532,-0.5908216238021851,-0.2393950819969177,-2.2379961013793945
1988-06-19,0.2960741817951202,0.6029459238052368,-0.3946778476238251,-1.952224850654602,-1.9611815214157104,0.3297271132469177
1992-02-09,-0.066946841776371,1.621180772781372,0.8372266292572021,0.6234712600708008,1.4817699193954468,-1.0011128187179563
1999-05-20,1.8468471765518188,-2.6242072582244877,0.7526141405105591,-1.4276562929153442,0.0003430653887335,-0.1527058333158493
2004-10-03,0.2103781998157501,-0.6429972052574158,-1.664426326751709,-0.8461831212043762,-2.279679536819458,3.880087614059448
1987-04-17,-2.0976665019989014,2.2859411239624023,-0.1321408003568649,0.0363478995859622,-0.3227087557315826,3.295762062072754
1992-01-27,-0.0148709313943982,-0.0670180395245552,0.1106704100966453,0.1904158145189285,1.0982530117034912,1.7322124242782593
1992-02-12,0.1047808229923248,1.25319242477417,0.6451027393341064,0.5781915187835693,1.523991346359253,-0.3118849992752075
1989-05-01,-1.1378568410873413,2.563119888305664,-1.0119017362594604,-0.8860300779342651,-1.5694843530654907,-2.427667617797852
1987-02-26,-0.2328929603099823,-0.6880084276199341,0.4242128729820251,0.7285264134407043,1.4322364330291748,0.3616190552711487
2004-11-23,-0.7470577955245972,-2.6017441749572754,-0.966659128665924,-0.0986030101776123,0.2468690425157547,1.8173353672027588
2006-02-01,1.6415913105010986,1.0464617013931274,2.177471876144409,1.9402016401290891,1.9886943101882932,0.797668993473053
1983-06-11,-0.0207369793206453,-0.4148407876491546,-1.297760009765625,-1.020664095878601,-1.5277754068374634,-0.0914248526096344
2004-10-19,-2.735581636428833,-0.5800212621688843,0.2655086815357208,0.4158977270126343,0.8566727042198181,5.082526206970215
1998-05-21,0.0094040986150503,2.654451370239258,0.1543968468904495,-0.7662569880485535,1.5570541620254517,0.653376042842865
1989-06-10,0.6030607223510742,0.2444757372140884,-0.7064295411109924,-0.9980744123458862,-3.1602110862731934,-0.4072079658508301
1983-05-23,-0.7559182047843933,-0.913038969039917,-0.0395725965499877,-1.5891538858413696,-2.236212491989136,0.0408365130424499
1998-12-28,0.3276097774505615,-1.1991949081420898,-0.2967690825462341,0.7120168209075928,0.4539588987827301,-1.085513710975647
1996-03-12,-0.652637243270874,-0.0953251272439956,1.528123140335083,0.4299063086509704,0.6521487832069397,0.6693081259727478
1989-02-04,0.6047752499580383,-2.1255202293396,0.4324015974998474,0.6694965362548828,1.3589357137680054,0.0765762776136398
1987-07-14,2.883597612380981,0.2770879864692688,3.067089319229126,-0.9960535764694214,2.2937264442443848,-0.8047216534614563
1992-02-04,-0.075217455625534,-0.0155044309794902,0.6023845076560974,0.4194965064525604,1.3689149618148804,-0.4434127509593963
1999-08-19,0.1695503741502761,2.023519992828369,3.437046527862549,3.160778284072876,0.7906305193901062,3.622926712036133
2001-10-22,-1.0631901025772097,2.74435830116272,0.9527817368507384,-0.8550718426704407,-0.2708340585231781,1.533258318901062
2006-04-12,0.20235176384449,-1.7140589952468872,0.6978762745857239,0.156343013048172,0.4972985684871673,1.655747413635254
1986-02-25,1.2431174516677856,-0.9826065897941588,0.6821157336235046,1.1176377534866333,1.455104112625122,-0.2115300595760345
1992-04-24,-1.5019097328186035,3.512359142303467,-1.4231690168380735,-0.6681320071220398,-3.092024326324463,-0.8660420179367065
1983-02-10,1.582572102546692,0.0544790215790271,1.2003958225250244,0.4565795958042145,1.5124216079711914,2.303086280822754
2004-08-19,-0.0218695160001516,2.203073740005493,2.315103530883789,4.190890312194824,3.055328607559204,0.9649831056594848
1994-05-13,-1.033347725868225,0.417652815580368,-1.63886296749115,-1.4738378524780271,-3.410821914672852,-2.2759811878204346
1991-05-23,0.4794053137302398,-0.2155437022447586,-2.7356178760528564,-1.7762666940689087,-1.2929519414901731,-2.7966055870056152
1994-05-17,-1.0856958627700806,-0.980950117111206,-1.3488092422485352,-1.484412670135498,-3.245220184326172,-2.110805034637451
2005-06-21,-0.943086326122284,-3.001049041748047,-1.7447423934936523,2.8780148029327397,-1.7014999389648438,-2.0838329792022705
2005-09-14,0.3801370561122894,-0.0317237302660942,1.139789342880249,0.6177538633346558,1.3876081705093384,4.016689777374268
1983-01-21,1.2924411296844482,0.794363260269165,0.5295953154563904,0.1047409996390342,0.7982532978057861,0.6321131587028503
1990-11-08,-0.8544267416000366,0.6841525435447693,-1.2930365800857544,-1.249148726463318,-2.9905765056610107,-0.8148356676101685
2000-02-03,2.471577882766724,1.2964617013931274,2.047466993331909,0.7801979780197144,1.5387126207351685,1.6376652717590332
1995-06-16,-1.2291489839553833,3.918297052383423,-2.2755255699157715,-0.7724207043647766,1.9537118673324585,-1.5426063537597656
1999-04-18,0.03421501070261,3.2799184322357178,0.8910666108131409,-0.2862312197685241,-1.8469141721725464,1.6609500646591189
1985-10-07,-0.970856785774231,-1.083178997039795,-0.8701074719429016,-2.324042797088623,1.0734513998031616,-1.4257038831710815
1992-04-28,-2.3257832527160645,1.5658111572265625,-1.8307348489761357,-1.0614396333694458,-2.986799955368042,-4.036905288696289
2005-04-16,-1.185786247253418,-1.200061917304993,0.0110617447644472,0.2137687802314758,-2.256917953491211,5.610931873321533
1981-10-25,-1.7155622243881226,-0.7700237035751343,0.0054989154450595,-0.4640766382217407,-3.123307704925537,-0.4574823081493377
2003-05-20,-0.1606093347072601,-1.9555644989013672,-1.585623860359192,-1.4962679147720337,-1.9029372930526731,-1.5666252374649048
1984-01-06,-0.0979655683040618,-0.4673497378826141,-0.4221136569976806,-0.3196703791618347,-0.0654971823096275,-1.0753424167633057
2006-07-05,0.0136805782094597,0.6431072354316711,0.9694618582725524,2.0939202308654785,1.7821242809295654,1.954417943954468
1990-10-02,-0.4422254860401153,1.43740975856781,2.605691909790039,0.0924726352095604,1.9136804342269895,0.4937908947467804
1990-09-08,1.61942720413208,1.3824669122695925,3.0705511569976807,0.2072044014930725,0.8471413254737854,1.8126683235168457
2006-12-17,2.0354599952697754,-0.9385747313499452,-0.270435482263565,0.5791612863540649,2.0606231689453125,1.0720014572143557
2001-10-29,-0.6770716905593872,1.4385044574737549,0.0881151482462883,-0.8625075221061707,0.3871271014213562,0.0696259289979934
2006-05-02,-0.2112956941127777,-1.0050036907196045,0.4757319986820221,-0.8550540804862976,0.2061963826417923,2.2362279891967773
1994-09-18,-0.3949362337589264,-0.5137129426002502,1.049652934074402,-1.5299063920974731,-1.5515271425247192,0.308110237121582
1988-12-19,-0.42630136013031,-2.921558380126953,-1.3161518573760986,-0.0287144500762224,-0.287314236164093,1.4161778688430786
1993-08-10,0.0262810923159122,2.598804473876953,0.1174331530928611,3.4603097438812256,3.675658702850342,1.7979114055633545
1987-03-23,-2.326441764831543,1.1420365571975708,0.4239007830619812,0.4965277910232544,0.1721549183130264,-0.8187137246131897
1993-09-16,-0.933203101158142,3.161557912826538,0.3620972335338592,-0.5336334109306335,-1.3309671878814695,-1.823249340057373
1997-04-16,-1.0245262384414673,-2.9452126026153564,-1.3074556589126587,0.0263447873294353,-1.507180094718933,-0.8994960784912109
1982-01-28,-0.1052833944559097,0.7197250723838806,0.9380831122398376,0.7814562320709229,1.6355513334274292,1.1499310731887815
1991-09-09,-1.5618771314620972,0.1268458813428878,-2.54140305519104,-1.7501280307769775,-1.1656030416488647,-0.0305388551205396
1988-04-16,-1.2876689434051514,0.7759312391281128,0.20785553753376,-0.243650883436203,-1.6826940774917605,0.5457620620727539
1984-04-22,-0.812989354133606,-2.173858642578125,-0.1769229769706726,-0.8234631419181824,-1.9936519861221316,0.2095650434494018
2002-01-15,2.2009644508361816,-0.3880464732646942,1.2828904390335083,0.4890127778053283,1.1962307691574097,0.0809134989976883
2002-08-01,3.407317876815796,-2.061273097991944,1.3412643671035769,2.985179662704468,2.0767078399658203,-0.4583191871643066
1998-08-04,1.5205721855163574,2.5221967697143555,3.137098550796509,4.37187385559082,2.741971969604492,3.1468937397003174
1981-10-01,-1.931139707565308,-1.4722955226898191,-1.1673964262008667,0.1234193369746208,-0.8041357398033142,-0.2803564369678497
2004-04-21,-2.8819146156311035,1.932372450828552,-0.0131653975695371,-0.3081161379814148,-2.242018222808838,-0.0660236850380897
1996-01-21,-0.5111551284790039,0.1949515789747238,0.419530838727951,0.6069666147232056,1.0701595544815063,-0.2107522040605545
1998-05-10,0.315332293510437,-1.155229926109314,-0.0328512117266655,-0.6499040126800537,1.67544424533844,1.1332824230194092
2005-10-01,-0.5807256102561951,2.4177355766296387,0.4260423481464386,-0.7311145067214966,-1.941676497459412,2.249746799468994
1993-05-19,-0.9288949966430664,4.2779221534729,-1.7221707105636597,0.5692403316497803,-2.56260085105896,-2.7559814453125
1994-03-25,-0.0709889903664588,-1.1409698724746704,0.2509233057498932,0.6224985718727112,-0.3163839876651764,-0.3970484435558319
1990-01-24,0.1396074295043945,-0.7703235745429993,0.0974025055766105,0.3209299743175506,0.8627643585205078,-1.1681193113327026
2000-06-06,-1.0407259464263916,-1.044815182685852,-0.3577576279640198,-0.8906592130661011,-2.257786512374878,-1.651422381401062
2004-04-20,-2.860718250274658,2.069570779800415,0.2304841428995132,-0.1986040025949478,-2.0908005237579346,0.0293551627546548
1998-09-24,-0.5570847988128662,-0.7510371208190918,-1.88275945186615,1.3720909357070925,0.2957063615322113,-0.6523773074150085
1987-03-17,-0.7364654541015625,0.8920985460281372,0.5400286912918091,0.5347703099250793,0.5135239958763123,-0.9989796876907348
1984-04-25,-1.0207217931747437,-1.55045485496521,0.260482907295227,-0.9786027669906616,-2.140788316726685,0.2993441820144653
1993-03-04,-1.091896653175354,3.047898292541504,0.6004642844200134,0.5393624901771545,1.1559473276138306,-0.336203783750534
2000-08-26,1.6043144464492798,1.6955674886703491,4.252627849578857,4.2654900550842285,1.4624643325805664,3.4561150074005127
1988-11-20,-0.7415372729301453,-1.1035834550857544,-0.6792824864387512,-0.7797476649284363,-1.9309306144714355,0.4150631129741668
2001-02-01,1.7047812938690186,0.2544845938682556,1.1023844480514526,0.8095111846923828,1.7689088582992554,1.1965713500976562
2000-07-14,0.222381979227066,0.1465578079223632,3.108339548110962,0.8155844211578369,1.270058035850525,0.5406699776649475
1990-08-28,3.064055919647217,2.29660439491272,2.069131135940552,0.1538456827402115,0.8631010055541992,-0.144422173500061
2004-07-21,0.7815085053443909,1.0264010429382324,1.2686983346939087,3.36657977104187,2.4930875301361084,-0.449951022863388
1986-11-03,-1.138740301132202,-1.6181640625,-2.677917242050171,-1.5188809633255005,-2.9743049144744877,-1.257548451423645
2002-10-23,0.1294134557247162,1.0727519989013672,-1.7315996885299685,-1.4947558641433716,-1.0780879259109497,-0.1699259132146835
2004-01-30,0.96647846698761,-1.8133277893066408,1.4862085580825806,0.4252458810806274,1.5815825462341309,1.210501194000244
1986-06-28,-0.2970837950706482,2.622299194335937,-1.0913220643997192,-0.0649332925677299,-3.032467126846313,-1.1945205926895142
2005-12-31,1.1520344018936155,3.1826441287994385,2.5078790187835693,0.7403576970100403,1.6444942951202393,1.4846551418304443
1987-04-30,-2.685799121856689,1.1558074951171875,-0.5107275247573853,-0.681434690952301,-0.736799955368042,2.953084945678711
2004-04-02,-2.3250856399536133,0.2307018786668777,1.0445563793182373,0.0445149540901184,-0.9295707941055298,0.4423205554485321
1988-01-31,-0.5124666094779968,-0.64458829164505,0.5871152877807617,0.4119464159011841,1.241326928138733,1.3518892526626587
1985-11-19,-0.4155654311180115,-0.1754719167947769,-1.2240500450134275,-1.7065171003341677,-1.5681205987930298,-3.5712814331054688
1986-05-11,-1.1479753255844116,2.530143976211548,-0.8999153971672058,-0.7370209693908691,-0.5293727517127991,0.5501772165298462
1993-08-28,1.4043327569961548,0.6355394124984741,0.4326204359531402,2.5454885959625244,0.7724618911743164,0.3660882711410522
2004-09-22,-0.3270738124847412,-0.6910395622253418,-0.2827533483505249,0.3120628893375397,-1.5742887258529663,2.3776214122772217
2001-08-11,-0.3730217814445495,1.2788184881210327,1.4527169466018677,0.4770312011241913,4.537415504455566,0.5807408094406128
2007-01-27,2.6820225715637207,0.5637693405151367,1.362094759941101,0.8973003029823303,2.2539656162261963,2.11934232711792
1982-03-10,-0.4405190944671631,0.7693735361099243,0.5396715402603149,0.9617876410484314,1.0102550983428955,0.1189636141061782
1988-10-14,-2.3155548572540283,-0.5514285564422607,-0.3753864765167236,-1.2102843523025513,-3.1659417152404785,-0.1450613588094711
2004-05-11,-1.378350853919983,-0.581466794013977,-1.4328943490982056,-0.461163580417633,-2.294236898422241,-0.2664384245872497
1998-01-04,0.6169109344482422,0.083695150911808,-0.2287772595882415,0.5213639736175537,0.2972296476364136,-0.3983740508556366
1986-01-15,1.252173662185669,-1.25828754901886,-0.2801793813705444,0.1383008956909179,0.3650998175144195,0.0060686613433063
1986-01-13,1.1852998733520508,-1.4345557689666748,-0.4411163032054901,0.14835786819458,0.3060110807418823,-0.3272036015987396
1996-08-02,-0.3926698267459869,-4.931268215179443,0.7812668681144714,1.9251822233200075,2.9167346954345703,2.2716917991638184
1985-01-09,2.3374991416931152,1.951302528381348,0.1893589794635772,-0.1302116960287094,0.7618656754493713,-1.6245752573013306
2007-12-19,-0.0554134659469127,-1.9977331161499023,-0.8077763915061951,0.525352418422699,0.4026494324207306,0.7261302471160889
2006-11-09,-0.2252338379621505,-3.115302085876465,0.648097038269043,-0.4856909215450287,-0.7663830518722534,1.8303444385528564
1984-02-03,1.295013666152954,3.5608508586883545,0.7651618123054504,0.271751344203949,1.2640554904937744,0.6855395436286926
1985-08-18,3.3224241733551025,1.861119270324707,-0.9127297401428224,2.6826651096343994,3.0628983974456787,-1.4039463996887207
1987-08-06,2.568179130554199,0.9448280334472656,2.7331864833831787,2.393052339553833,1.7630422115325928,2.028639793395996
1987-11-12,-2.634366512298584,-0.3428087532520294,-1.2186400890350342,-1.5598729848861694,-2.7628724575042725,-1.199471950531006
1991-04-19,-1.3295942544937134,-0.1071676164865493,-1.6824437379837036,-0.7096325159072876,-1.3414207696914673,-1.3587452173233032
1996-03-31,-0.4264593124389648,-1.3821961879730225,0.6449854373931885,-0.0335837677121162,-0.803392231464386,1.3102531433105469
1996-08-25,0.8555027842521667,1.0190788507461548,2.547872543334961,2.5632336139678955,2.8363161087036133,1.15653657913208
1989-06-04,0.9544517397880554,1.3018558025360107,-0.6606640815734863,-1.0508217811584473,-0.4719415605068207,-0.9012511968612672
2000-02-06,2.2425758838653564,0.5944875478744507,1.8903982639312744,0.8765929937362671,1.5424203872680664,1.4530802965164185
2004-01-19,1.078841209411621,-1.0050606727600098,1.2595272064208984,0.8169580698013306,1.3101497888565063,1.129274606704712
1984-07-19,0.8076667785644531,2.0215089321136475,1.8575470447540283,-0.812101423740387,3.302273988723755,2.9469423294067383
1988-02-23,0.1101247146725654,-1.3960057497024536,1.381279468536377,0.7128005027770996,1.4929732084274292,3.0977792739868164
1997-03-14,0.6535186767578125,-0.2178868353366851,-0.0299786105751991,0.6847642064094543,0.5135239958763123,3.0710277557373047
1984-03-30,0.5897095799446106,-0.0840893760323524,0.7746233940124512,0.0750807896256446,-0.4173949062824249,0.9070736169815063
1987-08-01,3.159238815307617,0.837059736251831,3.35338830947876,2.0929510593414307,2.5670502185821533,1.706490159034729
1983-01-16,1.302161455154419,1.67170512676239,0.3098169565200805,-0.0417222902178764,0.5750913023948669,0.5760454535484314
1995-02-26,0.1099800243973732,1.586926817893982,1.101695895195007,0.717315673828125,1.3786687850952148,-1.3564714193344116
1990-01-11,-0.43490731716156,-0.1841707527637481,-1.2688452005386353,0.0172891430556774,-0.0218060296028852,-1.995227932929993
1994-08-20,0.479547917842865,3.463491916656494,3.667026996612549,0.990795373916626,1.060619592666626,-0.2770673036575317
2006-07-13,2.352386951446533,0.7665834426879883,2.418337106704712,-0.034421656280756,2.8000566959381104,2.910695552825928
1983-04-24,-0.8512258529663086,-0.5085495710372925,0.9836116433143616,-0.8812508583068848,-0.8215412497520447,3.8071677684783936
2003-05-10,-1.1687895059585571,1.826422452926636,-1.6554867029190063,-0.1067428141832351,-4.237553119659424,-1.846092104911804
1998-09-14,-1.1649638414382937,-3.4837870597839355,-1.1434584856033323,3.1959307193756104,1.2327115535736084,-0.9117743372917176
1999-12-31,1.9531545639038088,1.2382646799087524,0.1595294177532196,0.7867954969406128,0.7039547562599182,0.4846777319908142
1983-07-30,0.923863649368286,-0.1086727678775787,2.8626718521118164,1.9858088493347168,1.743890643119812,2.3479621410369877
2002-12-16,1.32369863986969,-1.621540069580078,-1.6561481952667236,0.1712977588176727,-0.167319118976593,-1.9238489866256716
1994-02-18,0.978010892868042,0.8533526659011841,0.958378791809082,1.1279492378234863,1.530032753944397,1.5308809280395508
1997-10-10,-1.384311318397522,-0.2756684720516205,-0.1993876844644546,0.0244281664490699,-1.5204882621765137,-0.9624109864234924
2000-05-22,-0.3560170829296112,-1.4787495136260986,-0.5230646729469299,-1.213702917098999,-1.0687966346740725,1.1446388959884644
2006-02-06,1.601901650428772,0.3565261363983154,2.251961708068848,0.6393658518791199,2.0784645080566406,0.903326153755188
1998-12-16,-0.2880971729755401,-3.3187618255615234,-1.3100719451904297,0.6867767572402954,-0.2484233230352401,-1.5173189640045166
1994-07-15,3.408345460891724,5.662690162658691,1.7106961011886597,0.064037449657917,2.580139636993408,1.5253994464874268
2001-01-06,1.4211697578430176,-0.2762633860111236,0.1713780611753463,0.5629741549491882,2.166085720062256,-0.1439190208911895
1995-05-11,-1.144689679145813,-4.185228824615479,-2.992842674255371,0.4501020610332489,-2.1945509910583496,-2.506732225418091
1998-12-04,-0.9471615552902222,-1.9250904321670528,-0.447852224111557,-0.1118931993842125,-0.6063256859779358,-2.1393370628356934
2006-03-20,0.0743540003895759,-0.4218879044055938,1.531570315361023,0.4163254797458648,0.0171909723430871,1.1799514293670654
1984-04-27,-1.9140559434890747,-1.4356372356414795,-0.0381190702319145,-1.0781714916229248,-2.2342865467071533,-0.0423621200025081
1990-10-01,-0.116614744067192,0.7029738426208496,2.8493812084198,-0.0014012723695486,2.045817852020264,1.7344141006469729
1996-10-23,-1.4931827783584597,0.1143533512949943,-1.5672377347946167,-1.8150633573532104,-2.080831527709961,-1.416723370552063
1983-04-20,-1.4145103693008425,-0.4752112925052643,1.2625516653060913,-0.6936564445495605,-1.057198405265808,5.220499038696289
2007-09-13,-1.443212866783142,1.9715858697891235,0.8920960426330566,0.2263763546943664,-1.6609842777252195,2.576744556427002
2000-10-10,-0.1555224806070327,-0.5490650534629822,0.0167588721960783,-0.3632659018039703,-0.7539604306221008,0.2206781953573227
1992-08-13,-0.8430230021476746,3.0788064002990723,0.4327279031276703,0.0970568358898162,-0.8325795531272888,-3.3092739582061768
1991-01-22,1.108839988708496,0.584966242313385,-0.0404911451041698,0.5969568490982056,0.8101497888565063,-1.140744924545288
1988-07-21,0.6912921667098999,-0.4973298013210296,1.1249762773513794,1.4795665740966797,1.9727097749710083,3.731867551803589
2002-10-17,0.3781940340995788,1.6946885585784912,-1.8649638891220093,-1.7083739042282104,-0.6287528872489929,1.853808879852295
1982-09-29,-1.4099024534225464,0.3273118436336517,-0.5063024163246155,-1.548337459564209,-2.0062506198883057,0.9502469301223756
1991-03-17,0.4141853153705597,2.078793525695801,0.2377256900072097,0.3157840371131897,0.4406895637512207,1.404662847518921
1989-01-26,0.7347129583358765,-1.8802809715271,0.3980745375156402,0.8414537906646729,0.9955671429634094,-0.1500567644834518
1985-10-14,-0.8055163621902466,-0.9490589499473572,-1.983241081237793,-2.373275756835937,-0.6339653134346008,-2.7493231296539307
2007-07-08,-1.8155851364135744,-0.092839702963829,-1.854447364807129,0.8953859210014343,1.7626409530639648,-1.5162503719329834
1994-02-08,1.3730555772781372,1.141169786453247,0.8572156429290771,0.4634675979614258,1.4817699193954468,2.618882179260254
1998-12-17,-0.18631112575531,-3.281543731689453,-1.1861469745635986,0.7212855219841003,-0.147330105304718,-1.4838465452194214
1988-01-01,-1.639635682106018,-3.249284267425537,-0.373542845249176,0.5908420085906982,-0.4642027914524078,-0.0781209990382194
1989-06-03,0.8721213936805725,1.8036330938339236,-0.6107475161552429,-1.1023844480514526,-0.574318528175354,-0.7851679921150208
2000-08-29,1.6751893758773804,1.95085608959198,4.376535415649414,3.6664280891418457,1.2861443758010864,3.40653657913208
1987-09-26,-1.1427823305130005,0.5618827939033508,0.3728127181529999,0.3933747112751007,-1.1402740478515625,-0.0336545072495937
1990-07-22,0.3417994678020477,1.211922287940979,0.1807892620563507,0.3050902783870697,0.824229896068573,-2.9677109718322754
1983-12-02,-0.4028776288032532,-1.5756487846374512,-1.2869318723678589,-0.6122717261314392,-1.3516663312911987,-1.405620574951172
2007-06-06,-1.7369356155395508,-3.665527820587158,-2.4164514541625977,-2.9280669689178467,-2.450189113616944,-2.42722749710083
1991-11-06,-1.0783917903900146,-0.5688169002532959,-0.4417821764945984,-1.090489625930786,0.4561509788036346,-1.81856107711792
1990-01-10,-0.4563073217868805,-0.3147520720958709,-1.368024826049805,0.155490443110466,-0.0918026491999626,-2.0541348457336426
1994-12-30,0.6603826284408569,-0.3492903113365173,-0.0035477229394018,0.6008517742156982,0.6058045029640198,-0.978114902973175
1997-01-03,0.1399805694818496,-0.4714012742042541,0.8851855397224426,0.736177384853363,1.376855492591858,0.5485163331031799
1999-05-22,-0.0682367160916328,-1.5870792865753174,0.7658196687698364,-0.7849616408348083,-0.2759949266910553,-0.0008539846749044
1989-03-07,0.1940241307020187,0.3402815461158752,0.7221494913101196,0.6819643974304199,1.061327338218689,0.0820550173521041
1992-10-12,-2.015538454055786,0.6009593605995178,-3.633234977722168,-2.5732879638671875,-1.3339470624923706,-1.879327893257141
1986-03-11,1.4353904724121094,-0.9766389727592468,0.6280039548873901,1.1284350156784058,0.9006615877151489,-0.4016867280006408
2003-12-04,-0.0702256336808204,-2.473831415176392,-0.4084965884685516,0.2060160040855407,-0.5015308260917664,0.8766871690750122
2002-09-12,2.244892120361328,0.7422099709510803,0.4231509268283844,-0.8435412645339966,0.0287402775138616,-0.948830783367157
1993-02-20,0.1610985398292541,1.1251811981201172,0.6925140619277954,0.5588679909706116,1.5079632997512815,-1.699746012687683
2000-11-02,-0.5294486284255981,-1.054513454437256,-0.9197736382484436,-1.295640468597412,-1.8048049211502075,-0.7343924045562744
1985-05-13,1.215326189994812,-3.5552237033843994,-2.832869529724121,-1.3198869228363037,-2.7445387840271,-2.436724901199341
1985-07-30,0.5141699314117432,0.9986793398857116,-0.0389648005366325,0.1772972494363784,2.1024410724639893,0.9862728118896484
1988-01-26,-0.8071221709251404,-0.4946949779987335,0.2836693823337555,0.3616401255130768,1.0703959465026855,0.9164859056472778
1987-10-13,-2.434299230575561,-0.0556672550737857,0.0305927880108356,-1.285569429397583,-2.3305163383483887,-0.3123866021633148
1999-07-19,2.6612935066223145,-0.7673187851905823,2.654974937438965,1.519575119018555,3.352714776992798,1.271876096725464
1982-10-27,-1.3431888818740845,-1.3656271696090698,-1.4872206449508667,-1.8250731229782104,-2.280843734741211,1.603265643119812
1987-11-15,-2.1800425052642822,-1.1059894561767578,-1.5875399112701416,-1.3382195234298706,-2.502856731414795,-0.8489508032798767
1997-08-24,-0.5613538026809692,-1.847031831741333,1.758856177330017,1.853639006614685,0.932136058807373,1.1789345741271973
1989-01-31,0.7920383214950562,-2.5262269973754883,-0.0079003358259797,0.7173076272010803,1.2239667177200315,0.3593325912952423
1986-04-19,0.2354835718870163,1.274788737297058,-0.3074557185173034,0.9163289070129396,-0.5571984648704529,-2.119497299194336
1999-03-22,-0.4656545519828796,4.4281182289123535,2.4215850830078125,0.4263352453708648,0.067178763449192,3.80992579460144
1991-08-27,-1.354488730430603,3.2390799522399902,-0.2621251046657562,-0.3967579007148742,-0.7936887145042419,2.236523151397705
1986-04-14,0.7040117383003235,2.620330810546875,-0.3161782622337341,0.4363448321819305,-1.4464610815048218,-2.8698205947875977
2004-12-24,0.4893947243690491,-0.0311744511127471,1.0635548830032349,0.7726855874061584,1.5049203634262085,1.087782621383667
1985-07-06,0.0512583702802658,-1.5065199136734009,-1.506456971168518,-1.385331392288208,1.263534426689148,-2.823248863220215
1988-10-13,-2.105534791946411,-0.4290394484996795,-0.8332167267799377,-1.183273196220398,-2.713951826095581,0.1806696504354477
1992-03-06,-1.3559637069702148,2.980265617370605,0.472149521112442,0.6519656181335449,1.061327338218689,0.292046457529068
1990-03-19,0.1206795275211334,2.4480788707733154,0.2665948569774627,0.3848993480205536,0.288084477186203,-1.1023722887039185
1996-07-13,-2.014436721801758,-2.470179557800293,-0.065360851585865,-1.34672212600708,0.7724425196647644,1.1510809659957886
1999-06-12,3.621988534927368,-3.215460062026977,0.4626532793045044,-1.225184679031372,-0.3492536842823028,0.0711729004979133
1993-05-04,-2.531198501586914,2.3398358821868896,-2.087733030319214,-1.1604598760604858,-2.9236648082733154,-0.8090099692344666
2007-07-11,-0.9144611954689026,-0.5001784563064575,-1.7453535795211792,0.6032596230506897,0.3424498438835144,-0.1789056360721588
2002-10-21,-0.0948363319039344,1.0767583847045898,-2.07153844833374,-1.47483491897583,-1.24260675907135,-0.1725856661796569
1987-11-02,-1.7270900011062622,-0.8615138530731201,-0.6519055962562561,-1.4325149059295654,-1.382861852645874,-1.840377688407898
1991-03-15,0.44125497341156,1.6640679836273191,0.2301739454269409,0.7328063249588013,0.5840173959732056,1.885898232460022
2002-07-01,0.4407098293304443,2.160679578781128,-0.8372829556465149,-0.1085760220885276,0.2488227188587188,0.151733323931694
1985-02-27,1.7293809652328491,-0.0448453724384307,0.4540580511093139,0.6384207010269165,1.4067555665969849,-0.9767021536827089
1996-12-11,-0.8152902126312256,-1.6314239501953125,0.3411698639392853,-0.5511418581008911,0.0764677748084068,1.0404582023620603
1988-09-24,-2.5169570446014404,-0.913940727710724,0.4404228329658508,-0.704448401927948,-1.854172110557556,-0.9235559701919556
2005-09-20,0.7630416750907898,0.0160519462078809,0.5204399228096008,0.475544273853302,1.5058132410049438,1.8164647817611692
1988-06-13,-1.3333698511123655,-2.1759395599365234,-0.8702524304389954,-1.2888076305389404,-2.231178045272827,-0.0636916831135749
1985-12-02,-0.1049019321799278,-1.2736557722091677,-3.396913766860962,-0.8336037993431091,-1.802341103553772,-2.679705619812012
2003-03-19,-0.2364455163478851,-1.3179548978805542,-0.0660894438624382,0.5565253496170044,0.0421805530786514,-0.8687015175819397
1986-11-29,-0.3089760839939117,-0.7797258496284485,-2.9868364334106445,-0.5497661232948303,-1.2720978260040283,-2.857137680053711
1984-08-30,2.9943289756774902,1.585551619529724,2.3326144218444824,-0.3345162272453308,2.7524728775024414,1.7361139059066772
2007-09-30,0.0907504856586456,-0.5901901721954346,1.324051022529602,-1.9874004125595093,-1.2050338983535769,3.2964677810668945
2002-03-29,-0.062772125005722,6.111623764038086,0.2403276711702346,0.3298332095146179,-0.436506986618042,0.5689693689346313
2002-10-25,0.167255014181137,1.2917962074279783,-1.526519775390625,-1.2525676488876345,-1.0197436809539795,-0.3635781407356262
1981-12-05,-0.3992902934551239,-0.599899411201477,-0.2169923931360244,0.1434743404388427,-0.0656710341572761,0.1923845559358596
1991-04-23,-1.2204859256744385,0.4159403443336487,-1.3172414302825928,-0.9096534252166748,-1.080632567405701,-0.876240074634552
2004-11-01,-0.6094657182693481,-1.7845244407653809,-0.9697919487953186,-0.3456282615661621,0.6951951384544373,2.065595388412476
1982-07-10,1.1090086698532104,-3.723089694976807,-1.8464906215667725,-0.3318720757961273,0.3994708657264709,-0.3437081575393677
2004-05-20,-0.1582330465316772,-1.0370914936065674,-1.9341925382614136,-1.9549444913864136,-2.555993795394897,3.749145984649658
1988-05-27,-1.031912326812744,-0.5324496626853943,-0.2616239488124847,-1.3313158750534058,-1.223357081413269,0.4748165011405945
1991-02-15,0.7517995834350586,1.2229669094085691,0.7837966084480286,0.5740888118743896,1.5424529314041138,-0.7550935745239258
1991-12-27,0.6040279269218445,1.6568061113357544,-0.322809636592865,0.4022114276885986,0.587800145149231,2.408563137054444
1993-06-04,-2.4830358028411865,1.6001570224761963,-2.4104528427124023,1.490889549255371,-1.9988093376159668,0.6026439070701599
1997-02-12,0.7910981774330139,0.8444288372993469,1.8097134828567505,0.5431029796600342,1.5589324235916138,1.2673615217208862
1997-04-14,-1.2476603984832764,-2.644051551818848,-0.942138373851776,0.086366206407547,-1.4226843118667605,-0.8942403793334961
1983-10-09,-1.8296303749084477,0.0069966902956366,0.0955528989434242,-1.7661659717559814,-1.609666109085083,2.520102262496948
2001-10-30,-0.8987196087837219,1.411834716796875,0.4320681691169739,-0.8988859057426453,0.3157037198543548,0.0124710379168391
1996-08-01,-0.2819692194461822,-3.79607367515564,0.5913504362106323,1.968226432800293,1.442968726158142,2.2160027027130127
1999-03-18,-0.1134362518787384,3.930732727050781,2.057840585708618,0.4930509030818939,0.3083346486091614,2.846946477890014
1990-10-03,-0.6564233899116516,1.3330299854278564,2.0139424800872803,0.1371210366487503,1.6834065914154053,0.4244627356529236
2000-09-06,1.3881350755691528,0.1668544262647628,-0.4814054369926452,3.029870748519897,1.0843969583511353,0.9594513773918152
1983-08-20,1.444191575050354,-0.745390772819519,3.3464181423187256,-0.9568100571632384,-0.0466273352503776,1.3806339502334597
2001-01-19,1.438857078552246,0.0249381475150585,0.8895320296287537,0.7169519662857056,2.010162115097046,-0.6807534098625183
2004-08-16,1.1127604246139526,1.585820555686951,4.60129976272583,3.197268009185791,1.3722326755523682,1.3740744590759275
1988-01-10,-1.5088229179382324,-1.8262511491775515,-0.0886317044496536,0.4629985988140106,0.3560881912708282,-0.913938581943512
1989-08-25,1.2734462022781372,-0.3717361986637115,2.2020487785339355,0.4950327575206756,1.810571551322937,0.1228412389755249
1986-04-21,0.4542284309864044,4.429912567138672,-0.3689431250095367,0.5237663388252258,-0.3169154226779938,-1.7190548181533811
2002-05-30,-0.3300923407077789,-0.6144752502441406,-2.660796642303467,-2.08385968208313,-0.7859646081924438,-3.3891282081604004
1989-10-07,-2.3596291542053223,-0.0930094122886657,-0.904447078704834,-1.9561684131622317,-3.299668550491333,-1.7999051809310913
1986-04-27,0.0959538370370864,4.0643630027771,-0.6881129741668701,-0.0481727682054042,-0.6442900896072388,1.347622036933899
1999-08-07,1.0372079610824585,0.1621987372636795,3.771096229553223,1.464044213294983,4.344334602355957,4.349514007568359
1997-08-21,0.5881158113479614,-0.6569117307662964,2.055124282836914,1.940890192985535,1.8053287267684937,1.4049855470657349
1981-12-24,-0.4746440649032593,-0.2428851574659347,0.8013075590133667,0.4724730253219604,1.4073971509933472,-0.7257101535797119
2005-01-13,0.948177695274353,-0.2815264463424682,1.374557614326477,0.7525204420089722,1.5318835973739624,0.4087153971195221
1982-09-05,-1.6591378450393677,-1.3485921621322632,1.0736615657806396,0.1387680619955063,-2.031901836395264,3.140872001647949
1983-12-03,-0.3549019396305084,-1.5136765241622925,-1.3969138860702517,-0.5836037993431091,-1.262332558631897,-1.1596860885620115
1998-02-14,-0.7191451191902161,1.0801376104354858,1.275734543800354,0.5840585827827454,1.5532957315444946,0.901035726070404
1989-04-20,-1.205775260925293,1.839916110038757,-1.2389382123947144,-0.6962348818778992,-1.0269068479537964,-0.9690548181533812
1992-05-17,-1.9256922006607056,-2.190941572189331,-1.5487909317016602,-2.124427318572998,-2.935192108154297,-3.250819683074951
2005-11-23,0.2129336446523666,1.008241057395935,0.5733494162559509,-0.1986091136932373,0.6668824553489685,0.6073133945465088
2004-01-04,1.3727502822875977,-1.7320419549942017,1.6259506940841677,1.1659114360809326,1.005562663078308,2.4339404106140137
1986-07-23,1.20178484916687,0.571907639503479,-0.2391936480998993,-0.2849365770816803,1.7742115259170532,0.3322769105434418
1996-08-24,0.8886278867721558,2.782973051071167,2.6588501930236816,2.6936354637146,3.672126293182373,0.7589516639709473
1987-08-13,3.8882088661193848,-0.2858622074127197,2.2637479305267334,0.6549252867698669,3.27028226852417,2.464160203933716
1986-07-13,-0.7855863571166992,-1.7728323936462402,-1.304459571838379,-0.3046262562274933,0.3126287460327148,-0.4662625789642334
2006-06-04,-0.2942136526107788,-1.6738910675048828,-0.428797960281372,2.696950435638428,0.8956132531166077,0.7844970226287842
1984-02-02,1.3020175695419312,2.8537473678588867,0.7921179533004761,0.2473064363002777,1.2339764833450315,1.06935453414917
1985-07-23,0.4517848193645477,1.251930832862854,-1.9891936779022217,0.6950744390487671,2.4542348384857178,0.2822891175746918
1982-08-02,-0.750764787197113,1.337059736251831,0.543390691280365,2.162927865982056,-0.6529510021209717,1.886482834815979
1999-01-08,0.6137000322341919,4.015264987945557,-0.0680370107293129,0.3054843544960022,0.9482058882713318,-1.244137406349182
2005-09-19,1.100372314453125,0.1015017628669738,-0.4898805618286133,0.4586347043514251,1.8740413188934328,2.377969980239868
1981-10-09,-2.6896462440490723,-3.632987499237061,-0.784451961517334,-0.6861794590950012,-1.219681978225708,1.5901094675064087
1996-10-05,-1.4296364784240725,-2.0729899406433105,-1.534451961517334,-1.8361732959747317,-0.1496746689081192,0.6600862741470337
1998-11-12,-1.7700388431549072,-2.165987014770508,-0.6375277638435364,-0.5682305097579956,-1.0828739404678345,-1.848950743675232
2000-09-28,0.3733754754066467,0.282960444688797,1.2194068431854248,-0.151395171880722,0.1758228093385696,0.4744043946266174
1988-04-19,-1.6496015787124634,-0.4271749258041382,0.0575465336441993,-0.4896312952041626,-1.9314171075820925,0.3612560033798218
2006-05-14,-0.8556848764419556,0.3890450000762939,0.6012030243873596,0.815575122833252,1.4747810363769531,2.629185199737549
2001-02-10,1.568770170211792,-0.4254966974258423,0.9634806513786316,0.7111665606498718,1.692762017250061,0.5284371376037598
2003-11-08,-0.4943822920322418,1.307185173034668,-1.0286376476287842,-0.4298681616783142,-1.1928651332855225,-1.4794707298278809
1996-08-05,0.6545534133911133,-1.8291263580322263,2.1630635261535645,3.021656990051269,3.193499088287353,2.2264416217803955
1983-12-12,-0.0911580771207809,-1.211381912231445,-0.1620407700538635,-0.5814746618270874,-0.5728501677513123,-0.8957535624504089
1981-10-18,-2.262096881866455,-1.0231847763061523,-0.8048480153083801,-0.0022551224101334,-2.455575704574585,-0.3331804871559143
1982-05-10,-0.0034174292813986,-0.5963861346244812,-0.2702811956405639,-0.6953748464584351,-1.855682134628296,-0.1954351663589477
1983-06-12,-0.4969148933887481,-0.3355413377285003,-0.6564417481422424,-0.9680756330490112,-0.2601865828037262,-0.2772030830383301
2006-11-25,1.109105110168457,-0.5076830983161926,0.8330851197242737,0.4189907014369964,1.3883804082870483,3.958566665649414
1982-10-15,-1.7455188035964966,-1.659050464630127,-2.603236198425293,-1.073287844657898,-1.9739617109298704,-0.8093205690383911
1986-08-16,1.0238242149353027,2.428222179412842,1.455416917800903,2.844581127166748,2.1099257469177246,0.3011109530925751
1993-02-13,0.3711152374744415,2.324409246444702,0.4797268807888031,0.5131042003631592,1.5389434099197388,-1.8126250505447388
1993-09-27,-1.0612651109695437,3.7468693256378174,-0.0878598242998123,-1.2778924703598022,-1.846192717552185,-0.3457256853580475
1988-09-02,0.012204366736114,0.2854279279708862,1.4389764070510864,0.9421182870864868,1.8758611679077148,-0.8770608305931091
1990-11-01,-0.6170741319656372,1.51849102973938,0.0581163689494133,-1.2925002574920654,-1.832874059677124,-1.090377688407898
1995-11-14,-0.0444325730204582,-1.0863181352615356,0.5674706697463989,-1.140580654144287,-1.079240083694458,-1.3277298212051392
1984-08-08,1.7045412063598633,1.1408748626708984,4.1130452156066895,1.491658329963684,4.1035027503967285,0.8864452838897705
1994-08-19,0.5027444958686829,3.295812129974365,3.851300001144409,1.207247257232666,0.8722326755523682,-1.2159523963928225
1984-01-15,0.3343470990657806,0.1640863716602325,0.4051110744476318,-0.2313143163919448,0.5216580629348755,-0.320101797580719
1987-10-04,-2.466420888900757,-0.4769675731658935,-0.0160869043320417,-0.7028753161430359,-1.8765909671783447,-2.1255249977111816
2006-09-13,0.2767883539199829,-1.7684348821640017,0.1621155589818954,2.3363616466522217,-0.5109598636627197,-1.503272533416748
1999-05-14,0.5062205195426941,-2.380965232849121,0.2024154216051101,-1.7887349128723145,-2.657833814620972,-0.9874225854873656
2001-05-14,0.3904448747634887,-0.8607937097549438,-2.012925863265991,-0.9864723682403564,-1.8514810800552368,2.7211244106292725
1991-12-06,-0.2171505540609359,1.0648998022079468,-1.7978583574295044,-0.6818699836730957,-0.3463159501552582,-1.8893370628356931
1992-07-04,-0.528728187084198,-1.8565260171890257,-2.7664666175842285,-1.365342378616333,-0.246475338935852,-1.7332526445388794
1989-09-26,-1.4070909023284912,0.5089726448059082,0.2772442102432251,-1.0579322576522827,-2.014291286468506,-1.7623931169509888
1991-06-11,-1.1727920770645142,-1.80596387386322,-4.104780197143555,-1.835239291191101,0.4684110581874847,-5.472885608673096
1989-01-05,0.9699976444244384,-1.7113914489746094,-0.1247937157750129,0.456178605556488,0.5868469476699829,-0.93146413564682
1995-02-25,0.0393785052001476,1.6551668643951416,1.044054388999939,0.7384268045425415,1.4067555665969849,-1.446703314781189
1995-11-02,-0.739642322063446,-0.5542152523994446,0.18711519241333,-0.9348554015159608,-1.965054035186768,-1.1739095449447632
2006-11-16,0.7584627270698547,-2.293586015701294,0.7607199549674988,-0.3297660052776336,0.6690755486488342,3.5050899982452397
1986-10-01,-1.8595982789993288,-3.770258665084839,-2.4149742126464844,-0.1544088721275329,-2.550123453140259,-0.5636472702026367
1997-04-13,-0.9159208536148072,-2.814940452575684,-0.8618370890617371,0.1103653460741043,-1.2925026416778564,-0.8682875037193298
2002-04-18,0.817015528678894,3.056121826171875,-0.1969425082206726,-0.6634594798088074,-1.7436519861221311,-0.3204337358474731
1993-01-18,0.422415554523468,-0.1556489318609237,0.339592844247818,0.0647324547171592,0.6682484149932861,-0.9978917241096495
1986-05-24,-0.1805983483791351,2.874452590942383,-1.055625081062317,-0.5262667536735535,0.227067545056343,-0.1166129931807518
1990-01-05,-0.8200109004974365,-1.0513877868652344,-1.0748059749603271,0.2461871355772018,-0.3231567442417145,-1.86148738861084
1994-09-28,0.2688419818878174,-0.8122918605804443,0.6625900864601135,0.6734376549720764,-1.1041539907455444,1.0796289443969729
1988-09-07,-1.947638750076294,-0.1105502545833587,1.354706883430481,1.4255069494247437,-1.3576513528823853,-1.2626595497131348
1996-07-11,-1.5264060497283936,-1.892925500869751,0.3570977747440338,-0.8760584592819214,0.8037362694740295,1.2552759647369385
1996-04-25,-2.187067985534668,-1.3643940687179563,-0.58439701795578,-1.108761429786682,-2.517544984817505,0.1503472924232483
2001-12-29,1.4622385501861572,0.6098806858062744,1.1585828065872192,1.0091038942337036,1.2458083629608154,0.4786292612552643
2002-12-19,1.5953632593154907,-0.872890055179596,-1.5386887788772583,0.2924803495407104,0.2773922383785248,-1.495699167251587
1997-12-28,0.7676122188568115,-0.9991827011108398,-0.7167519927024841,0.5920217037200928,0.0939430147409439,-0.935519814491272
2005-10-15,-0.4784966111183166,0.9413395524024964,0.4978086948394775,-0.6752945780754089,0.2351288646459579,3.4529640674591064
1986-12-12,0.2045318931341171,-1.8910950422286987,-1.603900671005249,-0.1344462186098098,-1.241974711418152,-3.220168352127075
2001-06-19,-0.3165492713451385,-1.996515274047852,-1.3532443046569824,-0.2640222907066345,1.8219135999679563,0.540984034538269
1992-11-03,-3.759894371032715,-1.979656457901001,-2.616840124130249,-1.6004369258880615,-3.465200185775757,-0.3795216977596283
1983-10-19,-1.4886515140533447,0.0874046385288238,0.4378421902656555,-3.4172348976135254,-1.223320484161377,-2.00553822517395
2004-07-20,-0.2630880177021026,1.0837737321853638,1.0476243495941162,2.6685853004455566,2.3844025135040283,0.0663473904132843
1995-08-04,2.588168144226074,1.1548194885253906,0.6331804394721985,0.8730633854866028,4.043040752410889,-1.1413429975509644
1993-01-13,0.4721748530864715,-0.3682728409767151,0.0097986413165926,0.0182752683758735,0.5050839781761169,-0.9939313530921936
1993-02-22,0.3674659132957458,1.0913810729980469,0.7877983450889587,0.5657342672348022,1.4753516912460327,-1.5461517572402954
1982-04-12,-1.5951372385025024,-1.0444962978363037,-0.6453298926353455,-0.0799651518464088,-0.973747730255127,-0.4858757257461548
1997-10-14,-1.05210542678833,-0.8731908798217773,-1.2048418521881104,-1.3422514200210571,-1.885568380355835,-0.5031633973121643
1997-12-30,0.7022287845611572,-0.7701241970062256,-0.5914171934127808,0.379129558801651,0.255787581205368,-0.6713646054267883
1986-07-02,0.2748416066169739,-1.113029956817627,-0.8526976704597473,-0.3246491849422455,-0.6040026545524597,-0.7290735840797424
1992-03-21,-1.7964431047439575,0.4120561182498932,0.3739129900932312,0.3665229082107544,0.0421805530786514,-0.8087039589881897
1986-09-16,-1.7150993347167969,-1.4077839851379397,0.933160662651062,2.366450071334839,-2.091285467147827,1.1611546277999878
1988-03-10,0.0853843986988067,0.3533475697040558,1.12800395488739,0.5084398984909058,0.9006615877151489,2.188309669494629
2004-01-14,1.158169150352478,-0.8915117979049683,1.454544186592102,0.5225094556808472,1.2518848180770874,1.5587092638015747
1983-01-31,1.3215450048446655,0.7158186435699463,1.0501973628997805,0.2956471145153045,1.1661547422409058,2.9731905460357666
1999-12-11,1.9947073459625244,1.4485931396484375,-0.3288435637950897,-0.1211186572909355,0.50649094581604,1.2304606437683103
1988-07-26,0.8075482845306396,0.2502177357673645,1.5015414953231812,0.5154718160629272,2.33424973487854,1.9548630714416504
1991-02-20,0.0104107782244682,0.9049448370933532,0.7815662622451782,0.5938975811004639,1.520317792892456,-0.8687148094177246
2003-05-15,-1.2256799936294556,-1.420952558517456,-1.93880558013916,-1.684424877166748,-4.085216522216797,-1.4208025932312012
2007-06-24,-1.3828752040863037,0.5299151539802551,-2.6682140827178955,0.1543305218219757,1.1095577478408811,-0.4040562808513641
1996-01-15,-0.6758921146392822,-0.2660656869411468,0.0845608711242675,0.5051991939544678,0.945218026638031,-0.6245139241218567
2002-08-19,4.68800687789917,-0.0173933841288089,3.7449657917022714,2.815329074859619,4.341643810272217,-0.1767692267894745
2007-08-18,-0.7120176553726196,0.6026017069816589,2.024964570999145,1.2653412818908691,1.1616510152816772,3.063220977783203
2000-08-18,3.1995491981506348,3.053518772125244,3.647037982940674,2.460796594619751,0.0906183123588562,4.142915725708008
1996-05-08,-1.3179582357406616,0.3201526403427124,-1.2599008083343506,-0.917044162750244,-2.9093775749206543,3.9401917457580566
1993-01-30,0.7920383214950562,0.3637571334838867,-0.2579003274440765,0.5573039650917053,1.2239667177200315,-1.360668659210205
1986-01-16,1.308754563331604,-1.521671175956726,-0.2170169949531555,0.1571246683597564,0.4062883853912353,0.0412722714245319
1984-11-15,0.5899770259857178,0.2640056610107422,-0.1875460594892501,-2.018242597579956,-0.6928592324256897,-0.6489385962486267
1985-11-02,-1.0370875597000122,-3.581515073776245,-1.9718824625015257,-1.6024978160858154,-2.662860631942749,-2.3103790283203125
2004-10-07,-0.8618864417076111,-1.6012781858444214,-1.6738860607147217,-1.1971529722213743,-2.2755157947540283,4.105674743652344
1992-01-25,0.302863210439682,0.1852977126836776,-0.0263586994260549,0.1616279333829879,1.0303874015808103,4.296490669250488
2002-03-22,-0.0575549192726612,1.684223175048828,0.6322687864303589,0.3398696184158325,0.0264678820967674,-0.2078552991151809
1984-02-15,0.2087543308734893,0.3944801092147827,1.0934854745864868,0.4911653399467468,1.532788872718811,-0.0915579944849014
1996-01-25,0.2347129434347152,-0.9402785897254944,0.5280794501304626,0.4714586734771728,1.2655562162399292,0.3799419999122619
2004-08-23,-1.174496054649353,2.17908239364624,2.497884750366211,4.393219947814941,2.4863100051879883,0.7765317559242249
1987-11-07,-2.03838324546814,-0.8288266658782959,-1.2517797946929932,-1.760472536087036,-2.503840446472168,-1.74855375289917
1990-07-08,0.3789976239204407,-1.0931154489517212,-2.6964662075042725,0.1381291449069976,0.2394672185182571,-3.393695831298828
1988-03-29,-0.3202940821647644,-0.1641064584255218,0.2546038329601288,0.4450758993625641,-0.2074034512042999,4.267089366912842
1996-11-12,-1.6600229740142822,-0.2659931182861328,-0.9275363087654114,-0.6682366132736206,0.1571468561887741,-0.5489324927330017
1995-07-04,3.001270532608032,0.2634690701961517,-1.296465516090393,-2.135331392288208,1.183517336845398,-2.23325252532959
2007-02-11,2.2918081283569336,0.9029595851898192,1.4638197422027588,0.7340924739837646,1.7324553728103638,2.114901542663574
2002-05-09,-1.584692120552063,-1.195238471031189,-1.902846336364746,-1.2799088954925537,-3.2145400047302246,-2.716723680496216
2007-01-25,2.931530475616455,1.0058271884918213,1.4602010250091553,0.915672779083252,2.3061695098876958,1.5532077550888062
1988-04-20,-1.355769157409668,-0.8500863909721375,0.0010519792558625,-0.3762580752372741,-1.9669092893600464,0.290924459695816
1992-09-13,-2.0636417865753174,2.2995779514312744,-0.2780914604663849,0.1579230725765228,-0.2429384887218475,-2.0544698238372803
1985-07-13,0.5844087600708008,0.5571846961975098,1.285536766052246,-0.2446286976337433,2.752631187438965,-0.9762418270111084
1992-02-10,-0.208095908164978,1.2065322399139404,0.5219811201095581,0.5893475413322449,1.4984780550003052,-0.886682391166687
1998-05-29,-0.5541555285453796,-0.2004977613687515,-1.5807822942733765,-0.3965233266353607,-0.0273215658962726,0.4727295935153961
2006-08-28,-0.454815536737442,-0.0891524851322174,3.546518564224243,3.366440296173096,3.036144256591797,2.556530475616455
1988-11-30,-0.7628629803657532,1.5543255805969238,-2.0869197845458984,-0.4222692847251892,-1.4416626691818235,-1.3256340026855469
1997-12-10,-0.1801872998476028,-0.8110999464988708,-1.786147117614746,-0.0076508019119501,-0.1021817177534103,-2.564746141433716
1996-06-05,-1.56740403175354,-1.8327172994613647,-2.73956561088562,-2.115237236022949,-0.5100824236869812,0.3904845714569092
1990-02-09,1.4330531358718872,2.251185655593872,0.3672254085540771,0.6234712600708008,1.4817699193954468,-1.1511372327804563
1997-04-12,-0.8953715562820435,-2.896790027618408,-0.6831839084625244,0.1136970594525337,-1.1937464475631714,-0.8334901332855225
1993-03-13,-1.022632360458374,1.2846797704696655,0.258134126663208,0.5499014258384705,0.6521487832069397,0.2693142592906952
1982-11-11,-0.3416134417057037,-1.2686209678649902,-1.1923604011535645,-1.4730075597763062,-1.1783303022384644,1.2129846811294556
2006-06-18,0.1634617149829864,-2.8864994049072266,-0.9232516288757324,0.0659642666578292,1.0219258069992063,-0.1590281873941421
1984-06-29,0.6871321797370911,0.4099200367927551,-0.2982190251350403,-1.1756560802459717,0.7395321726799011,-1.5040624141693115
2005-11-20,0.0289145652204751,2.322470426559448,0.2549053728580475,-0.3950664699077606,0.7911669015884399,-1.1781011819839478
1995-09-22,-1.8896484375,-1.8284908533096316,-1.7498903274536133,0.4686444699764251,-0.2459843307733535,-1.1120508909225464
2005-05-17,-2.495908498764038,-3.973036527633667,-1.5095738172531128,-0.0091673182323575,-3.8961856365203857,0.520847499370575
2002-03-03,1.0468966960906982,-0.2502153813838959,1.3724298477172852,0.7711679339408875,1.2098718881607056,0.433679461479187
2005-11-15,-0.1586777567863464,1.865377426147461,-0.7368929982185364,-0.2882079482078552,0.3555406033992767,-1.5582960844039917
1989-01-13,0.4843409955501556,-0.8059148192405701,0.135091558098793,0.5186856985092163,0.3816739618778229,-0.840090811252594
1995-11-07,-0.0444291792809963,0.6241549849510193,-1.5130378007888794,-1.0991548299789429,-1.8605716228485107,-1.4048320055007937
1992-09-01,-1.7077968120574951,4.045437812805176,0.098980039358139,-0.6378988027572632,-1.1641473770141602,-2.767045021057129
1995-01-03,0.7820393443107605,-0.7373387217521667,-0.0321295335888862,0.5603345036506653,0.8044979572296143,-0.6553595662117004
1997-11-26,-1.0189675092697144,-0.1197222098708152,-2.0268449783325195,-0.5997844338417053,-0.2121002674102783,-1.6371365785598757
1992-08-07,-1.2699177265167236,2.6308884620666504,-0.5389391779899597,0.3523867130279541,-1.0424021482467651,-2.2626729011535645
2007-12-20,0.0330851450562477,-1.1831822395324707,-0.6976988315582275,0.5977995991706848,0.3663503527641296,0.5275043249130249
2003-11-15,-0.6855544447898865,-1.3354450464248655,-1.6340537071228027,-0.186528131365776,-1.7781120538711548,-0.1512985527515411
1996-09-14,-0.3349468111991882,-0.1237712204456329,0.6765488386154175,-1.59404718875885,1.8127286434173584,3.9482109546661377
1993-01-11,0.5353059768676758,-0.414566695690155,0.3088836967945099,0.0083432206884026,0.4960135221481323,-0.747186541557312
2004-10-25,-1.7775347232818604,-1.0475749969482422,0.2528924643993377,0.2492694854736328,-0.1942090094089508,4.265969753265381
2005-11-19,-0.0389277674257755,1.9007376432418823,0.1658909171819687,-0.6038317084312439,0.6085327863693237,-1.512757658958435
1989-01-15,0.6487508416175842,-0.9116553664207458,0.3529598116874695,0.5671283006668091,0.4563066959381103,-1.1887387037277222
1982-01-21,0.302420437335968,0.1343596130609512,0.8196038603782654,0.6447190046310425,1.5982716083526611,2.432101011276245
1994-08-27,2.064055919647217,3.0266153812408447,4.489144802093506,-0.4661494195461273,1.1330900192260742,0.835588812828064
1985-11-26,-0.083161674439907,-0.7756764888763428,-2.2958083152771,-1.226241946220398,-1.376511812210083,-2.693192958831787
1985-04-11,0.3448652029037475,-0.934480369091034,-0.5253347754478455,0.0800385102629661,-0.993767261505127,-1.7258659601211548
1998-12-09,-0.6354644298553467,-1.5410889387130735,-1.243915319442749,-0.0844279080629348,-0.4819954335689544,-1.8801718950271609
1989-12-30,-1.0423853397369385,-3.589179039001465,-1.376755714416504,0.2220265716314315,-0.1560569852590561,-1.765506386756897
2001-09-15,-0.2798666059970855,0.3482506275177002,1.389789342880249,0.7577685117721558,0.0676313340663909,0.696712851524353
1987-02-10,0.1930323988199234,-1.198826551437378,0.6172254085540771,0.6834688186645508,1.4817699193954468,-0.7211140990257263
1996-05-12,-1.793357491493225,0.9276626110076904,-1.4288409948349,-1.4838476181030271,-3.610803604125977,2.9940078258514404
1981-11-11,-1.6216121912002563,-2.548619747161865,-1.3223652839660645,-0.8230137228965759,-1.4183510541915894,-1.0670140981674194
1995-03-14,0.111268401145935,2.4540765285491943,0.6001690626144409,0.4528075456619262,0.5840173959732056,-0.1740992814302444
1986-10-07,-2.1208508014678955,-2.603198528289795,-3.380117177963257,-1.8940197229385376,-2.516545057296753,-2.315718412399292
2007-04-04,-0.5374962091445923,-1.669677495956421,-0.5467928647994995,0.3887860774993896,-1.283297777175903,0.3107216954231262
2005-05-16,-2.6188974380493164,-3.9820876121521,-1.572176814079285,0.2292134761810302,-3.88260817527771,0.4040222764015198
1997-05-06,-1.7234185934066772,-3.106395959854126,-1.880297064781189,0.6546312570571899,-3.115691900253296,-0.0754400491714477
2003-07-05,1.5690001249313354,0.4168943464756012,-1.2564637660980225,0.3781193792819977,1.5894733667373655,0.0662955194711685
1999-03-01,0.5054818391799927,2.169872283935547,1.8898234367370603,0.5626969337463379,1.2404422760009766,2.069626569747925
2003-01-25,-0.1659350842237472,-3.1949944496154785,0.6113768815994263,0.95847487449646,1.5484819412231443,-1.1367037296295166
1985-12-22,-0.174531415104866,-1.1885747909545898,-1.7904244661331177,-0.2808240950107574,0.0406342148780822,-3.4980058670043945
2005-11-11,-0.5144338011741638,1.4336708784103394,-0.8825110197067261,-0.5205855965614319,0.620772123336792,-1.9377151727676392
1982-03-04,0.1516215652227401,-0.906234085559845,1.5211526155471802,0.9478683471679688,1.278861165046692,0.1253156065940857
2000-08-06,1.5572274923324585,-1.327821969985962,2.3310937881469727,3.2840516567230225,3.964329481124878,1.0794944763183594
1995-04-05,-0.8151064515113831,-0.1392932385206222,-0.6654350757598877,0.5845234990119934,-0.6595512628555298,0.5523364543914795
2000-09-04,1.502373456954956,0.8994594812393188,3.1847238540649414,3.045532464981079,1.0423425436019895,0.507329523563385
1986-03-21,1.196561336517334,-1.4392623901367188,0.3478491306304931,0.7830594778060913,0.2083590626716613,-0.1030351147055625
2005-03-10,-0.822650671005249,0.6546748876571655,2.048142671585083,0.6898855566978455,0.6521487832069397,1.0293240547180176
2004-09-13,0.8267761468887329,0.4615761339664459,1.2620911598205566,0.1563690304756164,-0.5009806156158447,0.4567493796348572
2007-03-30,-0.3015612959861755,-0.9672302007675172,0.167713314294815,0.5721415877342224,-0.8521863222122192,-0.0697763189673423
1999-10-14,-0.7820858359336853,1.4068078994750977,-0.1948321163654327,-1.602230668067932,-1.945565938949585,0.1668195128440857
2007-02-26,1.9816386699676516,-0.1962426453828811,1.1911355257034302,0.9278793334960938,1.288840413093567,0.5153302550315857
1982-02-18,0.5808426737785339,-0.6798721551895142,1.325722336769104,0.9540536999702454,1.5733152627944946,1.0810283422470093
1987-06-17,0.7140644192695618,-1.4533381462097168,-0.3700256049633026,-1.1269962787628174,1.7981282472610474,-0.8582814931869507
1993-03-01,-0.2083637863397598,2.993759870529175,1.3611489534378052,0.5578842163085938,1.278861165046692,-1.0546770095825195
2000-05-10,-0.6987882852554321,-1.3035824298858645,0.2644961476325989,-1.3667526245117188,-1.9575544595718384,-1.966087222099304
1997-09-21,-1.019622802734375,1.3215030431747437,0.5901060104370117,1.1686261892318726,0.1340205520391464,1.5979710817337036
1992-11-05,-2.3483808040618896,-1.618835210800171,-2.341776132583618,-1.390477418899536,-1.923853874206543,-1.13856840133667
1983-07-16,2.6639764308929443,-0.6620421409606934,2.590108156204224,1.8832515478134155,1.676990032196045,6.207703590393066
2002-12-03,0.8928653001785278,-2.2551074028015137,-1.7378607988357544,-0.0918736681342125,-0.2863183915615082,-2.2193236351013184
1995-01-21,0.8688497543334961,0.73496013879776,0.9795283675193788,0.4269739687442779,1.2601619958877563,-0.2807289958000183
1984-10-12,-1.2118924856185913,0.9487401247024536,-1.5538909435272217,-1.6371554136276243,-3.1755096912384038,-0.6443254351615906
2007-03-23,0.5440744161605835,-0.4374346137046814,0.537512481212616,0.4042351841926574,-0.1113432049751281,1.4123684167861938
1998-01-03,0.4499781429767608,0.0686072781682014,-0.3848034739494324,0.726167619228363,0.3068481385707855,-0.4814824759960174
2005-01-19,1.154904007911682,-0.4071045517921448,1.529360055923462,0.2193629294633865,1.0126734972000122,0.166120633482933
1991-12-15,0.0231038983911275,1.6168421506881714,-1.6356605291366575,-0.2089867740869522,-0.0897202640771865,-0.8697970509529114
1989-01-22,0.9688558578491212,-1.9750618934631348,0.1295222789049148,0.6269556283950806,0.7901607751846313,-0.9707314372062684
1998-10-10,-2.5343053340911865,-0.9656709432601928,-1.1594096422195437,0.1544330567121505,-1.810496807098389,-1.1124049425125122
1993-11-16,-1.0821789503097534,2.823971748352051,-0.6107476949691772,-1.6847130060195925,-1.9018197059631348,-0.8538793921470642
1986-12-06,0.1856690645217895,-1.7065483331680298,-1.9673938751220703,-0.4199636876583099,-1.9819475412368772,-4.3654303550720215
1994-01-09,1.663718342781067,0.6352601647377014,0.3919849693775177,0.215488001704216,0.7382144331932068,-1.124142289161682
1984-06-23,0.5934544205665588,1.9834957122802732,-1.1232333183288574,-1.7540431022644043,-0.318070501089096,-2.2290050983428955
2002-05-23,-1.1039080619812012,-2.700558423995972,-2.8322131633758545,-1.692478060722351,-2.531266450881958,-2.8501534461975098
1999-04-24,-0.6440364122390747,2.0043652057647705,0.3618748188018799,-0.3881691098213196,-1.5943022966384888,0.5276452302932739
2007-06-15,-2.343909978866577,1.9129434823989868,-1.8346803188323972,-0.0122223887592554,-0.5711973309516907,-4.6802825927734375
1995-05-08,-1.565400242805481,-2.812885284423828,-2.2096638679504395,-0.811039388179779,-0.8373411297798157,-2.2722976207733154
1985-11-08,-0.4066895842552185,0.5974056720733643,-0.7228482961654663,-1.444992184638977,-1.5324445962905884,-2.372040271759033
1999-07-31,7.630249500274658,1.0903607606887815,3.453428030014038,2.1022257804870605,4.401761531829834,3.1815972328186035
2007-04-10,-1.1453715562820437,-4.616791248321533,-0.6531851291656494,-0.0262870751321315,-1.6337488889694214,-1.6334779262542725
2002-01-01,1.3720356225967407,0.2826502621173858,1.1778924465179443,0.8903515934944153,1.1744930744171145,0.4246575236320495
1983-03-11,0.5732640027999878,0.437057763338089,1.2349423170089722,0.7406149506568909,0.9566945433616638,0.2043793350458145
1985-07-04,-0.3188543915748596,-1.8513436317443848,-1.596902847290039,-1.741186499595642,0.9860235452651978,-3.1925439834594727
1998-03-17,-0.4693168103694916,1.3880813121795654,1.3866205215454102,0.574901819229126,0.388060063123703,1.3776386976242063
1988-10-26,-2.260601282119751,-0.4172687530517578,-1.4115923643112185,-1.5047351121902466,-2.9380733966827397,1.3100850582122805
2001-03-05,-0.1205117627978324,0.1093698814511299,1.099669098854065,0.6217913031578064,1.0202343463897705,-0.2010437101125717
1995-11-27,-0.3489846289157867,0.6202680468559265,0.043162427842617,-0.3297954499721527,-0.7521088123321533,-0.2471524029970169
1995-07-27,2.523869752883911,0.1913455426692962,0.2426768094301223,2.315795421600342,4.473901748657227,-3.542021989822388
2005-11-05,-0.7716061472892761,0.6713814735412598,-0.5623555183410645,-1.3030246496200562,0.1016685292124748,-1.1069921255111694
1982-10-31,-1.8275530338287356,-1.0975627899169922,-1.8071050643920896,-2.000730514526367,-1.4742077589035034,-0.1240450590848922
1987-12-02,-1.234906792640686,-0.0936631187796592,-1.2869285345077517,-0.7835854887962341,-1.592349648475647,1.2902956008911133
2001-11-30,-0.3893110454082489,0.610122561454773,0.2530088126659393,-0.2165415287017822,-0.6256685853004456,1.3223894834518433
2007-07-02,-0.4571864008903503,0.0370921269059181,-1.0143959522247314,0.4385100305080414,1.4502032995224,-0.8075016140937805
2005-12-01,0.2856751680374145,-0.0065360874868929,1.2826061248779297,0.1400644034147262,0.6880354285240173,1.9345879554748533
2000-04-24,-0.5370740294456482,1.6056071519851685,0.0655968487262725,-0.6287505030632019,-1.497525334358215,-0.9796270728111268
2003-11-27,-0.0528715327382087,-4.655665874481201,-0.9569148421287536,-0.242276594042778,-0.1716736555099487,0.6643867492675781
1991-07-01,0.5948489308357239,-4.023033618927002,-4.532690525054932,-1.8746675252914429,2.6560070514678955,-2.9090967178344727
2004-06-10,-1.3980309963226318,-0.1754514575004577,-2.527337074279785,-0.9151566028594972,-2.189249992370605,-3.058801412582397
1991-09-20,-1.8084516525268557,1.0856380462646484,-2.3483872413635254,-1.306668400764465,-1.5184226036071775,-2.7390637397766118
2001-05-11,0.4166339933872223,-1.2823288440704346,-2.158851861953736,-1.1038427352905271,-2.0608158111572266,1.1740003824234009
1983-04-19,-1.230534911155701,-0.4841430187225342,1.0759999752044678,-0.6483202576637268,-1.1642699241638184,5.808669090270996
1982-03-13,-0.5341575741767883,0.8082556128501892,0.668843150138855,0.8452832102775574,0.8421728610992432,-0.2792192995548248
1997-04-20,-0.9912405014038086,-1.0385483503341677,-1.3363957405090332,-0.6212716102600098,-2.6515583992004395,-1.662833333015442
1982-01-17,0.8287435173988342,0.2483483105897903,0.6729671359062195,0.6371356248855591,1.6262896060943604,3.3912477493286133
2006-03-13,0.3941963016986847,0.2687960863113403,1.7077269554138184,0.6457706093788147,0.4906773567199707,0.1446835547685623
1985-10-01,-0.9495946168899536,-0.8902842402458191,-0.0949668660759925,-1.5544027090072632,0.309892326593399,-1.0736265182495115
2004-06-13,-1.4691392183303833,-0.7016980648040771,-2.0055060386657715,-1.5024316310882568,-2.286278247833252,-3.3125953674316406
1989-08-18,1.584206223487854,1.014618992805481,2.8164193630218506,0.5831984877586365,0.3333775401115417,0.7006412744522095
1997-11-06,-0.9844316244125366,0.3841342628002167,-0.3230352997779846,-1.139163374900818,-0.3705814182758331,-1.6848307847976685
2003-03-01,0.2476420551538467,-1.9454030990600584,1.1562504768371582,0.7665444016456604,1.1994670629501345,-0.63753741979599
2003-06-25,0.3371260464191437,-1.3400800228118896,-2.228211641311645,0.1343415081501007,-0.080444648861885,-2.2540624141693115
1993-11-15,-1.168468952178955,2.853661298751831,-0.5869203209877014,-1.742736577987671,-2.0455355644226074,-0.7760300636291504
2001-07-15,1.5476570129394531,-0.0484983064234256,0.3375275731086731,0.227907121181488,1.8122532367706297,1.7269412279129028
1992-09-18,-1.214943528175354,2.1762895584106445,-0.0003653870953712,0.1400765180587768,0.5584887266159058,-2.151881217956543
2001-07-17,1.1420941352844238,-0.3154652714729309,-1.0391595363616943,0.1648678183555603,2.0435619354248047,0.5825312733650208
2000-10-18,-0.3540704846382141,-0.6410707235336304,-0.1062400937080383,-0.6608622670173645,-3.041443347930908,-1.0643142461776731
2006-11-08,-0.1300210952758789,-2.584264278411865,0.5443770885467529,-0.5328985452651978,-0.3797220885753631,1.6601616144180298
1991-08-06,0.4805636405944824,0.2721968591213226,-2.022905111312866,-0.0781076252460479,1.3019695281982422,-1.473101258277893
2002-03-23,-0.0709889903664588,1.7690337896347046,0.6009294390678406,0.3125010132789612,-0.0264059547334909,-0.1870264708995819
2003-05-24,-0.4218963980674743,-2.452432632446289,-1.5716215372085571,1.8986951112747192,-2.4133596420288086,-1.2151858806610107
2007-06-05,-1.8407137393951416,-3.894821166992188,-2.52777099609375,-2.6406590938568115,-1.5477949380874634,-2.371423721313477
2001-09-28,0.0133901378139853,-4.2270188331604,-0.85060054063797,-0.141385406255722,0.0458179228007793,-0.5055760741233826
2001-12-15,1.3719065189361572,0.3312320411205292,0.5699024200439453,0.1367584615945816,0.4215900897979736,1.9426724910736084
1998-04-26,-1.0910015106201172,-1.7139242887496948,-0.5019434094429016,-0.309844046831131,-1.1317291259765625,0.002175775822252
1999-01-12,0.792151689529419,3.7817211151123047,-0.12017572671175,0.3682813644409179,1.0350826978683472,-2.323948383331299
1988-09-16,-1.8249675035476685,-2.8537821769714355,0.6465500593185425,0.2659381628036499,-1.3072664737701416,-0.5017706751823425
1996-02-15,-1.0491316318511963,0.6801437139511108,1.315712571144104,0.5440500378608704,1.5433164834976196,3.231022357940674
1990-11-12,-0.7900247573852539,0.5257515907287598,-2.665614366531372,-1.0928961038589478,-2.4797282218933105,-4.03985071182251
1988-12-06,-0.5871456861495972,0.3748973906040191,-1.7178412675857544,-0.3518834412097931,-1.1763025522232056,-2.2393431663513184
1983-12-08,-0.1971615403890609,-1.7251087427139282,-0.9278327226638794,-0.9418797492980956,-0.8863244652748108,-0.8493285775184631
1985-06-22,1.1736809015274048,-3.960529327392578,-2.8511202335357666,-1.4205167293548584,1.279447078704834,-3.7165040969848633
1982-05-06,1.4782350063323977,-0.6358903646469116,-0.5721591711044312,-0.6562223434448242,-1.7441192865371704,0.9049847722053528
1994-07-09,1.459484577178955,1.4101954698562622,0.5167516469955444,-0.5396407842636108,2.3468635082244877,-2.7466604709625244
2002-01-22,2.132880210876465,0.5552928447723389,1.233651041984558,0.7216255068778992,1.5803751945495603,0.5164920091629028
1989-06-30,1.1080642938613892,0.8472574949264526,0.3810718059539795,-0.5155202746391296,3.1387429237365723,0.9686433672904968
2001-11-14,-0.7221631407737732,0.813961923122406,-0.6807550191879272,-0.3647056221961975,-1.2118172645568848,-0.3038611114025116
1996-04-28,-1.241424322128296,-2.935170412063598,-0.0607293769717216,-0.963508367538452,-2.43272066116333,-1.246843695640564
1989-05-26,-0.1839251071214676,3.2994415760040283,-0.6222216486930847,-1.322482943534851,-0.8512433171272278,-1.0501350164413452
1983-09-23,-0.9903942942619324,-0.0437075234949588,-0.3343117833137512,-0.59248286485672,-1.593119978904724,-1.6747959852218628
1986-12-28,0.9740230441093444,0.4368049204349518,-1.0728095769882202,0.0222065523266792,-1.102202296257019,-3.2114319801330566
1989-08-31,0.7398838400840759,-0.5423393249511719,1.0363339185714722,0.2017746567726135,-3.390975952148437,1.5115606784820557
1999-01-17,0.602438747882843,4.554373264312744,0.389611154794693,0.6247299909591675,1.108250856399536,-1.2478916645050049
1997-03-15,0.5641792416572571,-0.9412258863449096,-0.0722718685865402,0.7357669472694397,0.4406895637512207,2.584686040878296
1983-07-08,1.68279767036438,-0.3728810250759125,2.5555808544158936,1.0184966325759888,0.5001910924911499,6.382500648498535
1998-06-20,0.3734531700611114,-0.0465030819177627,0.1267666518688202,-0.2640222907066345,0.7319172620773315,1.750975489616394
1984-07-30,1.854166269302368,1.7786781787872314,2.3010315895080566,0.2672936022281647,2.2424252033233643,2.446264266967773
1983-03-29,-0.5359426736831665,0.2425885796546936,0.627508819103241,0.1842339485883712,-0.0013578564394265,-0.2476352602243423
1982-08-03,0.6439917683601379,1.3280915021896362,0.8274419903755188,2.1271302700042725,-0.7568556070327759,1.9384204149246216
1988-05-15,-0.8383423089981079,-0.491470456123352,-0.7728906869888306,-0.7711611390113831,-1.3442553281784058,0.0035505921114236
1984-07-09,1.8089903593063357,1.6769040822982788,3.0135252475738525,-0.1218806207180023,1.7294574975967407,-0.8536874055862427
1989-07-27,1.044997215270996,1.3251837491989136,1.6061922311782837,0.1051996126770973,1.7378321886062622,-0.4191756546497345
1991-05-05,-2.051187515258789,0.8298262357711792,-1.4677075147628784,-0.990446388721466,-2.4336745738983154,-1.4790234565734863
1989-10-26,-1.3105889558792114,-1.2372455596923828,-1.7716082334518433,-1.3847399950027466,-2.6080868244171143,0.6700704097747803
1987-09-10,0.5981265306472778,-0.7431492209434509,1.7085970640182495,0.5598695278167725,-0.2056116014719009,0.4794709086418152
1989-03-05,0.2480997294187545,0.2478799372911453,1.2604678869247437,0.6793466210365295,1.1559473276138306,-0.0361854769289493
2000-08-14,2.3024046421051025,0.1911059021949768,2.8072409629821777,1.9626638889312744,1.2929095029830933,1.6060328483581543
2001-09-23,0.7329237461090088,-2.541045665740967,-1.582741141319275,1.3720909357070925,0.6957002878189087,-0.9023773074150084
1989-03-08,-0.140531301498413,0.2393747568130493,0.5696703195571899,0.6817888617515564,1.0102550983428955,0.1189636141061782
1992-02-18,-0.7060253620147705,0.9203288555145264,0.6030243635177612,0.6009967923164368,1.5371055603027344,-0.1809760630130767
1994-10-18,-0.8684807419776917,-0.6986445784568787,-2.8322083950042725,-1.6952836513519287,-2.464883327484131,-0.827034592628479
1986-04-26,0.0680976435542106,4.082366466522217,-0.5531434416770935,0.071858212351799,-0.5720352530479431,1.3839579820632937
1993-04-09,-1.3851152658462524,4.085508823394775,-0.395329862833023,-0.2199798077344894,-1.933769702911377,-1.3758903741836548
1983-02-13,1.8591591119766235,0.970529556274414,1.0646132230758667,0.4942793250083923,1.5325422286987305,2.4463858604431152
1995-11-12,-0.5252521634101868,-0.5253057479858398,-0.1619310081005096,-1.255679965019226,-1.4063671827316284,-1.3996665477752686
2003-01-14,0.688167929649353,-1.5615252256393433,0.1545563787221908,0.7425106763839722,1.2918933629989624,-0.9812992215156556
1998-02-07,-0.6269444227218628,0.171168565750122,1.1072156429290771,0.5534639358520508,1.5317577123641968,0.1588602811098098
1982-07-21,2.1442301273345947,0.4974907040596008,1.0283527374267578,0.670981228351593,1.4967567920684814,1.6042208671569824
1986-08-04,2.4780099391937256,0.0739214271306991,1.191356539726257,1.268244743347168,0.0829528048634529,1.0459892749786377
1984-12-05,0.6582815647125244,1.7818557024002075,-2.207134246826172,-0.5981830954551697,-0.6084250807762146,-1.8515242338180544
2005-07-28,-1.2960107326507568,1.3580902814865112,2.167438268661499,3.9271180629730233,3.5831408500671387,1.878422856330872
2002-05-21,-1.2782281637191772,-2.4270756244659424,-2.514178991317749,-1.6549566984176636,-1.536004662513733,-2.020843029022217
2001-02-17,1.1103863716125488,1.1149667501449585,1.2115589380264282,0.8239085674285889,1.560295820236206,0.8312973976135254
2003-12-13,0.6165707111358643,-2.804604768753052,0.6601415872573853,0.3365992605686188,0.1753464192152023,1.6346515417099
1987-03-28,-1.6059194803237915,-0.9174150824546814,0.2375246882438659,0.5242303013801575,0.3086702227592468,-0.6876071691513062
1985-02-08,2.0804967880249023,0.1364702880382537,0.7614660859107971,0.6187678575515747,1.4504547119140625,-1.004072904586792
1999-08-29,2.3098912239074707,0.7476692199707031,4.486315727233887,1.9217759370803835,3.0890045166015625,2.9715826511383057
1998-06-30,-1.32746422290802,0.0174485445022583,-1.1153662204742432,0.2268023937940597,1.0050734281539917,0.2438417375087738
2000-11-01,-0.5098943710327148,-1.179638147354126,-0.906818151473999,-1.3604466915130615,-1.6952112913131714,-1.309514403343201
1984-02-08,1.2668333053588867,2.037115335464477,0.980504274368286,0.3799692690372467,1.4258805513381958,0.8574801087379456
1983-01-15,1.384334921836853,0.99407297372818,0.235097661614418,-0.0912996754050254,0.4516507685184479,0.359890878200531
1992-11-16,-1.7221630811691284,0.483975350856781,-3.0607597827911377,-1.6747032403945925,-2.9218087196350098,-3.813870906829834
2005-07-12,0.7983295917510986,-0.5373218655586243,-0.2392856478691101,1.9740411043167116,2.090149402618408,2.8053982257843018
1982-02-07,0.17159004509449,-0.4435590207576751,1.2174499034881592,0.8302162885665894,1.6486979722976685,0.0076604387722909
2003-07-11,0.7039849758148193,1.9679627418518064,-1.499888300895691,0.3232234716415405,2.236987590789795,-0.2922963500022888
1991-02-13,1.078779935836792,1.0644935369491575,0.6634928584098816,0.5611421465873718,1.532788872718811,-0.6215567588806152
1988-09-10,-1.5115158557891846,0.0126276705414056,1.5788675546646118,1.923531413078308,-1.745877027511597,-0.4322670996189117
1985-03-08,1.7040338516235352,-0.3897294402122497,0.9921690225601196,0.7619814872741699,1.061327338218689,-0.1479559689760208
1992-03-02,-0.5745352506637573,0.9298821091651917,1.4698100090026855,0.6226944923400879,1.2404422760009766,0.729630172252655
1995-10-29,-0.1315044909715652,-0.6162188649177551,0.0734757035970687,-1.4884425401687622,-0.447890043258667,-1.103649020195007
1985-04-20,1.2103837728500366,-1.9771932363510127,-1.3924351930618286,-0.5596386194229126,-2.131398677825928,-3.908733129501343
1995-06-29,1.4180618524551392,-1.7227498292922974,-2.0389111042022705,-1.4155446290969849,2.8087563514709477,-2.8613736629486084
2001-09-11,-0.1936467736959457,-1.770429253578186,3.0219268798828125,1.0079292058944702,0.7170529961585999,1.1755411624908447
2007-07-06,-2.160510540008545,-1.2997959852218628,-1.5432459115982056,1.1203628778457642,1.806885361671448,-1.756670355796814
1994-08-30,0.9098972678184508,2.017658233642578,5.816332817077637,0.7817612290382385,0.909011721611023,2.6115667819976807
1991-03-03,-0.3145255148410797,0.6198845505714417,0.6098246574401855,0.5727066993713379,1.2404422760009766,-1.0703576803207395
1986-07-18,-0.4176326692104339,-1.9634275436401367,-0.9316689372062684,1.345583200454712,1.12006413936615,-1.939310431480408
1986-01-09,1.1875052452087402,-2.098715782165528,-0.5406519770622253,0.1797858625650406,0.2118779122829437,-2.01459002494812
1983-01-29,1.5951144695281982,0.9829697608947754,0.8406508564949036,0.2704023718833923,1.0882737636566162,2.3722269535064697
1998-06-11,-0.0633503124117851,-2.365942001342773,-1.26026713848114,-0.5787855982780457,0.6888355016708374,1.2163070440292358
2000-02-02,2.7147605419158936,1.3544906377792358,1.902402758598328,0.7795124053955078,1.5289186239242554,1.4465713500976562
1994-11-21,0.4733500778675079,-1.1508665084838867,-2.292855024337769,-0.992565393447876,-1.194388508796692,-2.5971312522888184
1983-03-27,0.0924389734864234,0.6342048645019531,0.7922724485397339,0.2598525285720825,0.0864654406905174,-0.7378540635108948
2003-05-21,-0.2082513570785522,-2.0370914936065674,-1.3641852140426636,-1.5049628019332886,-2.0060060024261475,-1.5708308219909668
1997-02-25,1.2199653387069702,-0.1330743730068206,1.6116751432418823,0.657318115234375,1.3786687850952148,-0.0264848880469799
1990-12-06,-0.0671566575765609,-0.4451099336147308,-1.8778449296951292,-0.6318821907043457,-0.6863122582435608,0.2806458175182342
1993-04-05,-1.8850833177566528,3.3607068061828613,-0.3554375171661377,-0.1454874873161316,-1.4695488214492798,-1.4276745319366455
1996-02-11,-0.7152264714241028,1.07319974899292,1.2650978565216064,0.5082147121429443,1.543980360031128,3.618107795715332
1997-08-02,-0.3926698267459869,-0.6212705969810486,0.2612778544425964,0.4151724576950073,1.0967273712158203,-1.4683289527893066
1999-06-07,-0.1307223290205001,-3.1348419189453125,1.302215576171875,-1.420657992362976,-1.0977827310562134,1.558599591255188
2002-11-11,0.4399526119232178,0.8840007781982422,-3.4775240421295166,-0.8482292890548706,-1.3628727197647097,-3.348950862884521
1987-12-26,-0.9091561436653136,-1.2192376852035522,-0.6684830188751221,0.409739226102829,0.5584729909896851,0.038373414427042
2002-08-07,3.605938911437988,-2.455157518386841,1.4432207345962524,2.316718101501465,-0.0262891855090856,1.173029541969299
1984-12-09,1.1364554166793823,0.9672120213508606,-1.12939453125,-0.4762629866600036,-0.3976777791976928,-1.157348871231079
1982-10-24,-2.3753254413604736,-1.8559659719467163,-0.8960624933242798,-2.042753219604492,-2.572929620742798,1.8385913372039795
2004-04-15,-2.309605121612549,3.642832279205322,0.9075526595115662,-0.1496349573135376,-0.4014183282852173,-0.1187549978494644
1982-06-04,0.8499003648757935,-1.9244728088378904,-1.5108027458190918,-2.233853578567505,0.1240390762686729,-2.9991135597229004
1987-11-05,-1.85990047454834,-0.619640588760376,-0.976825475692749,-1.8604466915130613,-1.2052210569381714,-2.069524049758911
1990-05-09,-1.525391697883606,0.6171073913574219,-1.939644455909729,-1.3710370063781738,1.352661371231079,-2.9222915172576904
1996-09-03,-1.426715612411499,-0.1923678815364837,2.109716415405273,-1.044844627380371,2.270188331604004,3.6411445140838623
2003-02-16,0.2080218940973281,-1.866648554801941,1.358403205871582,0.6379590034484863,1.540012001991272,0.2108735889196396
2007-03-07,1.5558388233184814,1.938260555267334,1.038838267326355,0.7052685618400574,1.0521643161773682,0.3407758176326751
1983-12-09,-0.0602158643305301,-1.6238558292388916,-0.778491735458374,-0.8839803338050842,-0.8015491366386414,-0.7133091688156128
1997-12-20,0.0753742381930351,-2.272883892059326,-1.2586899995803833,0.3724974393844604,-0.0225955490022897,-1.485719919204712
2004-10-14,-1.2841050624847412,-0.7010868787765503,-0.997934877872467,-1.0715898275375366,-0.0497639141976833,3.533157587051392
2006-08-05,2.987220048904419,1.382200002670288,1.881081461906433,2.6140687465667725,3.374333143234253,2.9195213317871094
1984-06-16,1.0177751779556274,-1.564586877822876,-1.093934416770935,-1.7012417316436768,-1.516164779663086,-2.9936764240264893
2005-10-10,0.484463483095169,1.6385738849639893,1.2746074199676514,-1.4102660417556765,-0.0059379395097494,3.6549265384674072
1988-02-27,0.2193711847066879,-0.8048551678657532,1.494066596031189,0.6584402322769165,1.4067555665969849,2.6633124351501465
1996-06-28,-0.2819198071956634,-2.162752389907837,-1.7389233112335205,-2.0755484104156494,0.788736879825592,-0.2513578832149505
2002-01-03,1.8868999481201167,-0.0662987455725669,1.101239800453186,0.9913651943206788,1.3272284269332886,0.8516259789466858
1990-07-11,0.3263862729072571,-3.2817916870117188,-2.4745492935180664,-0.0724775940179824,0.7337008714675903,-2.5869064331054688
1992-06-30,0.5148623585700989,0.2169871032238006,-0.7927001118659973,-0.0146516365930438,0.7360242009162903,-0.0490808859467506
1981-12-10,-0.2735482454299927,-0.2327696979045868,1.410614013671875,0.5437260270118713,-0.0476716645061969,-0.4573366343975067
1982-11-16,-0.5200388431549072,-0.8259906768798828,-0.3775485157966614,-1.1582268476486206,-0.7528567910194397,2.191057682037353
2002-12-11,0.979126751422882,-1.4420870542526243,-1.90198016166687,0.0750907361507415,-0.6860172748565674,-1.6245511770248413
1984-07-10,2.1937038898468018,1.3331096172332764,3.0894570350646973,-0.7660956382751465,1.4721267223358154,0.274394690990448
2000-04-07,0.8248761892318726,2.7055037021636963,1.614679932594299,-0.3499541580677032,-1.013756275177002,1.6241096258163452
1992-09-26,-1.7699183225631714,2.5173141956329346,-0.3762975633144378,-1.708341121673584,0.1737419515848159,-0.9997347593307496
2006-07-02,0.3528111577033996,1.3071116209030151,1.7755820751190186,1.9085112810134888,1.6801837682724,2.2124874591827397
1985-04-23,0.4187631905078888,-1.9885300397872925,-1.1863713264465332,-0.5912728309631348,-2.3715596199035645,-4.452841758728027
1998-10-01,-2.096425771713257,-0.9869773387908936,-0.1360820233821869,1.277135729789734,-0.4165995419025421,-0.7955384850502014
2007-07-03,-0.4246281385421753,0.0115672573447227,-0.9710839986801147,0.5329752564430237,1.998831868171692,-0.670997679233551
2002-04-06,-0.3106859624385834,4.288445472717285,-0.6551719903945923,-0.0301956813782453,-0.9526953101158142,0.7330133318901062
1994-04-22,-0.4304774403572082,3.805924415588379,0.0127451140433549,-0.8496558666229248,-2.030614137649536,3.2537648677825928
2003-03-29,0.2172266542911529,1.621633529663086,-0.1196881979703903,0.4798576235771179,-0.836500883102417,4.278960704803467
1982-12-28,0.1078268587589263,-0.4958749413490295,-1.810160756111145,0.2712450325489044,-0.3510358929634094,1.9887549877166748
1999-08-09,0.0362603403627872,0.2888069748878479,3.5774245262146,2.2003304958343506,3.865661144256592,4.0179123878479
2000-08-25,1.7340692281723022,1.81662392616272,4.279122829437256,4.063849449157715,1.7030973434448242,3.4355950355529785
1984-05-14,-2.0687832832336426,-1.4035885334014893,-0.0054928651079535,-1.9867477416992188,-1.2075544595718384,2.9139177799224854
1994-06-23,1.6850229501724243,3.243227481842041,0.0849032700061798,-1.9697831869125368,-1.10858416557312,-2.8026931285858154
1985-10-11,-0.8282178640365601,-0.7758166193962097,-1.056644082069397,-2.0380373001098637,0.5010138750076294,-2.245032548904419
1982-10-16,-1.885531663894653,-1.6214053630828855,-2.4353840351104736,-1.3202697038650513,-2.045916080474853,-0.9450796842575072
2007-01-21,3.16287899017334,0.9852855205535888,1.663643717765808,1.0116339921951294,2.4103922843933105,0.9264651536941528
2005-11-12,-0.3684811890125274,1.453667402267456,-0.8269105553627014,-0.5427243709564209,0.264461874961853,-1.2160325050354004
1989-05-05,-1.8011876344680786,1.5898360013961792,-1.3277233839035034,-1.2404464483261108,-0.0736893266439437,-1.6590161323547363
1997-04-01,-0.9315356612205504,-2.8372251987457275,-0.0023001204244792,0.2421550303697586,-0.8921948671340942,-0.6297738552093506
2007-08-20,-0.4100571572780609,1.1749752759933472,1.3574570417404177,0.1474484354257583,0.4716290235519409,2.3581864833831787
1994-09-27,-0.8812724947929382,-0.6431146860122681,0.6121523976325989,0.7321172952651978,-1.796204924583435,-0.5457379221916199
1989-10-03,-2.296437978744507,0.8430092334747314,-0.8160746693611145,-1.992883801460266,-3.5166056156158447,-1.4355226755142212
1990-05-16,-1.1537525653839111,-1.7709800004959106,-2.5376052856445312,-1.2887349128723145,-2.4478118419647217,-2.057429790496826
1999-03-29,-0.2204948961734771,4.184260845184326,1.7337194681167605,0.4424424171447754,-0.3515073359012604,2.1363534927368164
1988-12-31,0.950391173362732,-1.539292812347412,-0.1135330721735954,0.6308505535125732,0.6358032822608948,0.3819009661674499
1992-09-03,-2.3187592029571533,3.5288355350494385,0.8505667448043823,-0.473544031381607,-0.9971246719360352,-2.689749956130981
2001-01-04,1.5027551651000977,-0.5920578241348267,0.0159652922302484,0.5959346890449524,1.365578532218933,0.2339281588792801
1997-10-08,-1.408204436302185,0.3841870427131653,-0.2366672903299331,-0.1280336678028106,-1.3189934492111206,-1.7950204610824585
2003-12-11,0.4391487240791321,-2.912088394165039,0.4680149257183075,0.525102972984314,-0.0160038247704505,1.985464692115784
1990-12-02,-0.1370420306921005,-0.1117381677031517,-1.1369138956069946,-0.7350131273269653,-1.0836527347564695,-0.7136892676353455
1982-12-10,0.2764395475387573,0.2372315227985382,-1.269378662109375,-0.6562556624412537,-1.117678999900818,1.072662115097046
1993-11-25,-0.645143985748291,0.6562604904174805,-1.226309299468994,-0.927423059940338,-2.9745960235595703,-1.5880264043807983
1991-03-12,0.1746659129858017,1.8117656707763672,0.93748277425766,0.7411389946937561,0.7812456488609314,2.3317630290985107
1993-03-22,-1.2752807140350342,2.590735673904419,-0.0611964240670204,0.3718778789043426,-0.0442232824862003,-0.7336670756340027
2005-04-05,-1.1606920957565308,-1.3415288925170898,1.0948280096054075,-0.1002030074596405,-0.9927038550376892,4.333019256591797
2003-11-16,-0.6486679911613464,-1.204629898071289,-2.0468904972076416,-0.138214036822319,-1.684467911720276,-0.0482863187789917
1985-03-18,1.5441901683807373,-2.271212577819824,0.2677244544029236,0.4457584023475647,0.4606785774230957,0.0846859887242317
2006-09-12,0.2350299954414367,-1.8937907218933103,2.816532850265503,2.6059343814849854,-0.4772798717021942,-0.8717657923698425
1992-03-10,-0.9641502499580384,1.058255672454834,0.50883948802948,0.6052624583244324,0.8421728610992432,0.8507856130599976
1996-11-03,-2.049468278884888,0.2754731774330139,-1.2797894477844238,-1.415635585784912,-0.6647902131080627,0.2155892699956894
1994-11-25,0.1848730891942978,-0.8637590408325195,-2.386312961578369,-0.6574340462684631,-0.1446095108985901,-3.538038730621338
1999-03-08,0.3353843986988067,1.5433499813079834,2.038007497787476,0.4484423398971557,0.9006615877151489,2.138321876525879
1991-03-14,0.2073480784893036,1.6146968603134155,0.438126802444458,0.6799063086509705,0.6521487832069397,2.0093045234680176
2001-03-16,-0.0593131482601165,0.3980910181999206,0.5465936064720154,0.634899377822876,0.388060063123703,0.2976521849632263
2002-10-02,0.5592890381813049,2.2777209281921387,-0.693952739238739,-2.781102180480957,-1.3316606283187866,-0.1202482059597969
2003-06-10,-1.8133503198623655,0.3940371870994568,-2.590253591537476,-0.8687941431999207,-1.7411571741104126,-1.3836990594863892
1986-07-08,-0.9846256971359252,-1.178435206413269,-1.4010766744613647,0.0729838162660598,-0.3211754858493805,-0.720985472202301
1986-03-28,0.1840585619211197,-0.5074114203453064,0.0575014911592006,1.8342278003692627,-0.2413480877876281,-1.5076144933700562
2002-01-07,1.663718342781067,0.465246707201004,0.9519824981689452,0.7054782509803772,1.4582157135009766,2.1658663749694824
1992-02-22,-0.6698740720748901,1.8639734983444212,0.731285572052002,0.6127943992614746,1.4929732084274292,-0.1322012692689895
2005-05-27,-3.0141775608062744,-2.530484437942505,-2.350771427154541,-0.0065392008982598,-3.4673240184783936,0.6627320647239685
2004-09-18,-0.590769350528717,-0.6517587304115295,0.2318502515554428,0.5426357388496399,-1.2156164646148682,3.570882797241211
1987-02-08,0.0204993244260549,-0.7835431098937988,0.4514684975147247,0.7187434434890747,1.4404754638671875,-1.444075345993042
2002-08-04,4.564557075500488,-2.399103164672852,1.2730488777160645,1.831654667854309,1.673479676246643,-0.2735583484172821
1994-03-27,-0.012369661591947,-1.0251370668411257,0.0520801991224288,0.4850755333900451,-0.5083450675010681,0.0504213869571685
2006-01-19,2.044918775558472,2.28289794921875,2.629366159439087,0.6993739008903503,1.6926661729812622,0.4161206483840942
2007-07-05,-0.1063145399093627,-1.0468952655792236,-1.4105430841445925,1.1539177894592283,1.8921401500701904,-0.485584557056427
2002-01-26,2.061535358428955,-1.6641862392425537,1.2502095699310305,0.945671558380127,1.7361620664596558,0.5032199025154114
1997-01-08,0.5237036943435669,-0.6147398352622986,1.001970291137695,1.0354952812194824,1.3882083892822266,-0.2541471421718597
1985-08-24,2.598125696182251,1.2930699586868286,-0.4048977196216583,2.810885429382324,4.015320301055908,-1.7850168943405151
2002-12-09,1.1598089933395386,-1.4510841369628906,-1.966170310974121,-0.0376495793461799,-0.4921963810920715,-1.9647400379180908
1994-10-06,-1.7496438026428225,0.3070150017738342,-0.1444373279809951,-0.6261819005012512,-2.259660005569458,0.8800874948501587
1990-05-29,-0.7380200624465942,1.4735865592956543,-2.530945301055908,-1.1389760971069336,-3.686326265335083,1.2441163063049316
1981-10-05,-2.306417226791382,-4.226967811584473,-0.6460612416267395,0.5871332287788391,-1.2565958499908447,1.1744626760482788
1988-06-18,-1.1118252277374268,0.4103885591030121,-0.600405752658844,-1.5975205898284912,-1.839413046836853,0.2733812928199768
2006-04-13,0.3694712519645691,-1.7241637706756592,0.8159902691841125,0.111658975481987,0.4057374000549316,2.078688621520996
1986-03-04,2.155475616455078,-0.4101142287254333,0.2398295104503631,1.112715244293213,1.2404422760009766,-0.2003625333309173
1994-08-05,3.2505831718444824,3.332194328308105,3.427107095718384,1.1918814182281494,2.741971969604492,-0.2931086122989654
1996-01-10,-0.8149121999740601,0.5858182907104492,-0.0288550090044736,0.3972634971141815,0.698195219039917,-0.2852059006690979
1985-07-28,1.584975242614746,1.0051764249801636,-0.6337980031967163,0.045202050358057,1.8278285264968872,0.7308487296104431
1995-12-22,0.7745730876922607,1.3322534561157229,-0.7177800536155701,-0.1446305066347122,-0.4773554503917694,-0.4538624584674835
2006-05-19,-1.0006057024002075,0.8144550919532776,0.7643821835517883,1.1737455129623413,-0.4229263365268707,1.0233711004257202
1992-11-09,-2.7682406902313232,-1.4409304857254028,-2.5908994674682617,-1.406593918800354,-1.9657459259033203,-2.31853985786438
2000-07-13,0.2583515346050262,0.5826732516288757,3.110689878463745,1.0840569734573364,1.0501408576965332,0.3754055202007293
2005-12-22,0.4978415071964264,1.4641165733337402,1.75981605052948,0.11124137789011,1.4589617252349854,5.268754005432129
2004-01-18,1.231381893157959,-0.7641287446022034,1.3979434967041016,0.8837141394615173,1.3352288007736206,1.1512912511825562
1983-05-29,-1.8719086647033687,-1.782449722290039,-1.0616117715835571,-1.3613146543502808,-1.913359522819519,-0.1751773953437805
2001-06-14,0.9108350872993468,-1.7717053890228271,-1.3555121421813965,0.1475622355937957,1.1937021017074585,2.4674034118652344
2006-06-05,-0.3507235646247864,-2.1548309326171875,-0.3077698349952698,1.299343228340149,1.0122026205062866,0.678594708442688
1997-06-08,-1.3269319534301758,-4.625519275665283,-2.716439247131348,-0.3280609846115112,-2.0002074241638184,-4.61722993850708
1984-11-08,-0.0767030045390129,0.5674068927764893,-1.9428495168685915,-2.034988641738892,-0.9524274468421936,-2.402039051055908
2002-07-18,1.341286063194275,-2.277328491210937,0.8849555253982544,0.9895762801170348,1.0927048921585083,2.041865110397339
1982-09-25,-1.229644775390625,-0.8584896922111511,-0.4098939895629883,-0.2213579565286636,-2.3159611225128174,1.2879735231399536
1996-03-28,-0.4896699488162994,-1.174307942390442,1.03514564037323,0.0541731789708137,-0.6584708094596863,1.6623886823654177
2000-04-10,0.4440324902534485,3.77032470703125,0.8038168549537659,-0.2536270916461944,-1.0564769506454468,3.790183067321777
1982-10-03,-1.5166085958480835,-1.5670151710510254,-0.4506066441535949,-2.391385316848755,-2.7641797065734863,0.3244104981422424
1997-09-28,-1.5896092653274536,-0.5502573847770691,0.1450233608484268,0.045603334903717,-0.6801284551620483,-0.9636411666870116
2005-02-08,0.5247637629508972,-0.3267940878868103,1.1151039600372314,0.6582086086273193,1.533970594406128,0.6380966901779175
1990-04-08,-1.1375023126602173,1.730316400527954,-0.2067965418100357,-0.2711870670318603,-0.7832978367805481,-0.0593039542436599
1985-11-11,-0.3482272028923034,0.0090512204915285,-1.3608886003494265,-1.276589035987854,-1.7257556915283203,-2.278531312942505
1996-03-05,-0.8259648680686951,0.3202620148658752,1.9121519327163696,0.5219912528991699,1.061327338218689,0.8920525908470154
2001-04-04,-1.025647759437561,-0.2289390563964843,-0.4702095985412597,0.1370515525341034,-0.6955711245536804,1.3971376419067385
1988-12-21,0.3354783654212951,-2.708563804626465,-1.190418362617493,0.0691820159554481,-0.1893767714500427,0.9520063400268556
1999-08-17,0.4976438879966736,1.2095130681991575,3.317766666412353,2.2247231006622314,0.8764612078666687,5.1366353034973145
1999-03-12,0.0473749339580535,2.474682092666626,1.738114595413208,0.6298879981040955,0.6421390175819397,2.5093045234680176
2000-07-23,1.1275556087493896,1.3602030277252195,3.611526727676392,3.815459489822388,1.304250955581665,2.0448594093322754
1986-11-27,-0.4451318085193634,-1.7137346267700195,-3.276327610015869,-0.6174255013465881,-1.5446033477783203,-1.8480361700057983
1994-12-27,1.2894129753112793,-0.2311561405658722,-0.2264536023139953,0.322673350572586,0.2849191129207611,-1.122208833694458
2002-10-05,1.3028966188430786,2.048324584960937,-0.526944100856781,-2.3575439453125,-0.9310965538024902,2.207146406173706
2005-08-24,0.314055860042572,3.2666056156158447,1.6591275930404663,0.9938420057296752,3.103091239929199,2.6655755043029785
1999-03-20,-0.7164259552955627,4.662055969238281,2.463909387588501,0.4565497636795044,0.1521659046411514,2.84128999710083
1997-05-24,-1.3438982963562012,-2.0505645275115967,-2.9222095012664795,-1.452487826347351,-2.111253023147583,-1.7301582098007202
1987-02-03,0.6064625978469849,-0.6333351731300354,0.0262171607464551,0.5752702951431274,1.2916045188903809,-1.119515895843506
1982-12-12,0.228849247097969,0.178632766008377,-1.1220628023147583,-0.4614795446395874,-0.9728745818138124,0.404264748096466
1986-09-20,-2.4149558544158936,-2.1037092208862305,0.7596443891525269,1.7000740766525269,-2.8415355682373047,-0.571894645690918
1998-01-02,0.3820454180240631,-0.0373570546507835,-0.4721319675445556,0.7003491520881653,0.2545101344585418,-0.6953375935554504
1999-09-18,-0.7084454894065857,1.2456111907958984,3.3316054344177246,-0.3066683709621429,1.1115822792053225,1.810924172401428
1984-05-30,-0.4280224740505218,-1.4864354133605957,0.6990351676940918,-2.428954124450684,-1.5863200426101685,2.2141175270080566
1996-05-10,-1.484686017036438,0.584760308265686,-1.362868309020996,-1.4899003505706787,-3.2245497703552246,3.323254346847534
1988-12-18,-0.7280995845794678,-2.388769149780273,-1.4400768280029297,-0.0532439835369586,-0.4084270000457763,1.2426602840423584
2002-09-24,1.2501012086868286,-1.252705216407776,-0.6862950921058655,-0.718350887298584,-0.4062446057796478,-0.7197359800338745
1984-06-17,0.5740497708320618,-1.5233454704284668,-1.230010986328125,-1.6170170307159424,-1.6318644285202026,-2.408299684524536
1983-02-04,1.34648334980011,0.2866782546043396,1.0762354135513306,0.3552690744400024,1.3315825462341309,2.910513401031494
1997-08-09,-0.273737221956253,-0.6612052321434021,2.4374403953552246,0.9203317165374756,2.155669689178467,0.7279040217399597
1990-08-11,3.2262628078460693,1.5188180208206177,3.3574233055114746,2.5103280544281006,1.3156733512878418,1.7979114055633545
1985-06-27,-0.6104806065559387,-3.0246829986572266,-2.2435085773468018,-1.813690423965454,0.0271991267800331,-3.634453296661377
2002-05-04,-1.0120418071746826,-1.1704176664352417,-1.7017977237701416,-0.7900376915931702,-3.3745105266571045,-1.7492568492889404
2007-05-27,-0.6741811633110046,-2.96050763130188,-2.060793399810791,-2.1565330028533936,-2.0873191356658936,-1.7672606706619265
1989-04-22,-1.0212392807006836,2.321467399597168,-1.0863957405090332,-0.7512764930725098,-1.3415608406066897,-0.7428504824638367
1996-03-30,-0.392758697271347,-1.038370132446289,0.8603227734565735,-0.0101631404832005,-0.696486234664917,1.4889522790908811
2003-12-16,0.6437059640884399,-3.301532745361328,-0.126149445772171,0.3212916553020477,0.0026637967675924,0.9361669421195984
1988-09-27,-1.8799036741256716,-0.7827039957046509,-0.0063024335540831,-0.1583533138036728,-2.6062567234039307,-1.0597323179244995
1999-12-30,1.8822214603424072,1.6198904514312744,0.038587674498558,0.7291051745414734,0.6957899928092957,0.3386146128177643
2000-07-18,1.62128484249115,2.1626739501953125,5.474982261657715,2.0595531463623047,3.512718439102173,0.8818919658660889
1996-10-21,-2.555558443069458,-1.1200298070907593,-1.7744998931884766,-1.8440815210342407,-2.353318691253662,-1.5774774551391602
1988-10-01,-1.5766061544418335,-1.6170334815979004,-0.2406151890754699,-0.441373199224472,-3.9941601753234863,-0.5855931639671326
1986-08-19,-0.2758096754550934,2.3346264362335205,-1.1035635471343994,2.7531814575195312,1.8133580684661863,0.6706424951553345
1995-08-14,1.4238181114196775,2.188201427459717,1.8054230213165283,1.644599437713623,1.4499222040176392,-0.5288756489753723
1993-01-26,0.6751009821891785,0.6329636573791504,0.4606765210628509,0.7904219031333923,1.0582749843597412,-1.9577900171279907
1986-09-18,-2.2432007789611816,-2.068422555923462,0.4321045577526092,2.3663604259490967,-2.4209635257720947,-0.6732555031776428
1992-04-19,-2.285761833190918,0.1599234044551849,-1.1189430952072144,-0.7562324404716492,-2.296895980834961,-1.0690609216690063
1997-11-21,-1.4289424419403076,0.8807486295700073,-2.014132261276245,-0.5938219428062439,-1.0514708757400513,2.7772507667541504
1998-10-11,-1.3455249071121216,-1.299065113067627,-1.103236198425293,0.1167145818471908,-1.813958048820496,-1.7493230104446411
1982-09-14,-1.0858469009399414,-0.6316463351249695,-0.1740061044692993,0.2137670964002609,-1.929184079170227,1.138690710067749
1987-09-01,0.5898899435997009,1.407672882080078,1.8063229322433472,1.4917832612991333,-0.930984616279602,0.4715825915336609
1982-06-10,-1.4742063283920288,-1.9438800811767576,-0.9487869739532472,-2.0030617713928223,1.3356157541275024,-2.515490770339966
1989-03-10,-0.4646033942699432,0.0533597879111766,0.4279917180538177,0.8484362363815308,0.9006615877151489,-0.2516928315162658
2000-05-24,-0.3818878531455993,-1.652444839477539,-0.6616178750991821,-0.5713061690330505,-2.0333547592163086,0.6648189425468445
1984-01-17,0.3987508714199066,0.4283410012722015,0.4229671359062195,-0.1828716695308685,0.5662920475006104,-0.3887509107589721
1985-01-19,1.4109559059143066,0.9619596004486084,0.6528854966163635,0.2890310883522033,0.8462246656417847,-0.8890572190284729
1995-03-01,-0.468373566865921,1.9337621927261357,1.2511330842971802,0.6878585815429688,1.278861165046692,-0.9346819519996644
1997-02-10,1.1447893381118774,0.6531863808631897,1.8051064014434812,0.5282037258148193,1.553990125656128,0.7181137800216675
2005-12-10,0.5191352963447571,-0.4321078062057495,1.08801007270813,0.4651053845882416,0.8539912700653076,1.2254549264907837
1998-04-02,-0.4580202400684356,1.7365704774856567,1.2085251808166504,0.0270853824913501,-0.7628496289253235,-0.0411388352513313
2007-06-04,-2.2642149925231934,-3.763887405395508,-2.388789415359497,-2.5330605506896973,-1.5143903493881226,-2.305499315261841
1992-05-29,-1.75611674785614,-0.868460476398468,-1.4308375120162964,-2.1277709007263184,-1.1870954036712646,-3.101511716842652
1992-10-02,-3.506429433822632,1.5830299854278564,-1.1960796117782593,-1.3728581666946411,-0.4866068661212921,-0.5655274987220764
1993-07-07,3.278991460800171,0.3168882429599762,-1.7664735317230225,-0.9618769288063048,-0.1605266779661178,-1.113697171211243
1982-10-05,-0.8764246106147766,-1.2869956493377686,-1.2560771703720093,-2.222864389419556,-2.5166056156158447,0.4544615149497986
1996-11-10,-1.830033302307129,-0.3442435562610626,-1.335627794265747,-0.3529058694839477,-0.2797159850597381,-0.249842032790184
1987-05-06,-2.081186294555664,3.059837102890014,0.3522693216800689,-0.6404708027839661,0.3063155710697174,1.130992412567139
1987-06-27,0.4795157611370086,-2.7846927642822266,0.1765049248933792,-1.783691644668579,0.7371906042098999,-1.484459400177002
1996-06-14,1.254042387008667,-0.2133479565382003,-1.790008544921875,-1.4069950580596924,2.128145456314087,-0.4982961118221283
2000-01-06,2.407506465911865,2.3712854385375977,0.7493565678596497,0.5698004961013794,0.7618656754493713,0.8554051518440247
1987-04-19,-1.4945274591445925,2.0947959423065186,0.0425503998994827,0.1563191562891006,-0.1771935522556305,5.490518569946289
2005-07-18,1.3617885112762451,0.4019246995449066,1.1408112049102783,2.9250853061676025,1.2642322778701782,1.8122879266738887
2002-05-16,-1.6621328592300415,-3.341386556625366,-2.375235080718994,-1.3225165605545044,-3.028916358947754,-2.283174514770508
1992-04-29,-2.071410894393921,1.2348124980926514,-1.0907281637191772,-1.213508367538452,-2.76273775100708,-4.1268486976623535
2002-11-20,0.6110661029815674,1.7807425260543823,-2.884127378463745,-0.5438341498374939,-1.0114623308181765,-3.1627516746521
1989-12-20,-1.355091571807861,-1.7048050165176392,-2.5829365253448486,-0.6545671224594116,-0.2976383566856384,-2.3107340335845947
1999-08-16,0.5341878533363342,0.954621434211731,3.5764291286468506,2.1331863403320312,0.8933750987052917,3.94063138961792
1982-04-20,-1.5745140314102173,2.414803266525269,-0.7574679255485535,-0.6136698722839355,-1.597176432609558,-2.299489974975586
1993-12-04,-0.3443297147750854,2.7734627723693848,-2.0374011993408203,-0.7699392437934875,-1.8119646310806277,-2.2654242515563965
2006-06-08,-0.398285299539566,-0.5261273384094238,-0.7727124691009521,0.0778436511754989,1.2080777883529663,0.9915972352027892
1987-09-18,0.7268005609512329,1.7515846490859983,0.7821106910705566,-0.1136199757456779,-0.8709757328033447,0.2467274069786071
2006-11-22,1.074857234954834,-0.8837480545043945,0.3236784338951111,-0.0374389551579952,0.92539781332016,3.141953945159912
1984-09-08,1.072380781173706,0.9394375085830688,1.204712986946106,0.2855227887630462,1.7323449850082395,2.27734899520874
1991-01-12,1.1053133010864258,2.3354332447052,-0.3911285102367401,0.4783444404602051,0.6560171842575073,-0.557214617729187
1992-04-12,-2.3959639072418213,-0.0996704325079917,-1.3161782026290894,-0.2336380779743194,-1.5564769506454468,-1.6698083877563477
2007-08-05,3.407202959060669,2.522184133529663,1.801094889640808,4.234063625335693,3.824345350265503,3.5295066833496094
1984-01-25,1.244930863380432,0.4928893446922302,0.6593648791313171,0.0393702499568462,0.8826686143875122,-0.1738757044076919
1988-07-06,0.9327977299690248,2.1271190643310547,2.265602827072144,-0.2414826601743698,-0.7198101282119751,2.4624874591827397
2001-10-06,-1.2632970809936523,-0.2492799013853073,-0.397686094045639,-1.15815532207489,0.2891480922698974,-0.1345432251691818
2004-11-03,-0.3667115569114685,-1.5225894451141355,-1.0628446340560913,-0.534988522529602,-0.1824384480714798,1.6679682731628418
2003-09-13,1.1250447034835815,-0.4337687790393829,-1.2034560441970823,0.4459308385848999,-0.0272676795721054,0.1382134854793548
2000-09-11,1.806353211402893,2.1595633029937744,-0.0880890190601348,0.4479316174983978,0.6270566582679749,1.0055582523345947
2006-02-12,1.4808671474456787,0.3701461255550384,2.0857322216033936,0.6140573620796204,1.9232908487319944,1.4110149145126345
1981-09-27,-0.7627774477005005,-2.498114824295044,-0.9071860909461976,0.5533784031867981,-0.3702850341796875,0.986334502696991
2000-11-12,-2.8544301986694336,0.5536659955978394,0.0574609041213989,-0.5705733895301819,-1.609238862991333,3.1322617530822754
1993-06-26,-0.4970654845237732,0.5422821044921875,-3.851331949234009,-1.6849284172058103,-2.172481775283813,-4.714540004730225
1984-06-04,-0.4379066526889801,-2.456376552581787,-0.1307670325040817,-2.262388229370117,-0.014320995658636,1.324847936630249
1992-09-11,-2.5358591079711914,2.688360929489136,-0.4439951181411743,0.2337866276502609,0.2407988756895065,-2.451305627822876
2001-11-22,-0.7631543278694153,0.4243357181549072,-0.5658279061317444,-0.0862577781081199,-0.966538667678833,0.0568070039153099
1993-02-18,0.3780048191547394,1.373341679573059,0.578404426574707,0.5479626655578613,1.530032753944397,-1.2491178512573242
1983-11-12,-1.3682466745376587,1.8790463209152224,-0.3408995866775512,-1.966591477394104,-2.5457630157470703,-2.20855450630188
1995-11-16,-0.1621655523777008,-0.656039297580719,0.1892401278018951,-1.1946922540664673,-0.7818245887756348,-1.163877010345459
1999-05-24,0.4361005127429962,-1.0305448770523071,0.5677807927131653,-0.8624914288520813,-1.1212629079818726,0.3898369073867798
2001-11-26,-1.230891227722168,0.1523205488920211,0.393082708120346,-0.4709934294223785,-1.1316086053848269,1.818552017211914
1981-10-17,-2.314380168914795,-0.7427980303764343,0.234074518084526,-0.1565934717655182,-2.346466064453125,-0.3196860253810882
2007-03-10,1.407360315322876,3.604686975479126,0.738114595413208,0.8598989844322205,0.7921329140663147,-0.7406955361366272
2004-03-15,-1.769304633140564,-1.7619125843048096,1.2665948867797852,0.844890832901001,0.288084477186203,0.1576375216245651
1989-05-22,-0.0231479853391647,3.695800065994263,-1.127390742301941,-1.5976697206497192,-2.479667901992798,-0.9327046275138856
1993-08-01,-0.4797664880752563,0.0503827296197414,1.1534096002578735,0.742209792137146,0.951779842376709,0.3215813934803009
1984-07-31,1.9759650230407717,1.8372552394866943,2.651272773742676,0.3296671509742737,2.2834694385528564,-0.0542163625359535
2003-09-01,0.911251664161682,1.218838095664978,3.890575170516968,1.166470646858215,0.2928838729858398,1.9002768993377688
1989-03-23,-0.4552734196186065,2.730719804763794,0.2087925970554351,0.3118803203105926,0.0757718309760093,-0.1136719733476638
2005-12-12,0.6465694904327393,1.4753938913345337,1.3001257181167605,0.6066187620162964,1.3553390502929688,1.004677176475525
1992-03-27,-2.0023598670959477,0.5948579907417297,-0.0879344493150711,0.2850938439369201,-0.5083450675010681,-1.4295896291732788
1987-11-08,-1.9667176008224487,-0.6926028728485107,-1.2728360891342163,-1.804977536201477,-2.442448139190674,-1.7220463752746582
1997-02-21,1.107456088066101,0.201396957039833,1.867815375328064,0.5957330465316772,1.4753516912460327,0.433859258890152
1984-04-06,0.5941097736358643,-2.220792531967163,1.6374670267105105,-0.1287945210933685,-0.5853068232536316,-1.1537489891052246
1991-07-25,2.401534080505371,1.1264071464538574,-1.7513211965560913,-1.4034092426300049,0.2830960750579834,-3.729949712753296
2002-07-07,2.269482135772705,0.8002101182937622,0.9367650747299194,-0.149626150727272,1.5268865823745728,1.473340630531311
2001-05-07,-0.5079606771469116,-1.0998607873916626,-2.0099008083343506,-0.7570405006408691,-1.909377694129944,0.1801820993423462
1984-11-01,-0.2546651363372803,-1.3541892766952517,-2.424757719039917,-2.705709218978882,-1.7607496976852417,-2.7824220657348637
1998-11-22,-1.2910927534103394,-2.3775112628936768,-0.6550983190536499,-0.2350627928972244,-1.048829436302185,-1.7781072854995728
1984-02-06,1.2047812938690186,2.9344773292541504,0.9724101424217224,0.3395099341869354,1.3689149618148804,-0.1334151774644851
1987-12-05,-0.9917123317718506,-0.2081650644540786,-1.1071281433105469,-0.6781696677207947,-1.5784262418746948,0.798469603061676
1983-10-07,-2.000739097595215,0.5377306938171387,0.0160386953502893,-1.991093754768372,-1.1116594076156616,0.1997286081314087
2003-02-17,0.3003888130187988,-1.6650320291519165,1.3815723657608032,0.6538951396942139,1.530297040939331,0.2413010895252227
1999-09-22,0.5730392336845398,0.2860409617424011,3.650444746017456,0.695545494556427,1.0858303308486938,1.7064489126205444
1983-12-28,0.3578268587589264,0.104100652039051,0.0698441788554191,0.2312365025281906,0.5089494585990906,-0.8712608218193054
1990-02-04,1.3747642040252686,-1.1755081415176392,0.6623820662498474,0.5694904327392578,1.3589357137680054,-1.8834152221679688
1993-01-19,0.3425846397876739,0.0756848230957984,0.4246136546134949,0.0796139612793922,0.707925021648407,-0.8977561593055725
2005-01-07,0.93508780002594,0.8558378219604492,1.6111596822738647,0.7672891616821289,1.448195219039917,0.2947806715965271
1999-06-18,3.0345849990844727,-2.6640419960021973,1.621754765510559,-0.6165768504142761,-0.1515751332044601,2.126425504684448
2006-09-23,2.370096206665039,-2.4326980113983154,1.1036828756332395,-1.598325252532959,-0.136255607008934,1.6902676820755005
1994-05-14,-1.048364281654358,-0.271469235420227,-1.6629053354263306,-1.3811770677566528,-3.114244222640991,-2.1364336013793945
2007-05-24,-1.529954433441162,-2.554416418075561,-2.541208982467652,-2.450145483016968,-2.8850743770599365,-0.4904422760009765
2000-01-27,1.4415401220321655,1.0458357334136963,1.4302022457122805,0.885673999786377,1.4961718320846558,1.3132175207138062
2005-07-24,1.1238453388214111,0.8113406896591187,2.3226938247680664,3.775786876678467,3.843896865844727,0.6879585385322571
1999-03-30,-0.222775787115097,3.821645736694336,1.6803301572799685,0.6098319888114929,-0.426497220993042,2.188964366912842
2003-12-30,1.1131582260131836,-0.8017439246177673,1.979536771774292,0.6668003797531128,1.043951153755188,2.944669246673584
1990-06-06,-1.570347785949707,1.998640537261963,-3.1501145362854004,-1.0672600269317627,-3.424867391586304,-1.743427872657776
1987-01-13,0.7953157424926758,0.1854394078254699,-0.7011260390281677,0.3383603096008301,0.3360098600387573,-0.767206072807312
1984-05-18,-1.3095673322677612,-0.5608059167861938,-0.1329210102558136,-2.216483354568481,-0.651499330997467,1.2711122035980225
1987-12-08,-1.0401962995529177,-0.6438448429107666,-1.068500280380249,-0.5739827752113342,-1.1615344285964966,0.5167018175125122
1987-05-13,-2.024664163589477,2.974775075912476,-0.2528524398803711,-0.7698991298675537,-0.454530119895935,0.1632811725139618
1994-03-29,-1.159652829170227,-0.7943030595779419,-0.064829982817173,0.4641768336296081,-0.7084586024284363,0.1323898732662201
1995-05-03,-0.9817563891410828,-0.6658891439437866,-1.1221774816513062,-0.5862455368041992,-0.9241424798965454,-0.3050066530704498
1987-11-06,-2.039458513259888,-0.6945280432701111,-1.2097821235656738,-1.815629482269287,-1.0647841691970823,-1.9944021701812744
2003-02-02,0.211598590016365,-3.803544282913208,0.7874571681022644,0.7002114057540894,1.5287028551101685,-0.652312695980072
1991-08-13,-0.2882196009159088,-0.4592176079750061,-1.8678216934204104,0.2604936063289642,0.0575130470097065,-2.908231258392334
1992-08-03,-2.202667474746704,0.0087342727929353,-1.6587356328964231,0.5751761198043823,-1.013288497924805,-2.2683167457580566
2007-05-30,-0.7278847098350525,-3.286363124847412,-2.6607658863067627,-2.802396774291992,-2.794319868087769,-2.425152063369751
1989-05-08,-1.3934320211410522,3.753619909286499,-1.170275092124939,-1.065369963645935,0.1343080699443817,-2.605438709259033
1985-08-23,2.547991991043091,2.5625932216644287,-0.4050281643867492,2.925344944000244,3.931670427322388,-1.7367668151855469
1982-10-23,-2.41406798362732,-1.5610841512680054,-0.7162254452705383,-2.0208780765533447,-2.421448230743408,1.7156845331192017
1989-09-08,1.85941743850708,-0.1075538843870163,1.340540051460266,-0.5427955985069275,-3.04287338256836,0.5926671028137207
1991-04-24,-0.9207157492637634,1.069570779800415,-1.399520754814148,-0.9586137533187866,-1.3707993030548096,-0.7506436109542847
1999-05-30,2.1678192615509038,-0.8825169205665588,1.219209909439087,-1.6252392530441284,0.5930275321006775,1.2768632173538208
1998-08-21,-0.4918707311153412,1.7930699586868286,4.125101089477539,2.530886650085449,0.6553347706794739,4.774980545043945
2005-07-11,0.4055461585521698,-0.4101820886135101,-0.1653669625520706,1.433276653289795,2.202465772628784,2.261096715927124
1996-05-13,-1.778344750404358,0.978530764579773,-1.4228845834732056,-1.2311831712722778,-3.384233236312866,2.7035627365112305
2001-05-06,-0.3654185831546783,-0.8728828430175781,-1.869667649269104,-0.731052815914154,-1.857330083847046,-1.1722915172576904
2000-10-02,-0.1707219332456588,-0.3422741889953613,0.2860276997089386,0.2289074808359146,-0.3216813802719116,0.3497530221939087
1989-08-23,1.3181267976760864,0.4830724000930786,2.335123062133789,0.6409024596214294,2.285339593887329,-0.2750376462936401
1993-06-05,-2.000340461730957,1.258650302886963,-2.3500962257385254,0.4027412235736847,-2.1048600673675537,0.4865525960922241
1991-05-12,-0.744665265083313,2.5547616481781006,-1.502852439880371,-1.4798905849456787,-0.474549651145935,-2.836718797683716
1988-03-27,-0.5959402322769165,-0.1274370551109314,0.3775088191032409,0.4242241978645324,0.3486482501029968,3.4523768424987797
1984-02-09,1.280509114265442,1.876460552215576,1.1014928817749023,0.3987666070461273,1.4404754638671875,0.875931978225708
2007-06-19,-1.1361212730407717,1.558070182800293,-0.9545887112617492,-0.987135112285614,-0.8440840244293213,-0.2610895335674286
1992-10-18,-3.248485565185547,-2.7386531829833984,-2.7622010707855225,-1.2152726650238037,-2.694894313812256,-0.977059006690979
1982-11-15,-0.4452350735664367,-2.09531307220459,-0.0119066005572676,-1.245670199394226,-0.7363842725753784,1.9003517627716064
2007-09-22,-0.2770860195159912,1.5589604377746582,1.12725031375885,-0.7879126667976379,-1.1942838430404663,2.5276153087615967
1984-07-12,2.6163642406463623,1.1582107543945312,2.455443382263184,-1.3724653720855713,1.9537020921707156,0.8931044936180115
2007-07-07,-2.0836174488067627,-0.0517807491123676,-1.754547953605652,1.0375382900238037,2.203702211380005,-1.9168931245803835
1982-02-25,0.5874671339988708,-1.5986213684082031,1.307817816734314,1.1057122945785522,1.4953407049179075,0.0238556079566478
1984-06-25,0.8150278925895691,1.5532251596450806,-0.5150723457336426,-1.6897844076156616,-0.3985926806926727,-1.7026869058609009
1991-06-24,0.6650339961051941,-5.066770076751709,-2.6650967597961426,-2.339778423309326,2.45141339302063,-4.802692890167236
1997-03-07,0.5332554578781128,0.407058984041214,1.0849484205245972,0.6605978608131409,0.9566945433616638,-0.4256255626678467
2005-11-03,-0.4967164397239685,0.5974056720733643,-0.8928617238998413,-0.0649873167276382,0.8175615668296814,0.3779597580432892
1994-12-11,0.6598090529441833,-0.3110999763011932,-1.796156883239746,-0.5376495718955994,0.3777987360954284,-2.384753465652466
1990-04-27,-1.4770764112472534,-0.4743794500827789,-0.884415328502655,-1.0787626504898071,-0.9175388216972352,-3.8896307945251465
1993-08-15,2.072277545928955,0.3489847183227539,0.0402527302503585,4.153124809265137,3.725088834762573,1.3428844213485718
1985-02-17,1.6808488368988037,0.1501449197530746,0.825722336769104,0.8040598034858704,1.5433164834976196,-0.1389728486537933
1992-06-21,0.6534519791603088,-2.206506729125977,-0.4932284653186798,-2.8940272331237797,1.5019062757492063,0.740996241569519
1995-03-23,-0.8356496691703796,-0.4118781387805938,-0.008438198827207,0.3363389074802398,-0.1328029185533523,4.619923114776611
2003-09-10,0.7894473075866699,1.3582762479782104,2.132858991622925,0.8503842949867249,-0.7022680640220642,0.2813839018344879
1993-07-30,-0.890779435634613,0.1970451027154922,-1.3466240167617798,2.3329412937164307,-0.0229461248964071,-0.873526930809021
2006-03-06,0.6954002976417542,0.1733549088239669,1.9080027341842647,0.7884386777877808,0.920650601387024,1.138321876525879
1982-07-30,-1.7961375713348389,-0.7086788415908813,0.1727000027894973,1.0357966423034668,-1.536108136177063,1.3379523754119873
1989-03-16,-0.7964630126953125,0.5421229600906372,0.1400348246097564,0.5147812962532043,0.5235032439231873,-0.7189809083938599
2002-01-31,1.7664119005203247,-1.5287786722183228,0.8953037261962891,0.837848961353302,1.7065354585647583,1.4641727209091189
2007-06-02,0.0196485444903373,-3.841355800628662,-2.6900925636291504,-2.7572624683380127,-2.1148698329925537,-3.0334362983703613
1982-11-19,-0.8421582579612732,-1.0960417985916138,-1.6707452535629272,-1.0746971368789673,-1.87182092666626,1.266115665435791
2004-07-16,-1.6878924369812012,-2.545476198196411,0.2408392429351806,3.804882526397705,0.9035778641700744,0.3325313031673431
1985-12-23,-0.0946391895413398,0.507114827632904,-1.6086961030960083,-0.2975159883499145,0.1273983418941497,-3.485719919204712
2000-09-20,1.090362548828125,0.9515078663825988,2.2601194381713867,1.2686322927474976,0.5040156841278076,0.207956463098526
1984-12-03,0.7829713821411133,2.0282764434814453,-2.61692476272583,-0.6550265550613403,-0.8236430287361145,-1.753667235374451
2002-11-15,0.2544479966163635,2.1645548343658447,-2.734059810638428,-0.9465379118919371,-0.978093683719635,-2.2112960815429688
1999-05-12,0.7066425681114197,0.437672346830368,0.3211590349674225,-0.2338475883007049,0.189184233546257,0.2639967501163482
1987-07-31,3.0059638023376465,1.1372735500335691,3.391263008117676,2.119675636291504,2.383475542068481,1.7257823944091797
1982-03-19,-0.2058097869157791,0.5587741136550903,0.6877073645591736,0.6657596230506897,0.5606846809387207,0.2546688914299011
1995-11-22,-0.0789363086223602,-0.9992562532424928,-0.2341334968805313,-0.4938463568687439,-0.2814513146877289,-1.17276132106781
1992-04-11,-1.947808623313904,-0.383559376001358,-1.3908507823944092,-0.301708847284317,-1.5406744480133057,-1.977325439453125
1990-12-10,0.148862674832344,-1.091386795043945,-1.6420518159866333,-0.6114734411239624,-0.5328721404075623,0.8542464375495911
1987-08-14,3.861774206161499,-1.3792005777359009,1.6521673202514648,0.7404741048812866,3.847521543502808,1.6417566537857056
1988-11-23,-0.8389461040496826,-1.2992745637893677,-0.7641322612762451,-0.5838426947593689,-2.1614561080932617,-1.442750334739685
1992-10-19,-2.7218120098114014,-2.445295572280884,-2.834934711456299,-1.1583861112594604,-3.3887627124786377,-0.086193598806858
2006-11-23,0.7629519701004028,-1.07174551486969,0.3833469748497009,0.1813957691192627,1.0168886184692385,3.647321939468384
2000-09-10,1.72944974899292,0.2682799100875854,0.0228736735880374,1.9903684854507449,0.5577417016029358,1.2613948583602903
1990-03-31,-0.5504814386367798,0.5242570042610168,-0.1562646925449371,0.03243875131011,-0.4915219843387604,-1.303648829460144
2004-08-03,0.3745546340942383,1.2708797454833984,1.4330525398254397,2.7016496658325195,3.2134881019592285,0.0164501890540123
1995-05-29,-0.0661142542958259,-3.7684543132781982,-3.560811758041382,-0.6777586936950684,0.4129107296466827,-3.331492185592652
1990-12-07,0.0198012255132198,-1.0238497257232666,-1.988483190536499,-0.6839681267738342,-0.5215503573417664,0.8967067003250122
1988-12-28,0.6394191384315491,-1.5711524486541748,-0.3164499402046203,0.352672129869461,0.4749215543270111,0.5478045344352722
1985-03-06,0.7281107306480408,-0.8621054291725159,0.9704594016075134,0.6093392968177795,1.1559473276138306,-0.296195238828659
1986-09-14,-1.370556354522705,-0.5917054414749146,1.2528541088104248,2.290356159210205,-1.212247371673584,0.8813899755477905
1990-11-20,-1.271536111831665,-0.8135749101638794,-2.1492836475372314,-0.8297659754753113,-2.4509501457214355,-3.4349124431610107
2001-08-09,0.2682136595249176,1.4941365718841553,0.983749270439148,-0.1250734776258468,4.180285930633545,0.2341491729021072
1992-06-12,-1.3533588647842407,-2.865942001342773,-1.0302561521530151,-1.6087844371795654,-0.7311779260635376,-0.0537124313414096
1997-09-30,-2.022212028503418,-1.172606110572815,0.3657017648220062,-0.1575273722410202,-0.4963231682777405,-0.986220121383667
1996-07-26,-1.9561412334442136,-4.348662853240967,0.4826975762844085,-0.2041935920715332,-0.2661190927028656,1.8979499340057373
1995-01-31,0.4950259029865265,0.6808459758758545,0.5351508259773254,0.731742799282074,1.4440786838531494,-1.0944592952728271
1984-12-10,1.24282968044281,2.0680596828460693,-1.150562405586243,-0.4287668168544769,-0.3647859692573547,-1.0514986515045166
1983-04-25,-0.8504908680915833,-0.5440816283226013,0.9627573490142822,-0.9296424388885498,-0.7806142568588257,1.8937488794326784
1981-09-05,1.750865817070007,-0.8585713505744934,0.9936445355415344,1.8087815046310425,2.3881115913391118,3.040865898132324
1982-12-16,-0.2108756899833679,-0.4120882749557495,-1.811983823776245,-0.3748909533023834,-0.6960270404815674,-0.1945279985666275
1993-02-23,0.2331382185220718,1.1073898077011108,0.7921316027641296,0.5676500201225281,1.455104112625122,-1.531537413597107
1985-06-05,0.8144370913505554,0.3918521106243133,-2.6606640815734863,-1.1908059120178225,-0.5619378685951233,-2.8912415504455566
1994-11-29,0.6571199297904968,-0.8656573295593262,-2.9469356536865234,-0.8822607398033142,0.0283385496586561,-3.605632781982422
1999-07-01,3.41115665435791,-3.3913216590881348,0.7130947709083557,0.8088012933731079,5.446014881134033,-0.2525720596313476
2007-11-25,-0.8509169220924377,0.4722973704338074,-0.5369099974632263,0.078994370996952,0.1783889681100845,2.258554458618164
2000-02-24,1.759379744529724,1.1151583194732666,1.984056830406189,0.6884390115737915,1.4067555665969849,0.4932990968227386
1982-07-08,-1.85718035697937,-3.2828845977783203,-1.8543922901153564,-0.3214997351169586,-0.2798077166080475,-1.0174930095672607
1986-07-27,-0.1124651432037353,0.9101908802986144,-0.3784634470939636,-0.1345526278018951,0.404226541519165,-0.4751296043395996
1988-03-17,-0.1858207732439041,-0.4612149000167846,0.9777159094810486,0.6357608437538147,0.7006688117980957,-0.6053164601325989
1992-11-01,-2.368720769882202,-2.31817626953125,-2.727935552597046,-1.8888760805130005,-1.6342779397964478,0.2624710500240326
2004-11-13,-1.2521618604660034,-2.756045341491699,-1.1507562398910522,-0.4847007393836975,-0.7418160438537598,2.276125431060791
2005-12-08,0.4998358786106109,-0.6610755324363708,1.313828468322754,0.4223418831825256,1.0478122234344482,1.3552672863006592
2004-12-31,0.7120625376701355,0.8426478505134583,1.1978814601898191,1.0503551959991455,1.5744869709014893,0.4746453166007995
2006-04-08,-0.1978086680173874,-0.8435813188552856,0.7891418933868408,0.278308242559433,-0.170679360628128,1.24267578125
1991-03-20,0.2665686309337616,0.9707412719726562,-0.0521752722561359,0.2930386960506439,0.2083590626716613,2.9269635677337646
1990-11-18,-0.9555739760398864,-0.4754596948623657,-2.2940573692321777,-0.8265122771263123,-2.7581229209899902,-3.8812789916992183
1998-08-10,2.4482064247131348,2.8441121578216557,4.563735961914063,2.8549070358276367,4.09028959274292,2.494158983230591
2004-07-04,0.7590025067329407,-2.243109226226806,-0.236474722623825,2.34812068939209,0.799464762210846,-2.343708038330078
2007-08-28,1.7552064657211304,1.61082923412323,1.7665196657180786,0.6564182639122009,1.0661431550979614,1.81650972366333
2005-05-12,-2.233769655227661,1.5590370893478394,-0.1276016682386398,0.6212688088417053,-0.0178190693259239,-0.2274128198623657
1987-03-11,-0.4246253669261932,-1.0666353702545166,0.3279856145381927,0.7684496641159058,0.9006615877151489,0.2082986384630203
1995-12-20,0.6354661583900452,-1.0485906600952148,-0.9404184222221376,-0.2108167707920074,-0.7193755507469177,-0.5980119705200195
2003-05-17,-0.7489023208618164,-2.0621047019958496,-2.02215838432312,-1.7907755374908447,-4.172616958618164,-2.135986328125
1982-09-08,-1.683022379875183,-0.6721479296684265,0.3710972666740417,0.0748269036412239,-1.819973349571228,3.2135109901428223
2005-03-23,-0.8559194803237915,1.3225752115249634,1.1275087594985962,0.1542351692914962,-0.2713468670845032,0.7823940515518188
1999-04-06,-0.3875023424625397,1.850311517715454,1.3332120180130005,-0.1612017303705215,-0.8233063817024231,0.6207192540168762
1985-02-12,1.6291481256484983,0.150552749633789,0.5145948529243469,0.5942549109458923,1.5125532150268557,0.1864065825939178
2000-08-22,2.7034389972686768,2.2082808017730717,4.4820475578308105,2.225043773651123,1.760583758354187,3.6028218269348145
1989-01-25,0.7128668427467346,-1.954716920852661,0.3336571753025055,0.7616340517997742,0.9504008293151855,-0.3035152852535248
2001-03-04,-0.1959600001573562,0.0602827556431293,1.1521726846694946,0.6719851493835449,1.071306586265564,-0.1879645138978958
2005-07-04,2.468993902206421,-1.5730959177017212,0.7635252475738525,1.4881047010421753,1.6594501733779907,-0.6636849641799927
2003-10-23,-0.7006036043167114,-0.6572589874267578,2.258390426635742,-0.0447436869144439,-1.1480952501296997,-0.0599405542016029
1990-11-22,-1.0566487312316897,-1.4508543014526367,-1.942848920822144,-0.702556848526001,-2.0143957138061523,-2.1671385765075684
1992-03-15,-1.1264801025390625,1.8321009874343872,0.5800372362136841,0.5847886204719543,0.5135239958763123,-1.2689992189407349
2004-07-19,-1.2463321685791016,0.1222730129957199,0.7983483672142029,2.701416254043579,2.248105764389038,0.6637758016586304
1986-02-06,1.8416035175323489,-0.4535382688045501,1.1674621105194092,0.4901894629001617,1.4087077379226685,-0.0623163692653179
1992-08-05,-2.309414386749268,1.44221031665802,-1.6628892421722412,1.8018667697906492,-1.3680133819580078,-2.693102598190308
1987-01-27,0.7747215032577515,0.1797165274620056,0.1080965101718902,0.5614550113677979,0.9955671429634094,0.4799175858497619
1991-10-18,-1.9141099452972408,-1.1810978651046753,-1.4679361581802368,-1.6415666341781616,-1.6697590351104736,-1.6768338680267334
1987-06-12,0.2572005689144134,-1.4959663152694702,-0.6647779941558838,-1.815219759941101,0.6584135293960571,-1.8328708410263064
1996-12-13,-0.6568887829780579,-1.4131566286087036,0.7343346476554871,-0.908998966217041,0.3302931487560272,1.5402065515518188
2003-05-25,-0.4799360930919647,-2.0943944454193115,-1.5611978769302368,1.2898447513580322,-1.545078158378601,-1.0504398345947266
1988-02-06,-0.2784221470355987,-0.8635419011116028,1.0574767589569092,0.5702065229415894,1.4087077379226685,-0.552337110042572
1989-01-29,0.2015499174594879,-1.5241715908050537,-0.1398050338029861,0.735649585723877,1.1361559629440308,0.3531954884529114
1987-12-18,-0.5804969072341919,-1.6764525175094604,-0.7246636748313904,-0.0381371080875396,-0.2208743244409561,0.0788330286741256
1987-09-30,-1.3511531352996826,0.1476995795965194,0.3225937783718109,0.2634339928627014,-1.6641515493392944,-1.2703466415405271
2006-10-12,0.2079043686389923,-2.8731908798217773,0.4751507937908172,-0.1222502365708351,-0.2355744987726211,0.1368207335472107
1986-09-08,-0.617621660232544,-0.1005404889583587,1.254700779914856,3.335510492324829,-0.5376440286636353,1.0673270225524902
1991-12-02,-0.6170530319213867,0.5682545304298401,-0.5069394707679749,-0.8750277757644653,-0.3136637806892395,0.5963082909584045
1990-08-24,1.0799330472946167,1.6049679517745972,2.377476692199707,1.2974728345870972,0.2616375684738159,0.1481646001338958
1999-11-11,0.2747661471366882,0.2146844863891601,-2.811924934387207,-0.8156774640083313,-1.2263745069503784,-2.899666547775269
1988-04-10,0.3548749685287475,-0.4744889438152313,0.8346810936927795,0.020040949806571,-1.233757495880127,1.3341315984725952
1983-01-03,0.7422373294830322,-0.5301339626312256,-0.9914110898971558,0.159128338098526,0.0258070994168519,0.9986183047294616
2002-06-13,0.1640460938215255,-1.1333308219909668,-1.790008544921875,-2.1370060443878174,-1.7818583250045776,-2.748296022415161
2005-04-02,-0.8650942444801331,-0.419292002916336,0.8545539379119873,-0.0254923701286315,-1.0095573663711548,4.632322788238525
2005-04-06,-1.0351396799087524,-1.4644792079925537,1.6446787118911743,-0.2199798077344894,-1.153770923614502,4.04412317276001
1989-11-23,-1.0489375591278076,0.0907400995492935,-1.54413104057312,-0.7038378119468689,-1.4214659929275513,-0.9927381873130798
1997-08-30,0.2451966553926468,-0.839152455329895,1.1065465211868286,1.8664401769638064,0.9461480379104614,0.5865293145179749
1992-12-01,-0.9770383834838868,0.5582752823829651,-1.9469114542007449,-1.125027775764465,-0.6736491322517395,-3.1736807823181152
1999-11-28,1.107132077217102,1.3443341255187988,-1.386937975883484,0.0077234040945768,-0.3216675519943237,1.724384307861328
1998-05-01,-0.2530591785907745,-4.342238903045654,-0.7376512885093689,-0.8223991394042969,-0.8152086138725281,2.788224697113037
1982-03-15,-0.1481547802686691,0.9239105582237244,0.6838985681533813,0.846005380153656,0.7178980112075806,0.2912788987159729
1991-09-30,-3.059610605239868,-4.16027307510376,-1.2749900817871094,-1.2444051504135132,-3.150129556655884,-0.8936338424682617
1987-05-10,-2.1954052448272705,1.8371086120605469,0.0303262956440448,-0.761051595211029,0.2026674300432205,0.0376999005675315
2001-01-09,1.8153047561645508,-0.344559371471405,0.1288605034351349,0.5483517646789551,2.156017303466797,-0.587213397026062
1993-09-05,-0.7430199384689331,1.1878373622894287,-0.6289027333259583,1.304837942123413,1.050021767616272,-2.7664999961853027
1994-12-05,0.9228640794754028,0.4348949491977691,-2.24783992767334,-1.1018834114074707,-0.0263086184859275,-2.939324855804444
2005-10-27,-0.7146871089935303,0.0957923904061317,-0.864760160446167,-0.7357081174850464,0.00923936907202,1.9575681686401367
1998-06-02,-0.7855690121650696,-2.0081722736358643,-1.2206616401672363,-0.1808266788721084,-0.2119317799806594,0.2187439054250717
2006-01-05,1.3811612129211426,2.173748731613159,1.6013706922531128,0.5729839205741882,1.356088161468506,1.9060688018798828
1998-09-16,-0.0198568552732467,-2.3917396068573,-1.660198450088501,2.957750082015991,1.1676069498062134,-1.533298134803772
1985-03-12,1.0558388233184814,-3.651735782623291,0.1988419443368911,0.6352612376213074,0.8821508884429932,-0.2692400515079498
1982-02-14,-0.0152142932638525,-0.6667904257774353,1.3151161670684814,0.7282159328460693,1.593968152999878,1.3981064558029177
2001-07-06,2.3336880207061768,-1.8369038105010984,-0.7905479073524475,-1.1161017417907717,1.3321425914764404,-0.545582115650177
1998-09-11,-1.070568561553955,-1.2217103242874146,-0.3771202266216278,1.7203794717788696,0.9177575707435608,-0.0986209958791732
1987-05-11,-2.067958354949951,1.9101489782333372,-0.1399056315422058,-0.7470307350158691,0.1606296747922897,-0.3298276662826538
1999-05-23,-0.0760183036327362,-1.3587543964385986,0.6669377684593201,-0.763690710067749,-0.8687843680381775,0.6246498823165894
2000-09-07,1.3984878063201904,0.0826349928975105,0.0188699383288621,2.593514442443848,0.7741119861602783,1.0577231645584106
2000-02-17,2.468031644821167,1.673359990119934,1.648381233215332,0.6579480171203613,1.540012001991272,1.7108736038208008
1987-12-22,-0.6945204138755798,-1.3385686874389648,-0.330433040857315,0.2991624772548675,0.4306183457374573,0.121989220380783
1990-09-24,-1.3869521617889404,0.9960629343986512,1.3204277753829956,-0.374431312084198,-0.0341647677123546,2.55645489692688
1998-09-06,-0.1905703097581863,-1.5475562810897827,1.090540051460266,1.9572044610977173,1.3271522521972656,-0.8473353385925293
1998-07-03,-1.3887441158294678,-0.9065138697624208,-0.5864740014076233,0.584669828414917,0.733535647392273,1.0567559003829956
2005-01-31,0.6047752499580383,-1.0255142450332642,1.1924113035202026,0.7695026397705078,1.4389222860336304,0.676582396030426
2003-04-29,-1.7650855779647827,4.760776996612549,-1.9042506217956543,-0.7290135622024536,-2.196974515914917,2.7607014179229736
1997-01-30,1.345001459121704,-0.1591503471136093,1.2151435613632202,0.481742799282074,1.5640738010406494,0.3355334103107452
2007-05-10,-1.923362374305725,-3.5823471546173096,-1.73883855342865,-1.3538427352905271,-1.3207950592041016,0.8839918375015259
2003-08-08,1.0762689113616943,3.768817901611328,2.5074172019958496,2.420331716537476,0.0456843599677085,3.097929716110229
2006-11-26,1.227127194404602,-0.4256548881530761,1.1030827760696411,0.3277307152748108,1.3883239030838013,3.104389190673828
1985-04-06,0.7241146564483643,-0.0607889108359813,-0.0525049045681953,0.0111896060407161,-1.1553140878677368,-0.6737684607505798
1983-10-12,-1.498231291770935,-0.9457995295524596,0.2033351510763168,-1.7080202102661133,-1.7489861249923706,1.9149709939956665
2000-07-02,1.3412668704986572,3.3434860706329346,0.6535467505455017,0.394667387008667,1.883529543876648,-0.0032416470348834
2001-02-18,1.0910911560058594,1.5651836395263672,1.2125335931777954,0.9288631081581116,1.6279584169387815,0.6502600908279419
2000-10-08,-0.0818876400589943,-0.5812586545944214,0.1361114978790283,-0.2771700918674469,-0.6755095720291138,0.5056989789009094
1993-03-05,-1.5430996417999268,3.0197737216949463,0.6024102568626404,0.5311776995658875,1.1098963022232056,-0.286321759223938
2000-04-08,0.709144651889801,3.2015082836151123,1.472778081893921,-0.3904544115066528,-1.046431303024292,3.633988618850708
2006-02-25,0.9560790061950684,0.3462348282337188,2.3902342319488525,0.872038722038269,1.4146877527236938,1.1695458889007568
1997-09-14,0.7150409817695618,0.086220234632492,-0.033442635089159,1.26593816280365,3.2027127742767334,1.8382257223129272
1983-01-04,0.8231496214866638,-0.3817304968833923,-0.950455904006958,0.0867833048105239,0.0039425580762326,1.044675350189209
1991-03-30,0.5503385663032532,0.3956994116306305,-0.124827541410923,0.0441939309239387,-0.4484793543815613,1.9423874616622925
2001-06-04,-0.79738450050354,-3.622725963592529,-1.6295497417449951,0.1947602480649948,0.2599370777606964,2.480511426925659
1986-08-26,0.1134425550699234,-0.3217484056949615,0.8120340704917908,2.685035228729248,-0.629430890083313,0.2928241491317749
1994-11-03,0.1601190418004989,-1.149639368057251,-1.986835241317749,-0.2904393374919891,-0.9951990246772766,-1.859532713890076
1994-03-04,1.658103346824646,0.2678994536399841,0.4904484152793884,0.7193551659584045,1.1559473276138306,-0.7462074756622314
1988-12-16,-0.6234195232391357,-2.5045864582061768,-1.0898584127426147,-0.0933934152126312,-0.6046523451805115,-0.2553325891494751
1993-03-23,-1.31566059589386,2.288103580474853,-0.0184174459427595,0.3363389074802398,-0.1328029185533523,-0.5300705432891846
2006-09-11,0.3548775017261505,-0.9977802634239196,3.173151016235352,2.916468381881714,-0.4312816858291626,-1.0788356065750122
2007-06-29,-1.2588568925857544,-0.2913461327552795,-2.536905288696289,0.7688232660293579,0.5859991312026978,-0.5225610733032227
2007-12-22,-0.0321572683751583,-1.0758919715881348,-1.23017418384552,-0.1087598428130149,0.1989519000053405,-0.121260829269886
1987-08-29,0.554076611995697,-2.0333821773529053,1.6891263723373413,1.4738529920578003,-1.4669160842895508,0.3255790472030639
1997-07-22,0.63690584897995,-0.4762237966060638,-0.5423719882965088,1.0485901832580566,0.7143891453742981,-3.453641653060913
2005-07-13,0.9823612570762634,-0.033434871584177,-0.3116738498210907,1.615572214126587,1.9500812292099,2.3806967735290527
1990-08-07,3.4645509719848637,-0.3191165924072265,1.7530598640441897,2.1016435623168945,1.823504090309143,-0.2935473620891571
1992-10-06,-3.2596230506896973,1.5069966316223145,-0.584439754486084,-1.8561623096466064,-1.679673433303833,-0.3798917531967163
1984-08-01,3.729215621948242,1.277062177658081,2.6333870887756348,0.7729437947273254,2.8570587635040283,0.0764853060245513
1990-06-26,0.2095267325639724,-0.464685320854187,-2.913491487503052,-1.723694086074829,-0.6827923059463501,-3.734459400177002
2003-01-31,-0.1636112928390503,-2.568787097930908,0.8953037261962891,0.617847740650177,1.5165635347366333,-0.8058163523674011
1986-02-04,1.9063960313797,-0.5187689065933228,1.065317153930664,0.417835533618927,1.3665391206741333,0.0641787722706794
1999-12-04,1.5028506517410278,1.9548839330673216,0.6121453046798706,-0.0518651269376277,-0.2863183915615082,1.1206727027893066
2006-12-12,1.8965694904327397,0.5254122614860535,-0.2698815762996673,0.3365992605686188,1.9753646850585935,1.234657645225525
1990-07-21,0.4612812101840973,0.6726836562156677,-0.7150200605392456,-0.0804310292005539,1.0727158784866333,-3.368108034133911
1993-03-21,-1.4464370012283323,3.062050104141236,0.2539178729057312,0.3865424394607544,0.0421805530786514,-0.9286990761756896
1997-04-19,-1.082978367805481,-1.6938780546188354,-1.2169314622879028,-0.5634533762931824,-2.573638677597046,-1.3904410600662231
1998-08-27,1.2143303155899048,2.2055466175079346,3.622622966766357,3.1554739475250244,0.7624826431274414,4.216094493865967
1986-01-31,1.2175443172454834,-0.6945760846138,0.7771177291870117,0.3119403123855591,1.281335473060608,-0.048104640096426
2006-09-21,2.337228775024414,-1.648139238357544,0.2928261458873749,-0.5566374659538269,-0.2402801513671875,-0.0236447416245937
1995-01-24,0.7728644013404846,1.4952952861785889,0.933663249015808,0.5816413760185242,1.3604044914245603,0.0364810414612293
1982-08-27,-1.0165623426437378,-0.8217484354972839,0.7920450568199158,0.955054759979248,-1.039434552192688,2.0028462409973145
1997-04-23,-0.1719231158494949,-1.1976324319839478,-1.853161692619324,-0.5181381106376648,-2.582045078277588,-1.4760273694992063
1991-10-19,-1.8384820222854612,-0.498662918806076,-1.3521974086761477,-1.6152970790863037,-1.374886989593506,-1.477059006690979
1983-04-18,-1.0476481914520264,-0.3340540826320648,0.0978701785206794,-0.6036362051963806,-1.2326818704605105,6.295762062072754
1991-12-17,0.2095116227865219,1.0535279512405396,-1.5046625137329102,-0.0881249010562896,-0.000873098091688,-0.8011718392372131
1997-02-16,-0.046021718531847,1.2203471660614014,1.7530182600021362,0.5709980130195618,1.5470848083496094,0.5690239667892456
1994-06-25,1.909508466720581,2.2553157806396484,-0.853493869304657,-1.003692865371704,-0.5828167200088501,-3.134453296661377
1993-09-02,-0.2591134309768677,0.5514323115348816,0.5036543011665344,0.0887802690267562,0.9980968236923218,-2.859127998352051
1983-09-03,1.5052064657211304,-0.0691634714603424,0.0265294909477233,-0.5335536599159241,0.1661492437124252,-0.0134768122807145
1998-11-24,-1.335115909576416,-1.9937334060668943,-0.5063386559486389,0.1625732481479644,-1.344621658325195,-1.5980361700057983
2007-08-25,0.3843131959438324,1.955546736717224,1.242617964744568,0.7654898762702942,-0.1775198131799698,2.4161064624786377
1992-09-10,-2.749514579772949,2.6298038959503174,-0.6486606001853943,0.178160548210144,-0.7737336158752441,-1.8825091123580933
1986-11-25,-0.4611061811447143,-2.287514925003052,-2.9751055240631104,-0.6450664401054382,-1.87881600856781,-1.6980901956558228
1991-09-05,-1.136737585067749,-0.2323764264583587,-1.640283465385437,-2.024855613708496,-1.229811668395996,1.9511420726776123
1995-01-10,0.3851000070571899,-1.1941804885864258,0.1811669617891311,0.5072793960571289,0.968184232711792,-0.9552193284034728
1983-06-14,-0.9982608556747437,1.5738787651062012,0.1072618961334228,-0.9721441268920898,0.0780728608369827,-0.2983807623386383
2002-09-10,3.689441204071045,0.6682738065719604,2.002854108810425,-0.8396181464195251,1.867739200592041,-0.2986026704311371
1987-04-12,-0.930839478969574,-1.7084954977035522,0.1427609771490097,0.2595394849777221,-1.206434965133667,1.0040141344070437
2005-10-24,-0.6027644872665405,0.5618157386779785,-0.3865051865577698,-0.232578620314598,0.5702525973320007,2.0164268016815186
1991-12-24,0.1430704891681671,2.5168299674987797,-0.5776731967926025,0.2278044670820236,0.3663503527641296,1.967506766319275
1993-12-07,0.3664664030075073,2.157214403152466,-1.789398193359375,-0.6262568831443787,-2.0876801013946533,-1.727356195449829
1984-06-14,1.4166301488876345,-2.385961532592773,-1.0302561521530151,-1.9987990856170652,-2.011176824569702,-3.4436964988708496
1987-02-24,-0.1725426465272903,-1.0286140441894531,0.3477958738803863,0.6857293844223022,1.4753516912460327,0.2438568323850631
2000-03-22,1.6624462604522705,-1.1057853698730469,0.932287096977234,0.2998610734939575,0.0464568957686424,1.4721373319625854
1994-09-09,-1.2915146350860596,0.8326349854469299,1.7788492441177368,-0.2064734250307083,-0.8458831310272217,1.907729268074036
1986-11-10,-1.1816097497940063,-1.8586173057556152,-2.782356739044189,-1.2930148839950562,-1.4483498334884644,-0.5769932866096497
2005-09-01,0.3932612538337707,3.1776273250579834,3.229711532592773,0.9751443266868592,3.480210304260254,2.7711493968963623
1987-11-13,-2.550034523010254,-0.8042654991149902,-1.305629014968872,-1.5328985452651978,-2.499717235565185,-1.0898383855819702
1998-02-24,0.1193650811910629,0.3351595103740692,1.324053168296814,0.9984365701675416,1.4067555665969849,1.163312554359436
2001-01-12,1.868752121925354,-0.1916541308164596,0.4329769015312195,0.5971270799636841,2.2462847232818604,-0.6387509107589722
1998-06-03,-0.8930395245552063,-2.4098222255706787,-1.140463948249817,-0.1291055679321289,-0.3587947189807892,0.3226451277732849
2002-10-08,1.0081087350845337,2.188730478286743,-0.7338836193084717,-2.307168960571289,-1.0055266618728638,2.8656842708587646
1988-02-26,0.2170887291431427,-0.8380328416824341,1.374194622039795,0.6585496068000793,1.4322364330291748,3.051621437072754
1997-02-11,0.7587726712226868,0.7044776678085327,1.813486695289612,0.5411531329154968,1.552777886390686,0.8584237098693848
1992-05-07,-3.053435802459717,1.3535956144332886,-1.320268988609314,-1.22537362575531,-3.495696783065796,-3.675446033477783
1996-11-11,-1.635237455368042,-0.4753179550170898,-1.351902961730957,-0.2656897008419037,-0.0063732997514307,-0.2396628409624099
1988-02-16,0.081816665828228,-2.0270330905914307,1.1237928867340088,0.6340863704681396,1.5424529314041138,1.1748991012573242
1994-11-02,0.0803344771265983,-0.6941993832588196,-1.82289457321167,0.0451556034386158,-1.1050686836242676,-1.9939168691635127
1990-06-30,-0.7619308233261108,0.4672526121139526,-0.9889233112335204,-1.1055470705032349,0.338755190372467,-3.1413724422454834
2007-04-08,-1.1877988576889038,-2.953566789627075,-0.6208617687225342,0.018298489972949,-1.6006720066070557,0.792694091796875
2002-10-14,0.2213399708271026,3.057405948638916,-1.3221675157546997,-1.6872237920761108,-0.923332691192627,2.4244544506073
1992-11-29,-1.142867922782898,0.5343365669250488,-2.0969295501708984,-1.3422521352767944,-0.5816773176193237,-3.685619354248047
2005-06-15,-0.6539074778556824,-2.387074708938598,-1.5746705532073977,-0.0322419181466102,-2.021178960800171,-1.5802764892578125
1989-05-28,-0.3799605071544647,2.9656031131744385,0.0388082228600978,-1.2701528072357178,-0.4550818204879761,0.0695552751421928
1981-09-26,-0.7969558835029602,-2.743957757949829,-0.8395759463310242,0.195545494556427,-0.4641879498958587,0.8064550161361694
1984-11-26,0.1868578642606735,0.0043223048560321,-1.1458144187927246,-1.076248049736023,-1.946519136428833,-1.933183193206787
1990-01-17,-0.0418430753052234,-0.4815386533737182,-0.575454592704773,0.2624997198581695,0.4118885099887848,-0.9612796902656556
1994-08-01,4.890228748321533,4.280363082885742,6.253415584564209,3.2822184562683105,4.681760311126709,0.8715691566467285
2000-12-29,1.0922434329986572,-0.6701180934906006,-0.3714159727096557,0.5791112780570984,1.4457900524139404,-0.2813805043697357
1983-01-12,1.163718342781067,-0.5447325110435486,-0.0380077175796031,-0.144527867436409,0.3182010054588318,-0.1141325086355209
2002-08-11,3.1669867038726807,-1.5911766290664673,2.752735137939453,2.8570361137390137,-0.4625844061374664,2.780752897262573
1995-07-23,1.2269022464752195,-0.0662201344966888,-0.8823683261871338,0.3585876822471618,3.5744049549102783,-5.403653621673584
2005-11-30,0.1982901096343994,-0.0181626193225383,1.1528816223144531,0.0618205741047859,0.7015724778175354,1.978492856025696
1992-08-29,-0.6237276792526245,3.255915880203247,2.0583553314208984,-0.3718843460083008,-0.3955402970314026,-3.921914577484131
1997-10-24,-1.5106011629104614,-0.2472553253173828,-0.971620500087738,-0.3247424662113189,-2.0180904865264893,-0.0799295678734779
1987-01-30,0.9815487265586852,0.0358259566128253,-0.2497903853654861,0.4856495559215545,1.1361559629440308,0.0532076992094516
2001-08-10,-0.3782159388065338,1.770793318748474,1.6621770858764648,0.6704972982406616,4.517535209655762,0.4217553734779358
2002-10-27,-0.1415142565965652,0.6837689280509949,-1.696513295173645,-0.9184351563453674,-0.807875394821167,-0.0636710450053215
2007-05-26,-0.5961130261421204,-2.7284457683563232,-2.290822744369507,-2.1977782249450684,-2.007102727890014,-0.7215068340301514
1994-01-17,1.0009522438049316,-0.7680513858795166,0.7329025864601135,0.5790091156959534,0.6762417554855347,-1.0590705871582031
2003-06-12,-1.4322370290756226,-0.1345941573381424,-2.9139416217803955,-0.8212368488311768,-0.4261684119701385,-1.7536860704421997
1985-05-25,0.2217718362808227,-5.4570746421813965,-2.674182653427124,-1.0849493741989136,0.3339904248714447,-3.150847911834717
1993-12-22,1.6845767498016355,-0.8877477049827576,-0.5277776122093201,-0.414650022983551,0.522644579410553,-0.8338673114776611
1991-09-17,-1.733221411705017,0.8615700602531433,-2.2878966331481934,-0.9436370730400084,-1.3109781742095947,-1.203254222869873
1982-08-26,-1.5700608491897583,-0.2350284159183502,0.7874802350997925,1.0674618482589722,-1.008351445198059,2.1281754970550537
1984-07-25,1.0968973636627195,1.6137725114822388,1.9576280117034912,0.248571828007698,1.9343903064727783,2.986360788345337
1991-01-01,1.4022409915924072,4.1298699378967285,0.248579129576683,0.5791112780570984,0.1458022147417068,-1.231362223625183
2006-05-22,-1.5239214897155762,0.6594575047492981,-0.1222216412425041,0.5675012469291687,-0.7012494206428528,0.8698478937149048
1988-02-04,-0.6836003065109253,-1.0987859964370728,0.9053134918212892,0.507862389087677,1.3565598726272583,-0.5558163523674011
2002-03-15,0.5232513546943665,1.854104161262512,0.7832353711128235,0.655809223651886,0.4755209982395172,-0.7331255078315735
1987-08-31,0.5862637758255005,1.4059098958969116,1.958349347114563,1.6181058883666992,-1.0555440187454224,0.5981049537658691
2004-06-04,-2.1342101097106934,-1.6538715362548828,-2.648799180984497,-1.2130533456802368,-3.214402675628662,-2.895495653152466
1990-10-05,-1.8907231092453003,0.4677233695983886,1.6460435390472412,-0.6711169481277466,1.1683393716812134,0.1897493600845337
1992-10-04,-3.540717124938965,1.877727031707764,-1.0239698886871338,-1.5210925340652466,-1.4116777181625366,-0.2602628469467163
1987-11-24,-1.8889338970184328,-1.949268460273743,-2.09411883354187,-1.263835310935974,-2.351458549499512,2.3472580909729004
2003-09-28,3.803398609161377,-0.0670151561498642,2.519394636154175,1.5186182260513306,1.7158313989639282,0.5844202637672424
1982-08-28,-0.6713696718215942,-0.9670270085334778,0.7988342642784119,0.6536268591880798,-1.247856616973877,1.9489541053771973
1997-04-07,-0.5606859922409058,-5.271552085876465,-0.7951561212539673,-0.0601944625377655,-1.082700252532959,-0.3369635045528412
2003-06-19,-1.536550521850586,-2.4164981842041016,-3.7332491874694815,1.6859593391418457,-0.108079046010971,-3.0290234088897705
1998-11-03,-1.849455952644348,-1.234506130218506,-1.3197674751281738,0.6243729591369629,-1.2547866106033323,-0.5543997287750244
1996-01-11,-1.2046842575073242,-0.25456303358078,-0.3311309516429901,0.3583493232727051,0.7860220670700073,0.0528012812137603
1989-05-23,-0.1505995690822601,3.374452590942383,-0.4756080210208893,-1.5062776803970337,-2.642927646636963,-0.836614191532135
1989-07-28,0.5638477802276611,1.2913211584091189,1.612671971321106,0.3057856559753418,1.603875994682312,-0.3320304751396179
1983-07-22,1.1120953559875488,-0.915471374988556,2.6808416843414307,3.01487398147583,0.9435864090919496,3.182537317276001
1981-12-07,-0.4843138456344604,-0.1465507298707962,0.7226086258888245,0.0700570791959762,0.1180586069822311,0.6845879554748535
1991-12-16,0.0965816751122474,1.4153963327407837,-1.6198571920394895,-0.1833897531032562,-0.1046523675322532,-0.90532648563385
2001-11-02,-0.8094474077224731,0.8554902672767639,0.1502031832933426,-0.7656416893005371,-0.2147780209779739,0.5456063747406006
2004-02-24,0.81997150182724,-1.433062195777893,1.5616873502731323,0.967315673828125,1.3686590194702148,-0.2464861124753952
1984-09-21,-0.9284467101097108,0.0156307239085435,-1.1983933448791504,-0.2466708272695541,-0.9884238243103028,0.0509448796510696
1998-01-17,-0.0075771240517497,0.914358377456665,0.219597727060318,0.0047348937951028,1.0782520771026611,1.17212176322937
2002-01-11,1.802161455154419,0.061719823628664,1.1398035287857056,0.4382886886596679,1.0750912427902222,2.376063823699951
2003-08-11,0.6969855427742004,4.048807621002197,2.802722930908203,3.2470507621765137,1.607392430305481,2.400748014450073
1990-03-17,0.2041938751935959,2.718777656555176,0.2477049380540847,0.4557681679725647,0.4406895637512207,-1.495331048965454
1986-01-28,1.5051181316375732,-0.9270339012145996,0.5406630635261536,0.3404096961021423,1.1182725429534912,-0.4277912676334381
2005-10-16,-0.4018047451972961,1.1046922206878662,-0.554935872554779,-0.438384860754013,-0.028777303174138,3.01381254196167
1995-12-17,0.4518930613994598,-1.0187740325927734,-0.6700878143310547,-0.3332427740097046,-1.4984233379364014,-1.2173311710357666
2003-09-27,4.070394515991211,0.5397389531135559,1.4850196838378906,1.4355875253677368,1.4898849725723269,0.1863527297973632
1997-10-27,-1.2375566959381104,-0.507566511631012,-1.0271062850952148,-0.5307598114013672,-1.1442211866378784,-2.144034147262573
1987-04-27,-2.81404972076416,1.1243908405303955,-0.1681239604949951,-0.4881752133369446,-0.4443084299564361,3.7076377868652335
1997-11-12,-1.1300241947174072,1.2640056610107422,-0.1375277489423751,-0.8882378339767456,-1.0228763818740845,-0.6189398169517517
1988-10-02,-1.682215690612793,-1.44259512424469,-0.1342982202768325,-0.497554212808609,-3.976303577423096,-0.526198148727417
1995-10-25,-0.6605950593948364,-1.4072589874267578,-0.0216082669794559,-1.3147326707839966,-0.8580867648124695,-2.1599161624908447
2005-10-11,0.5156062841415405,2.287200689315796,0.7140855193138123,-0.9566117525100708,0.1635437458753585,3.840317726135254
1987-02-19,-0.2360241562128067,-1.0396625995635986,0.9830292463302612,0.8409870266914368,1.5371055603027344,0.4690178334712982
1990-10-18,0.1558974236249923,2.558892250061035,1.5320638418197632,-0.4515641927719116,0.2702434062957763,-1.1668241024017334
1992-05-26,-2.381887912750244,0.5875454545021057,-1.3615995645523071,-1.871293902397156,-2.7833547592163086,-2.175177335739136
2004-03-08,-0.1853499561548233,-1.7982196807861328,1.77747905254364,0.8511243462562561,0.7512468695640564,0.6217716336250305
1997-04-28,-0.6714169979095459,-2.955189943313598,-1.8607476949691768,-0.6235120296478271,-1.8127254247665403,-1.516863226890564
2005-02-27,-0.5845450162887573,2.859874725341797,2.1398234367370605,0.8426957130432129,1.2404422760009766,2.5896155834198
2006-09-20,1.9330246448516848,-1.5839542150497437,-0.0795661732554435,0.775562584400177,0.0658108219504356,-0.0535303391516208
1983-08-23,0.99953693151474,-0.4365018606185913,0.8170512914657593,0.1307794898748397,-1.339374303817749,0.9429339170455932
1995-11-08,-0.4815975725650787,0.3413643836975097,-1.4423604011535645,-1.0030063390731812,-1.7483376264572144,-1.3070043325424194
2007-07-19,-0.2663212120532989,-0.06772942841053,-0.2916479408740997,2.301422357559204,2.228116750717163,-1.0262266397476196
2002-10-12,0.5355952978134155,2.007201910018921,-1.1959182024002075,-1.6865922212600708,-1.026458740234375,2.910325050354004
1993-10-13,-2.8455536365509038,2.5885860919952397,-0.8553974628448486,-1.5402709245681765,-2.8659234046936035,-1.0350760221481323
2007-03-04,1.729494333267212,2.459376096725464,1.37966787815094,0.7417864203453064,1.2502453327178955,0.8589538335800171
2006-08-02,2.2805819511413574,1.50220787525177,2.227094888687134,2.4518911838531494,2.791959762573242,2.7569096088409424
2001-07-28,-0.740785539150238,0.3270500004291534,0.88338702917099,0.5329535603523254,1.5470612049102783,0.4364706575870514
1990-03-12,0.2046646922826767,-0.0082111777737736,0.2174815535545349,0.4911389946937561,0.7812456488609314,-1.0782406330108645
1999-03-21,-0.975262463092804,4.45072078704834,2.4688024520874023,0.4218961894512176,0.0957608446478843,3.776312112808228
2001-02-08,1.8591591119766235,-0.2594509124755859,0.8845899701118469,0.6942610144615173,1.7425336837768557,0.6564078330993652
1988-08-02,1.5702518224716189,2.580381393432617,1.7934242486953735,1.122214674949646,3.751767635345459,2.7115960121154785
1982-04-29,-1.3870800733566284,-1.3444050550460815,-0.83439701795578,-0.7787749171257019,-1.497525334358215,-1.069653868675232
1992-09-12,-2.27055025100708,2.748290777206421,-0.2871238887310028,0.3303647935390472,-0.1522497683763504,-2.11860990524292
1989-02-05,0.6115924715995789,-1.9435590505599976,0.5674559473991394,0.6602028608322144,1.3887187242507937,0.0876775309443473
2000-02-01,2.696404457092285,1.6312249898910522,1.655313491821289,0.777851402759552,1.5265427827835083,1.4841922521591189
2000-03-27,0.8903349041938782,2.3856897354125977,1.29515540599823,0.1241805031895637,-0.3184744715690613,1.9023789167404173
1995-10-21,-1.025319218635559,-1.3559659719467163,-0.3960624933242798,-1.1327800750732422,-1.1829456090927124,-0.0314038395881652
2002-12-24,1.7640316486358645,-1.4931877851486206,-1.2328132390975952,0.4922077655792236,0.4077769815921783,-3.421453952789306
1984-02-04,1.2564870119094849,3.776668548583984,0.8162257075309753,0.2952715158462524,1.301583766937256,0.1605134457349777
1984-01-14,0.3653230369091034,0.1854394078254699,0.3088836967945099,-0.2516665458679199,0.5060232877731323,-0.4371889531612396
1994-09-02,-0.2591134309768677,1.821421265602112,3.0236432552337646,0.7587937116622925,0.1480907350778579,2.880862236022949
1984-07-15,2.06397032737732,-0.0520568154752254,1.220112919807434,1.9132503271102903,1.58699369430542,0.0677195265889167
2000-10-09,-0.0843235701322555,-0.5956758260726929,0.0806111022830009,-0.3455669581890106,-0.7305102944374084,0.4075841009616852
1999-04-22,0.3792720437049866,2.759573221206665,0.580490231513977,-0.5086015462875366,-0.190806582570076,0.6593600511550903
2001-11-16,-0.5186631083488464,0.8453579545021057,-1.3968966007232666,-0.2781981825828552,-1.444477677345276,0.0017014751210808
1982-10-28,-1.2905999422073364,-1.1172504425048828,-1.3716143369674685,-1.7547351121902466,-2.2481014728546143,1.3200643062591553
1986-12-04,-0.0693037286400795,-0.999893307685852,-1.9469728469848635,-0.3865244388580322,-1.8356600999832156,-4.307615280151367
2006-12-07,1.7145416736602783,0.4889098107814789,-0.0338933318853378,0.3355549871921539,1.3879996538162231,1.5198525190353394
1987-10-31,-1.7615094184875488,-0.6862261891365051,-0.62653648853302,-1.5984584093093872,-1.497877836227417,-1.923656344413757
2000-08-31,1.460887789726257,1.5814310312271118,3.853660345077514,3.338780164718628,1.1681102514266968,3.400881767272949
1988-08-05,1.1781644821166992,0.5548133850097656,2.0031754970550537,0.3830426633358001,4.053050518035889,0.3086386620998382
1991-12-04,-0.4617135524749756,1.2318373918533323,-0.4971428215503692,-0.7281879782676697,-0.3484152853488922,-1.1415327787399292
1987-01-05,1.4520527124404907,0.1626551449298858,-0.9621222019195556,0.2603467106819153,-0.4455020725727081,-1.6253607273101809
2005-03-22,-0.8609975576400757,-0.040963739156723,1.1909257173538208,0.2924814820289612,-0.2263876497745514,0.6929478645324707
1985-04-04,0.3684521317481994,-0.6972411870956421,-0.0122793689370155,0.0421428233385086,-0.7122021913528442,-1.0697762966156006
1987-08-12,3.746282339096069,2.298816680908203,2.2974257469177246,0.6803109645843506,2.465667247772217,2.5379016399383545
1985-05-24,0.0193833466619253,-5.525571823120117,-2.6156227588653564,-1.1462618112564087,0.127061441540718,-3.03662633895874
1994-08-06,1.0945558547973633,3.0008907318115234,3.4530415534973145,2.4316606521606445,4.4734978675842285,1.4364330768585205
1994-10-03,-1.4292690753936768,0.1397903263568878,0.1140595898032188,0.0826068893074989,-1.0750290155410769,2.0164690017700195
1996-12-24,-0.0421670340001583,-1.3658699989318848,0.9598283171653748,0.1712389439344406,0.9689714312553406,0.4587562680244446
2005-04-12,-1.0276591777801514,1.7259434461593628,0.7578738331794739,-0.0236496608704328,-1.4026952981948853,4.285752296447754
1996-05-02,-1.2317564487457275,-3.145900249481201,0.3578334748744964,-1.1662321090698242,-1.7441192865371704,-0.5550066828727722
2002-09-28,1.1533743143081665,-1.4170212745666504,-0.0806115195155143,-1.2514013051986694,-1.2341808080673218,1.6144189834594729
2002-02-03,2.4568357467651367,-0.5128725171089172,1.0705006122589111,0.8399607539176941,1.6959000825881958,1.007474064826965
1994-03-14,0.351258635520935,-2.6859076023101807,0.5401715040206909,0.3928099870681762,0.5840173959732056,-1.464107871055603
2001-11-20,-1.1489436626434326,0.4807242453098297,-0.6841151714324951,-0.3238329291343689,-1.1014586687088013,0.2472520768642425
1994-08-18,0.5076536536216736,2.729532480239868,3.7977776527404794,1.874716877937317,0.5864831805229187,-1.0433573722839355
2002-10-30,-0.1987379044294357,0.2318420708179474,-2.857909917831421,-0.8288785815238953,-1.4743047952651978,-0.6375228762626648
1990-10-20,0.0482074469327926,2.874681234359741,1.0950580835342407,-1.1783751249313354,-2.3087761402130127,-1.026196002960205
2006-05-25,-0.9480420351028442,-0.9664158821105956,-0.0409550555050373,0.0910348668694496,-0.2063456922769546,1.3341126441955566
1995-04-16,-1.1905263662338257,1.0358459949493408,-0.8040048480033875,-0.088322713971138,-1.3342528343200684,0.4086751043796539
1995-12-26,0.6140376925468445,-0.9931877255439758,-0.22280353307724,-0.0577800199389457,0.0677806362509727,-0.3214478492736816
2002-10-29,-0.1870814561843872,0.3384983241558075,-2.8518872261047363,-0.8224989771842957,-1.122882604598999,-1.540389895439148
2007-03-15,0.550702691078186,4.308094501495361,0.6966180205345154,0.824901819229126,0.398069828748703,1.2776325941085815
1991-12-25,0.210838958621025,2.240784168243408,-0.5084793567657471,0.339762419462204,0.4684766829013824,2.908399105072021
2007-10-22,-1.9005852937698364,0.2127361297607422,-1.8515948057174685,-1.0647326707839966,-0.3380977511405945,0.7200582027435303
2000-12-31,1.1130870580673218,-0.6341416835784912,-0.3106772303581238,0.7238904237747192,1.580187439918518,-0.389954149723053
1991-05-29,-0.2580395638942718,2.0335841178894043,-2.260956287384033,-2.558959007263184,-1.2663432359695437,-3.155877590179444
1998-04-18,-0.6857861876487732,-3.0500681400299072,-0.2789467871189117,-0.3262397646903991,-1.1369227170944214,2.870941638946533
1993-05-03,-2.4917662143707275,2.514103412628174,-1.9721835851669312,-1.0762357711791992,-2.76413893699646,-0.8750140070915222
2006-11-24,0.9710226655006408,-0.8197343945503235,0.4531660974025726,0.3202289640903473,1.2279021739959717,3.932870864868164
2003-12-23,0.8678366541862488,-1.6758980751037598,0.3998307585716247,0.5312243103981018,0.5989457964897156,1.4187476634979248
1983-10-15,-1.3255358934402466,0.6309581398963928,0.5067796111106873,-1.563278079032898,-1.3439568281173706,1.0206965208053589
1990-03-26,-0.2410024106502533,1.7890228033065796,0.0809098854660987,0.2124949246644973,-0.2464071810245514,-0.8270411491394043
1990-09-11,0.590512216091156,1.0198185443878174,1.6013394594192505,0.638152003288269,0.6262602806091309,-2.012514114379883
2004-09-23,-0.2498988062143325,-0.4626967012882232,-0.6063085198402405,-1.288327693939209,-1.5862678289413452,2.310262680053711
1994-11-30,0.585100531578064,-0.9036606550216676,-2.866914987564087,-0.9435891509056092,0.1676601022481918,-3.4696836471557617
1988-11-21,-1.004199743270874,-1.3223079442977903,-0.7512380480766296,-0.7412123084068298,-1.777555227279663,-1.4511858224868774
1985-10-27,-0.6205865144729614,-3.627260208129883,-1.3616045713424685,-2.184758424758911,-1.1380854845046997,-1.4699137210845947
1999-11-09,0.1056238189339637,0.1971997916698455,-2.548626661300659,-1.2598546743392944,-1.2328736782073977,-3.059487819671631
2004-06-22,-2.110480546951294,-1.584680438041687,-1.4935084581375122,1.936309576034546,-0.9128032922744752,-2.884453296661377
1990-10-13,-0.5555163621902466,1.480933666229248,0.5467881560325623,-0.723281741142273,0.6660529971122742,-0.3093205988407135
1996-08-26,0.674071729183197,0.8866007328033447,2.569131135940552,2.123847007751465,1.9630765914916992,1.665575385093689
1994-09-13,-1.163648009300232,-0.5104195475578308,2.1519317626953125,-0.3520561754703522,-0.7429384589195251,1.1155436038970947
2005-11-17,0.725811243057251,2.41768217086792,-0.2312490344047546,-0.8012098670005798,0.6124289035797119,-1.5312029123306274
1986-07-20,1.1842385530471802,-1.762519121170044,-1.1516399383544922,1.2909764051437378,1.2667763233184814,-0.8257718086242676
1986-11-04,-1.1496460437774658,-1.4642188549041748,-2.582873821258545,-1.404856562614441,-2.9350552558898926,-0.3839009702205658
1987-10-21,-2.141794919967652,-0.8053114414215088,-0.514957845211029,-2.158385992050171,-1.8487541675567627,-0.2461972534656524
1996-01-06,0.8327416777610779,-0.7120529413223267,-0.4240371584892273,0.305926114320755,0.5655602216720581,0.023936703801155
1986-03-01,1.5488882064819336,-0.5927106142044067,1.047086477279663,1.0651873350143433,1.3479846715927124,0.9722775220870972
1983-12-05,-0.2293073832988739,-2.319900751113892,-1.3169679641723633,-1.1665232181549072,-1.105679631233215,-1.0076276063919067
1985-01-21,1.5725955963134766,0.4356701672077179,0.2646099925041199,0.3696224987506866,0.857949435710907,-2.5877585411071777
1986-12-22,0.4554734826087951,0.8814325928688049,-1.090442776679993,-0.4408277571201324,-1.2793731689453125,-3.9080095291137695
1987-01-31,0.5675199627876282,0.0254251398146152,-0.2528810501098633,0.5119220018386841,1.181329369544983,-1.1181119680404663
1984-04-11,-0.1751238256692886,-2.0044877529144287,1.104670166969299,-0.3199553787708282,-0.743767261505127,-0.5158745050430298
1992-04-16,-2.400517702102661,-1.6041686534881592,-1.1240122318267822,-0.248326376080513,-2.3442625999450684,-1.1513224840164185
1991-06-17,-1.4691392183303833,-3.111701726913452,-3.2955145835876465,-1.3524377346038818,-0.9063039422035216,-3.892612457275391
2002-12-01,1.0282766819000244,-2.448155403137207,-1.8471183776855469,-0.1581806540489196,-0.3084067404270172,-2.1915206909179688
1988-03-18,-0.0967742875218391,-0.5858982801437378,0.9432390332221984,0.585801899433136,0.6955221891403198,-0.5231340527534485
1982-05-30,0.120039477944374,-2.684421300888061,-1.2811990976333618,-0.8401296138763428,-1.975070834159851,-1.7704410552978516
1990-07-28,2.583867311477661,4.511322498321533,0.6026926636695862,0.0758051946759224,2.6238956451416016,-2.682036638259888
1989-09-27,-1.8698939085006716,0.7072862386703491,0.4536890089511871,-1.298337459564209,-1.97625195980072,-1.7397555112838743
1991-11-22,-0.8666462302207947,2.1791505813598637,-0.2128379046916961,-0.652538537979126,-1.104392170906067,-1.1471190452575684
1998-05-25,-1.1219086647033691,0.7875576615333557,-1.0016142129898071,-0.1613024771213531,-0.323363184928894,1.3248226642608645
2004-11-20,-1.0710915327072144,-2.5975124835968018,-1.15509831905365,0.0649250000715255,-0.1288159936666488,1.8518975973129272
1990-02-24,0.9231101274490356,1.2373946905136108,0.8921377062797546,0.7676317095756531,1.455104112625122,-1.641522765159607
1982-01-15,0.6743434071540833,0.2840814888477325,0.7151086330413818,0.5086759328842163,1.6816617250442505,3.289883613586426
1984-04-02,0.7772241830825806,0.2016201168298721,0.8603227734565735,-0.0101631404832005,-0.336500883102417,0.6789547204971313
1993-08-03,-0.6226808428764343,1.1087098121643066,2.201280355453491,1.5151785612106323,1.626726150512695,0.9216856956481934
2002-06-01,-0.2555397152900696,-0.3981564342975616,-2.4206738471984863,-2.2408242225646973,-1.261919617652893,-3.4812378883361816
2000-02-05,2.2205114364624023,0.5764727592468262,1.8614721298217771,0.8587580919265747,1.5404510498046875,1.495927095413208
1985-09-21,-0.8184613585472107,-0.2143802642822265,0.171601802110672,1.2433499097824097,0.2715554237365722,-0.0490612238645553
1983-05-09,0.0779545083642005,1.3895798921585083,2.0681912899017334,-1.6600327491760254,-1.26449453830719,1.5407516956329346
1998-03-10,0.2046646922826767,2.571775436401367,1.46748149394989,0.981129229068756,0.9112200140953064,2.411749601364136
1994-11-27,0.2010336816310882,-0.8797319531440735,-2.086842536926269,-0.5897746682167053,-0.2020905017852783,-3.657125473022461
2001-01-23,1.6947044134140017,0.0497421659529209,0.9880709052085876,0.8314745426177979,1.8755720853805544,-0.260072648525238
1982-12-09,0.2698012292385101,0.0661466419696807,-1.248492956161499,-0.7339864373207092,-1.0715380907058716,1.2367030382156372
1997-08-29,-0.2401271611452102,-0.6923332214355469,1.0463131666183472,1.9117661714553835,2.7190093994140625,0.5415593981742859
1997-11-18,-0.8415433764457703,0.9964226484298706,-0.9692605137825012,-0.8397452235221863,-1.0809245109558103,-0.8549258708953857
1985-02-26,1.317094802856445,0.0319927781820297,0.4342226386070251,0.6485398411750793,1.4322364330291748,-0.8983601927757263
2000-08-07,2.3059511184692383,-1.2051575183868408,2.343214750289917,3.27670955657959,3.813707113265991,1.2830454111099243
1988-05-01,-1.1578458547592163,-1.9568690061569212,0.5880739092826843,-0.4360178411006927,-1.8794819116592407,0.352331131696701
1986-03-26,0.6524365544319153,-0.9857902526855468,0.222265139222145,0.6498671770095825,-0.1335357874631881,-1.4778443574905396
1989-07-09,-0.4563206434249878,1.3730876445770264,1.3894752264022827,-0.0561041794717311,1.9021499156951904,-2.3655893802642822
1996-05-19,-1.3359047174453735,-3.253035306930542,-1.0495823621749878,-1.5691648721694946,-2.2862002849578857,-0.96917325258255
1994-05-07,-0.833434522151947,0.19359190762043,-2.0002923011779785,-1.10537850856781,-3.105682134628296,-3.825439929962158
1990-01-31,0.9920200109481812,-1.7262392044067385,0.0421179756522178,0.4572978913784027,1.2139874696731567,-2.050671100616455
1999-07-08,3.079479694366455,-0.0197972021996974,1.7967504262924194,0.2503677308559418,3.0268867015838623,-0.5666678547859192
1996-10-20,-2.665303468704224,0.1240450516343116,-1.8460747003555296,-1.922758102416992,-2.032951593399048,-1.3313915729522705
1989-07-31,2.399229049682617,1.737053632736206,2.1433968544006348,0.4029487073421478,1.7170441150665283,-0.853507399559021
1998-07-04,-0.6771876215934753,-1.1429005861282349,-0.7244179248809814,0.598513662815094,0.7501910924911499,2.8325130939483643
2006-10-14,0.2958815693855285,-2.59110164642334,0.3520407080650329,0.8284345865249634,0.3002421855926513,0.7431490421295166
1989-08-24,1.3999403715133667,-0.1550418436527252,2.317479133605957,0.5774716138839722,2.0416362285614014,-0.3518353998661041
1992-06-07,0.8057924509048462,-1.7638874053955078,-0.7788040637969971,-1.7630411386489868,-1.7144025564193726,-0.0055115325376391
2003-03-23,-0.1309865415096283,-0.490975946187973,0.0309220906347036,0.7225046753883362,-0.3163839876651764,0.6429600715637207
1984-04-16,-0.2559171915054321,-1.394926905632019,0.5981543660163879,-0.5396285653114319,-1.6025002002716064,0.1917100846767425
2000-10-15,-0.2241074591875076,-0.4411076307296753,0.2120565623044967,-0.6815751791000366,-2.4497578144073486,0.5431673526763916
1985-07-19,0.8176765441894531,1.781488299369812,1.3575470447540283,0.337892472743988,2.27227520942688,0.2369509488344192
1994-03-18,-0.0992911756038665,-2.171916246414185,1.1966180801391602,0.2749139964580536,0.288084477186203,-1.1923686265945437
2002-09-02,3.443279504776001,-1.0123752355575562,1.829717755317688,-1.564864158630371,1.070206642150879,0.8411262035369873
2005-07-27,-1.0607624053955078,1.327049970626831,2.1333870887756348,3.4429266452789307,2.0770599842071533,1.736488938331604
2004-07-23,1.254988670349121,1.6951788663864136,1.5262056589126587,3.1251885890960693,2.6778347492218018,3.810835361480713
1988-02-07,-0.2631655037403106,-1.0028932094573977,1.090489625930786,0.5799509882926941,1.4258805513381958,-0.3925198912620544
2006-10-10,-0.3155548274517059,-2.6514041423797607,0.4146220684051513,0.3397339880466461,-0.4859184026718139,0.2149239927530288
2000-09-27,0.350393146276474,0.4497426152229309,1.2950172424316406,-0.0944113135337829,0.329881340265274,0.7263612747192383
1986-07-01,0.0680557712912559,-1.0427571535110474,-0.7689220905303955,-0.1555348932743072,-1.6312459707260132,-0.9013517498970032
2001-01-15,1.7209534645080566,-0.0980379357933998,0.7129135727882385,0.6590262055397034,2.296236991882324,-1.3790779113769531
2002-10-03,0.949156641960144,2.10679292678833,-1.1801049709320068,-2.704017162322998,-1.3065534830093384,-0.0257099661976099
2002-05-26,-1.1580334901809692,-0.8864293098449707,-2.920959949493408,-2.178954124450684,-2.466325044631958,-3.165887355804444
2003-06-26,0.3021841049194336,-1.6417489051818848,-2.4740889072418213,-0.5258790254592896,0.2132878750562667,-2.253026962280273
1992-12-12,-0.1552865356206894,-0.9014130234718324,-1.408830165863037,-0.9011174440383912,-1.113534688949585,-3.69953203201294
1998-03-12,-0.2626531422138214,2.124675989151001,1.748124361038208,0.9398855566978456,0.8121219277381897,3.1193203926086426
1986-08-01,0.759214460849762,0.847069501876831,1.0733894109725952,0.7129462361335754,-1.2229583263397217,0.846474289894104
2002-11-26,0.9791001677513124,-2.837700128555298,-3.106917381286621,-0.8109897375106812,-0.3816086053848266,-2.461446762084961
1997-05-01,-1.5330579280853271,-2.9622645378112797,-2.5276598930358887,-0.9524040222167968,-2.795219659805298,-2.021772861480713
1981-12-09,-0.3202256262302398,-0.0338289439678192,1.201519250869751,0.1960062384605407,-0.0515491366386413,-0.5132969617843628
1985-10-30,-0.9075396060943604,-3.417570114135742,-2.06711483001709,-1.9407329559326167,-1.5942333936691284,-1.1240450143814087
2007-02-21,2.2270984649658203,0.2719829976558685,1.254199504852295,0.7285264134407043,1.4722144603729248,0.2916117310523987
1982-01-29,-0.0648892447352409,0.8729844093322754,0.9206679463386536,0.7704023718833923,1.6882493495941162,0.1622050702571869
1996-08-29,-1.2101284265518188,0.2776679992675781,3.0763118267059326,1.6217576265335083,2.4090118408203125,1.9915716648101809
1981-10-12,-2.5782179832458496,-2.7758166790008545,-0.596652626991272,-0.4880190193653106,-2.468987226486206,-0.8350290060043335
1987-04-06,-2.1258914470672607,-0.2707803547382355,0.167496308684349,0.3511859476566314,-0.3353067934513092,0.7362352013587952
2005-01-22,1.3047202825546265,-0.5302749276161194,0.7480806708335876,0.5114672183990479,1.1555708646774292,0.519926130771637
1999-09-24,-0.0970933437347412,0.8589482307434082,2.5972516536712646,0.2220665663480758,0.6157137155532837,1.1176117658615112
1995-06-09,1.1830778121948242,0.3344720900058746,-1.966439247131348,-1.7380646467208862,-1.0302060842514038,-3.817211627960205
1996-08-28,-0.4737337529659271,0.7859147191047668,2.828344345092773,1.6381254196166992,2.484464645385742,1.7881073951721191
2003-03-06,0.2532567083835602,-0.7729337215423584,1.0049313306808472,0.7406149506568909,0.9566945433616638,-0.7156341075897217
1995-10-20,-1.3440606594085691,-1.2210572957992554,-0.2762230038642883,-1.1708720922470093,-1.2614446878433228,0.0457016453146934
1986-10-21,-1.721812129020691,-0.7453138828277588,-2.844944477081299,-2.368377447128296,-3.6487724781036377,-1.92618989944458
2001-05-02,-2.021188735961914,-0.5501481294631958,-1.5877331495285034,-0.8404524922370911,-2.5736892223358154,-1.239002704620361
1996-12-25,0.0840389430522918,-1.2031792402267456,0.95718914270401,0.2921955585479736,1.067780613899231,0.4585509300231933
1993-10-03,-1.3792507648468018,2.4797866344451904,-0.875961184501648,-1.2173808813095093,-1.6850448846817017,-0.80353844165802
1983-05-22,-0.7189035415649414,-0.42208993434906,0.1278354227542877,-1.6907694339752195,-2.06260085105896,0.1640320271253585
1995-02-18,-0.0619671195745468,1.463338017463684,0.678380012512207,0.6479382514953613,1.530032753944397,0.7108736038208008
1999-02-23,0.8470935821533203,1.241984248161316,1.60420560836792,1.0485337972640991,1.4322364330291748,4.581620216369629
1987-03-10,-0.3767481744289398,-1.0429532527923584,0.3349483907222748,0.8606100678443909,0.9566945433616638,0.3143646717071533
2002-07-09,2.124417304992676,0.3771615326404571,0.9355306625366212,0.0253908280283212,0.7426519393920898,0.7637484073638916
2006-08-03,2.5845460891723637,0.8908748626708984,1.5530476570129397,2.401661872863769,3.2935051918029785,3.296448945999145
1984-09-20,-0.9849326014518738,-0.0437117218971252,-1.080351948738098,-0.0799247026443481,-0.0015393355861306,-0.2818861007690429
1983-04-13,0.2191544026136398,0.2615057528018951,0.3327634334564209,-0.3904544115066528,-0.8864277005195618,2.094010591506958
1982-10-09,-1.6296486854553225,-1.5630106925964355,-2.794431209564209,-1.8761818408966064,-1.939683198928833,0.4500948190689087
2002-07-05,2.618987798690796,0.7568907141685486,0.5235350131988525,-0.3118830621242523,1.7494770288467407,1.646312594413757
1994-09-23,-1.1069533824920654,0.1260372996330261,0.1304252743721008,-0.544444739818573,-2.2741854190826416,0.5764440298080444
1993-09-23,-0.4969680607318878,1.7960506677627563,-1.0095587968826294,-0.984447181224823,-2.1241915225982666,-0.9835535287857056
2006-10-29,-0.8887403607368469,-1.328155517578125,0.4920657277107239,-0.7388822436332703,-0.4342962801456451,0.0824783593416214
1982-02-26,0.7431174516677856,-1.4226089715957642,1.2721121311187744,1.1176377534866333,1.465083360671997,0.1684748232364654
1998-03-31,-0.7564458847045898,1.2778074741363523,1.0549890995025637,-0.0435935333371162,-0.583391010761261,0.6502494812011719
1987-02-21,-0.3995928764343261,-1.0350271463394165,1.0715748071670532,0.6739146709442139,1.520317792892456,0.3412766754627228
1997-08-13,-0.1461892426013946,-0.551788866519928,2.0354034900665283,-0.1353993713855743,1.5499283075332642,0.2711121737957001
2002-08-12,3.603810787200928,-1.5018010139465332,2.7554047107696533,3.074592113494873,0.5499283075332642,-0.0488951541483402
2001-07-31,0.7680185437202454,-0.8360822200775146,0.5513724088668823,0.5782422423362732,4.632971286773682,0.9460136890411376
1995-02-01,0.5964833498001099,0.7366599440574646,0.5562159419059753,0.7052446603775024,1.441598415374756,-1.299508571624756
1991-08-14,-0.0730339959263801,-0.4911704957485199,-2.067272186279297,0.5370592474937439,-0.0126027194783091,-2.4792568683624268
1991-05-04,-1.8817808628082275,0.0541120693087577,-1.9721835851669312,-1.1362333297729492,-2.284127950668335,-1.5850054025650024
1988-11-04,-1.8798894882202148,0.0903508737683296,-0.746845006942749,-1.1604344844818115,-2.845205068588257,2.530482053756714
2000-10-23,-1.1905938386917114,1.5027446746826172,-1.5016192197799685,-0.8547412157058716,-1.5281001329421997,-1.0299417972564695
1996-05-15,-1.3495453596115112,-0.8508144617080688,-1.8729112148284912,-1.3564674854278564,-3.4114785194396973,1.9711244106292725
2002-02-05,2.2925636768341064,-0.6455026865005493,1.2503836154937744,0.906591773033142,1.6824350357055664,0.7130900025367737
1992-08-02,-1.93199360370636,0.4139177799224853,-1.568653225898743,-0.5917711853981018,-0.8270203471183777,-4.044007301330566
2001-07-24,0.8749837875366211,0.7251777052879333,-0.5238126516342163,0.5752008557319641,3.7078335285186768,0.1308426409959793
1995-05-22,-1.0805922746658323,-2.935544967651367,-0.6256019473075867,-1.4262605905532837,-1.0729507207870483,-0.1966300755739212
2002-06-29,0.53252112865448,1.8274461030960083,-1.3053686618804932,-0.0231976080685853,0.6450880765914917,-0.3861631453037262
1982-01-14,0.7553071975708008,0.1854394078254699,0.6488800644874573,0.5283322334289551,1.716014742851257,3.5328123569488525
1986-09-10,-1.1218746900558472,-0.4131321609020233,1.3686007261276243,2.8698670864105225,-0.6956018209457397,1.28946852684021
1986-10-19,-1.7841050624847412,-1.3111027479171753,-2.4479470252990723,-1.9815629720687864,-3.8097431659698486,-1.9868314266204836
1992-07-02,-0.9388495087623596,-1.86132287979126,-1.316904067993164,-0.2311767339706421,-1.4539788961410522,-0.1825647354125976
1982-03-24,-0.4064284265041351,0.8620377779006958,0.2639276385307312,0.4565497636795044,0.1921744495630264,0.2512935996055603
1987-10-20,-1.5084954500198364,-0.8686580061912537,-0.4222047328948974,-1.9152848720550537,-2.004891872406006,-0.2670370638370514
1997-03-19,-0.1391383558511734,-2.4079480171203613,0.1669328361749649,0.5102691054344177,0.1263829916715622,1.824828505516052
1986-01-07,1.1769084930419922,-2.616286516189575,-0.758776068687439,0.1013810858130455,0.0972174480557441,-1.498380184173584
1990-04-03,-0.6415576338768005,1.352777123451233,-0.1422842442989349,-0.0778522938489914,-0.5721875429153442,-1.4397714138031006
1988-07-04,0.2907159328460693,1.7106674909591677,0.4127170145511627,-1.0685675144195557,-1.1512017250061035,2.71173095703125
1982-02-23,0.3211022019386291,-1.9048175811767576,1.2825103998184204,1.1388546228408811,1.5279523134231567,0.2202674299478531
1985-08-22,2.4595284461975098,2.073507785797119,-0.1529499143362045,2.810802698135376,3.560619592666626,-2.837064743041992
2005-03-30,-0.7915515303611755,-0.1872314065694809,0.6577035188674927,0.1121501475572586,-0.7921887636184692,5.10020637512207
2006-01-23,1.8351047039031985,1.3229660987854004,2.650648355484009,0.5504011511802673,1.5782639980316162,0.6122173070907593
2005-05-26,-1.4161204099655151,-2.548453092575073,-1.8908289670944212,-0.2777647674083709,-3.377097845077514,0.9485065937042236
1988-06-14,-1.2580163478851318,-2.1354429721832275,-0.8473442792892456,-1.345179796218872,-2.1292524337768555,0.3011838793754577
1989-11-06,-1.0683820247650146,1.331176996231079,-2.021768808364868,-1.3004810810089111,-2.573847770690918,-0.2485537230968475
1999-06-27,2.842162132263184,-1.6917672157287598,1.6659256219863892,1.2541197538375854,4.823273181915283,1.5069828033447266
1998-08-17,1.8176511526107788,0.5695289373397827,4.377764225006104,3.1347267627716064,1.676479458808899,4.1266255378723145
1983-06-10,-0.17421855032444,-0.013887383043766,-1.538813829421997,-1.0430399179458618,-1.854386687278748,0.0244872476905584
2001-12-12,1.183107614517212,0.9668482542037964,0.454335868358612,0.1610083431005478,0.8302931785583496,2.2701871395111084
2001-11-08,-0.6643651723861694,0.2271985709667205,0.8313782811164856,-0.2698644995689392,-1.4428651332855225,-1.699471950531006
1991-08-09,1.2972177267074585,0.4621865451335907,-2.0089025497436523,-0.4759581983089447,0.5543563961982727,-2.940494537353516
2001-05-20,-0.3706007897853851,-1.2455730438232422,-2.0356056690216064,-1.2062593698501587,-1.8629287481307983,3.2433724403381348
1997-10-02,-2.2192471027374268,-1.0802109241485596,0.3440400660037994,-0.017399214208126,-0.5950486063957214,-2.093546867370605
1988-11-12,-1.040024757385254,0.2457527965307235,0.1143843978643417,-1.0328985452651978,-1.8997111320495603,2.41016173362732
1988-07-30,2.1859564781188965,0.7172600626945496,2.081265449523926,0.5196695923805237,3.933493852615357,2.9457836151123047
1984-04-04,0.8284435868263245,-0.6472228765487671,1.6277047395706177,-0.0678425282239914,-0.3621960580348968,-1.2497994899749756
1993-09-26,-0.2299097925424575,3.70728611946106,-0.2762914597988128,-1.158353328704834,-1.96624219417572,-0.3497408926486969
1999-05-29,1.89582622051239,-0.8905001878738403,1.3492103815078735,-1.566536784172058,0.2926857471466064,1.2127197980880735
2005-06-22,-1.370490312576294,-2.994684219360352,-1.8935023546218872,0.6863095760345459,-1.292808175086975,-1.674461841583252
1999-05-03,0.1988124251365661,1.1998518705368042,-0.6677196621894836,-0.2004683762788772,-2.3536880016326904,1.5909838676452637
1996-06-29,-0.1351620554924011,-4.803032398223877,-1.702703833580017,-1.944644331932068,0.6459973454475403,-0.31910040974617
1989-09-04,0.9312406778335572,-1.101169228553772,1.0405691862106323,-0.263522058725357,-3.477105140686035,1.5802695751190186
1984-12-27,1.747841477394104,2.8541007041931152,-0.0801802352070808,0.3612413704395294,0.6189653277397156,-1.9812462329864504
2005-02-16,0.0704083368182182,3.714972972869873,2.3315539360046387,0.6838939189910889,1.520317792892456,1.6512742042541504
1982-07-11,1.6036769151687622,-0.9369098544120787,0.9794716238975524,-0.4160895347595215,0.7921339869499207,-0.395588219165802
2001-04-09,-0.7177976965904236,-0.0935813412070274,-0.6108520030975342,-0.1916929632425308,-1.0106756687164309,-0.467315673828125
2004-07-28,0.8939917683601379,1.4180878400802612,2.417438268661499,2.3971192836761475,1.8931382894515991,2.248418092727661
2003-11-01,-0.7898931503295898,1.620349645614624,2.533153772354126,0.0895655453205108,-1.5251978635787964,-0.3895314633846283
1992-03-01,-0.6083881855010986,1.0437475442886353,1.3411294221878052,0.6078720092773438,1.278861165046692,0.5153302550315857
1994-02-23,1.6731101274490356,0.327390968799591,0.9421254992485046,0.937645137310028,1.455104112625122,0.2884699404239654
1983-09-28,-1.4170701503753662,0.5189518928527832,0.1072613000869751,-0.8579199910163879,-1.6142972707748413,-0.8823882937431335
2002-08-30,3.162198305130005,0.8154267072677612,2.458965301513672,-0.6479085683822632,1.2258672714233398,1.2829428911209106
1988-02-01,-0.4479824304580688,-0.8162355422973633,0.6521033048629761,0.4272991120815277,1.2639752626419067,1.579333782196045
1989-04-19,-1.3496137857437134,-0.5771688222885132,-1.5724583864212036,-0.6496349573135376,-1.3714195489883425,-1.4687305688858032
2006-05-20,-1.1382440328598022,0.6029231548309326,0.6758233308792114,1.2050591707229614,-0.9659973978996276,0.719147264957428
1993-05-02,-2.293067693710327,2.6077427864074707,-1.7976793050765991,-0.922405242919922,-2.505211114883423,-0.9517655968666076
1983-01-19,1.138180136680603,0.7984906435012817,0.434555172920227,0.0625180155038833,0.6518787741661072,0.6787044405937195
1992-07-06,0.0553828440606594,-1.118437647819519,-3.421096086502075,-2.157027244567871,-0.1811608523130417,-2.060981750488281
1990-04-11,-1.2608261108398438,-1.2384942770004272,-0.5972292423248291,-0.3904544115066528,-0.8364399075508118,0.1339885145425796
2001-08-06,1.9672311544418333,0.4421975314617157,2.4210901260375977,-0.2959350049495697,3.014347791671753,1.2295188903808594
1987-06-29,0.2471297234296798,-1.7100751399993896,-0.7282117009162903,-2.0156524181365967,-0.3904422223567962,-1.6940648555755615
2007-11-22,-0.925142765045166,0.7162580490112305,-0.7163301110267639,0.112585462629795,0.0753917172551155,1.8619552850723269
1990-10-26,-0.7306023836135864,3.932737350463867,1.0283795595169067,-1.1847583055496216,-1.8380976915359497,0.9000813961029053
1987-07-19,2.767658233642578,0.6115053296089172,3.0875275135040283,1.9178791046142576,2.51226544380188,1.8169680833816528
1981-12-17,-0.0368936583399772,-0.7831517457962036,0.8143517374992371,0.4210180938243866,1.4502882957458496,-0.3297885060310364
1983-03-10,0.6694967746734619,0.4993540048599243,1.209654450416565,0.7517961859703064,1.0102550983428955,0.3589538633823395
2006-10-07,-0.4418729841709137,-2.401265859603882,0.4061310291290283,0.0828457847237587,-0.2655364573001861,1.3356854915618896
1988-01-09,-1.5824837684631348,-2.0186986923217773,-0.2306544482707977,0.4198066294193268,0.3318730294704437,-1.0245691537857056
1984-08-26,2.9434597492218018,1.9282516241073608,1.882041454315185,1.655036449432373,2.150568008422852,2.1728291511535645
1985-03-16,1.541261076927185,-2.2959234714508057,0.3601788282394409,0.5028258562088013,0.6040064096450806,0.1858860701322555
1985-08-29,1.6140741109848022,0.6566202640533447,-0.5008761286735535,1.5938481092453003,1.3930997848510742,-1.354413628578186
1985-02-07,2.0668210983276367,0.3271238207817077,0.7804920673370361,0.5599619746208191,1.4258805513381958,-0.9425382018089294
2004-01-29,0.935028314590454,-1.6991589069366455,1.4551337957382202,0.391746461391449,1.5840628147125244,1.2255480289459229
1993-12-11,0.5098151564598083,2.1589012145996094,-1.476149559020996,-1.5676484107971191,-1.2822048664093018,-1.6047546863555908
1996-04-07,-0.9606798887252808,-1.4615545272827148,0.0048316456377506,-0.3502030074596405,-1.412717342376709,-0.6069830060005188
2004-12-09,0.2346975952386856,-1.0214080810546875,-0.0988325700163841,0.4988764524459839,0.50649094581604,2.380454540252685
1983-07-27,0.3315268158912658,-0.8236050605773926,2.798697233200073,1.56659197807312,1.3030850887298584,2.370056390762329
2002-04-16,0.7403826117515564,3.7428078651428223,-0.2724400460720062,-0.9196544885635376,-1.5814110040664673,-0.2587391138076782
2004-09-16,0.1515398323535919,1.1256160736083984,0.171601802110672,0.1233242899179458,-1.4384360313415527,1.5409351587295532
2001-04-05,-1.1475120782852173,-0.1596982479095459,-0.5467928647994995,0.1787946075201034,-0.7632783055305481,1.2506935596466064
1988-10-22,-1.715321660041809,-0.3459561765193939,-1.1060539484024048,-1.4327678680419922,-3.082939386367798,0.0486132502555847
2003-11-22,-0.4031384885311126,-3.4156911373138428,-1.4958205223083496,-0.2962492406368255,-0.746537446975708,-0.2631697952747345
2006-11-15,0.7013075947761536,-2.624643325805664,0.323104590177536,-0.4281920790672302,0.4755357205867767,3.261711359024048
1983-08-15,0.9317816495895386,-0.4492078423500061,1.7821722030639648,-1.0995222330093384,0.8175228238105774,0.7317529320716858
1982-09-16,-1.883649230003357,-0.4404427409172058,0.0719146430492401,0.2279303967952728,-1.822925090789795,1.1755411624908447
2005-12-21,0.3908316493034363,1.4307867288589478,1.821537733078003,0.0397441126406192,1.428468108177185,3.3483710289001465
1996-01-03,0.5220600962638855,-1.2873570919036863,0.1078851148486137,0.4903576970100403,0.4945003688335418,0.1346489787101745
1998-05-22,-1.1482232809066772,1.9029109477996824,0.0158196724951267,-0.8949469923973083,0.8639891743659973,2.149170398712158
1989-12-03,-0.8392927646636963,-0.569900631904602,-1.4869813919067385,-1.0465281009674072,-0.8656588196754456,-2.1576216220855717
1984-12-04,0.6406877040863037,1.850112795829773,-2.3869752883911133,-0.6065256595611572,-0.6656771302223206,-1.7976056337356567
1999-04-05,-0.4056526720523834,2.05105972290039,1.4798026084899902,-0.1729460060596466,-0.6555625796318054,0.8771485686302185
1996-12-06,-1.143543362617493,-1.9927794933319087,-0.0393982343375682,-0.4862727522850036,0.1023222357034683,0.9826658368110656
2001-11-21,-0.8411110639572144,0.3624789714813232,-0.7251056432723999,-0.2250530272722244,-0.95883309841156,0.2218926697969436
1982-06-02,1.1058176755905151,-1.3104830980300903,-1.3207725286483765,-0.9165428876876832,-2.037331342697144,-2.6972532272338867
1984-01-31,1.2615474462509155,0.7158186435699463,0.8301962018013,0.2056507766246795,1.1561754941940308,1.1031955480575562
1988-01-02,-1.7777516841888428,-3.080121755599976,-0.3914355039596557,0.6291295886039734,-0.3441880047321319,-0.0613792799413204
1988-07-11,2.3163764476776123,2.6882095336914062,1.6354361772537231,0.6475236415863037,2.99371075630188,2.1731033325195312
1989-09-23,0.850372314453125,-0.3385006785392761,-0.5198793411254883,-1.2313677072525024,-2.3159611225128174,-0.272024005651474
1990-06-17,0.9708326458930968,-2.561683416366577,-1.8955206871032717,-1.7624413967132568,1.2237008810043335,-0.7726173400878906
2000-08-30,1.63219952583313,1.9454315900802608,4.198986053466797,3.4721169471740723,1.2058477401733398,3.452956199645996
2004-11-17,-0.984180212020874,-3.222301959991455,-0.9812490344047546,-0.5412001013755798,-0.4975564181804657,1.8188031911849976
1999-03-14,-0.1764678657054901,2.3321008682250977,1.550038456916809,0.5947678685188293,0.5235032439231873,3.0310192108154297
2004-06-30,-0.3692877292633056,-2.549342393875122,-1.127291560173035,1.9214227199554443,-0.6711906790733337,-2.738250732421875
1989-11-17,-0.4321545660495758,0.0039643561467528,-2.4507439136505127,-1.0746971368789673,-1.7618050575256348,-1.353879451751709
1998-11-28,-1.492874026298523,-1.2256731986999512,-0.3769282698631286,-0.072263166308403,-1.2716797590255735,-1.6356315612792969
1999-08-25,1.335513710975647,1.87909471988678,3.467885971069336,1.6232311725616455,1.7862977981567385,3.09653902053833
1988-04-07,0.844347357749939,-0.7289390563964844,0.8298087120056152,0.0270356759428977,-0.215560108423233,2.0371522903442383
2007-12-12,-0.4534366428852081,0.4354158937931061,-0.2998803555965423,0.3365992605686188,0.5353623032569885,1.434669852256775
1984-11-09,-0.2144426107406616,0.4241428077220917,-1.9630194902420044,-2.6191439628601074,-0.8505924344062805,-2.304856300354004
2005-03-09,-0.9381633400917052,1.1639312505722046,2.043914318084717,0.575985848903656,0.7178980112075806,1.011280179023743
1986-09-24,-1.879638671875,-4.578490734100342,0.4601011276245117,1.7086347341537476,-2.3759586811065674,1.4579564332962036
1992-03-12,-1.0381693840026855,1.7639068365097046,0.4538875818252563,0.626004159450531,0.7178980112075806,0.941272795200348
1982-10-14,-1.694308876991272,-1.745669722557068,-2.679398775100708,-1.025559663772583,-1.810496807098389,0.1975926458835601
1988-06-27,-0.157069131731987,0.1422882080078125,-0.1313306391239166,-0.9749369621276855,-0.8624841570854187,1.2354720830917358
1981-12-28,0.1578146517276764,-0.0158944688737392,0.8098344206809998,0.5612230896949768,1.5389482975006104,-0.6712486147880554
1985-09-10,0.4581118822097778,0.1468654125928878,-0.8614103198051453,2.0498597621917725,-0.6755822896957397,-0.9805510640144348
1991-02-03,0.8663874864578247,3.701232433319092,0.215311050415039,0.467853844165802,1.3265610933303833,-0.3358151316642761
1988-06-15,-1.5122236013412476,-0.8646051287651062,-0.7939466238021851,-1.2412502765655518,-1.816183090209961,0.7163150906562805
1986-06-15,-0.4580285549163818,0.8745363354682922,-1.6473625898361206,-1.585170030593872,-0.1592512428760528,-1.4288270473480225
1995-11-04,-0.2594596445560455,-0.4545072913169861,-0.9897809624671936,-0.985642910003662,-1.1847792863845823,-1.4843924045562744
1993-10-05,-1.980836033821106,4.31681489944458,-0.3301294147968292,-1.2640148401260376,-2.266545057296753,-0.7057026624679565
1990-07-14,0.6439874172210693,-1.3720335960388184,-2.2298991680145264,0.3132442235946655,0.96699857711792,-2.5322866439819336
1999-06-21,3.0238823890686035,-1.651921272277832,3.005433320999145,1.3828600645065308,2.4259049892425537,2.248920202255249
1993-08-25,0.3986376821994781,2.732985258102417,1.688848853111267,3.2436232566833496,0.822120189666748,0.2689614295959472
2003-08-29,0.7651856541633606,2.1408278942108154,4.356546401977539,2.1764378547668457,0.366161435842514,2.806530475616455
2006-10-17,0.0059453984722495,0.1589170694351196,1.103781819343567,0.3691364824771881,0.548552930355072,1.4056869745254517
1986-03-08,1.7740411758422852,-0.3997392058372497,0.412151962518692,1.041980266571045,1.061327338218689,-0.0879584103822708
1997-04-21,-0.3404811024665832,-1.554060935974121,-1.6672475337982178,-0.6796424388885498,-2.420628786087036,-1.6762584447860718
1998-10-02,-2.1792690753936768,-0.8501999378204346,0.1940461546182632,0.9126240015029908,-0.6150376200675964,-0.86353600025177
